customer_id,churn_probability,risk_tier,monthly_fee,revenue_at_risk,recommended_action,key_factor,subscription_type,engagement_segment,region,age,churned
a9b75100-82a8-427a-a208-72f24052884a,0.9957756264164346,High,8.99,107.42427457780497,Offer targeted discount / personalized content,Stable usage,Basic,Medium,Africa,51,1
49a5dfd9-7e69-4022-a6ad-0a1b9767fb5b,0.9954527380330376,High,13.99,167.11660566098635,Offer targeted discount / personalized content,Low engagement,Standard,Low,Europe,47,1
4d71f6ce-fca9-4ff7-8afa-197ac24de14b,0.007493451089587022,Low,13.99,1.2580005689198692,Maintain engagement / loyalty rewards,Higher plan cost,Standard,High,Asia,27,0
d3c72c38-631b-4f9e-8a0e-de103cad1a7d,0.9961209504635129,High,17.99,215.04259078606316,Offer targeted discount / personalized content,Higher plan cost,Premium,Medium,Oceania,53,1
4e265c34-103a-4dbb-9553-76c9aa47e946,0.996139340584743,High,13.99,167.23187249736665,Offer targeted discount / personalized content,Low engagement,Standard,Low,Africa,56,1
d8079475-5be7-47e9-8782-ceb7ff61395e,0.007491148531778599,Low,13.99,1.2576140155149913,Maintain engagement / loyalty rewards,Higher plan cost,Standard,Medium,Oceania,58,0
8e63450a-13d6-4e83-bbb5-6aebde9152cb,0.007494546542798487,Low,8.99,0.8085116810371008,Maintain engagement / loyalty rewards,Stable usage,Basic,High,Asia,48,0
02387681-8c42-462a-807a-de0168c73b38,0.9961420295404849,High,8.99,107.46380214682753,Offer targeted discount / personalized content,Low recent activity,Basic,Medium,Europe,51,1
0bcaad0c-545c-4ee1-85a6-75e165f39361,0.007490803707783475,Low,8.99,0.8081079039956812,Maintain engagement / loyalty rewards,Stable usage,Basic,High,Asia,45,0
eae6439e-8cdf-4258-ab49-c493925b927a,0.9961416911497046,High,17.99,215.0470682853982,Offer targeted discount / personalized content,Low engagement,Premium,Low,Europe,32,1
45a03ce3-26d0-4cd5-a9bd-22d42490b612,0.008501327416926469,Low,17.99,1.835266562766086,Maintain engagement / loyalty rewards,Higher plan cost,Premium,Medium,Asia,26,0
9df43ad1-d6ee-44d0-a79b-c8ab444f10bf,0.007502916551617669,Low,13.99,1.2595896306855745,Maintain engagement / loyalty rewards,Higher plan cost,Standard,High,South America,28,0
4690bf9c-b828-44d3-bdb6-f91b10668288,0.00935968063683391,Low,13.99,1.571303185311677,Maintain engagement / loyalty rewards,Higher plan cost,Standard,Medium,South America,47,0
0aac0e54-7d40-4cf2-abe4-45f3ff73f5ff,0.9961416590340091,High,8.99,107.46376217658892,Offer targeted discount / personalized content,Stable usage,Basic,Low,South America,49,1
e2a75072-5f48-47ed-a533-eb1b0301aad9,0.0076764170988738835,Low,8.99,0.8281318766265147,Maintain engagement / loyalty rewards,Stable usage,Basic,High,Oceania,39,0
25db8257-f409-4acd-81f8-99629fbf15a0,0.007508927429671705,Low,17.99,1.6210272535175274,Maintain engagement / loyalty rewards,Higher plan cost,Premium,High,South America,32,0
bf48551e-a8e6-4fd9-bb32-3f798ed84680,0.9958631750389003,High,17.99,214.98694222739778,Offer targeted discount / personalized content,Low engagement,Premium,Low,Europe,46,1
3819aaed-bed6-49c8-ab53-0fd9d917e4e1,0.9961374826955552,High,13.99,167.23156059492982,Offer targeted discount / personalized content,Higher plan cost,Standard,Medium,Africa,48,1
e2f28860-44e4-4fc2-a445-014332e7fb11,0.008039059678164482,Low,17.99,1.7354722033221481,Maintain engagement / loyalty rewards,Higher plan cost,Premium,Medium,Oceania,68,0
a088d61d-be5a-409e-b943-73b145b358d1,0.007495836158368007,Low,13.99,1.258400974266821,Maintain engagement / loyalty rewards,Higher plan cost,Standard,High,South America,21,0
109cc416-0a22-4c41-93e9-2c7dd24ddd3f,0.007549058578852806,Low,8.99,0.8143924394866406,Maintain engagement / loyalty rewards,Stable usage,Basic,High,Oceania,60,0
a8c8dcff-92d3-4a79-849d-42c6e6bbc7bc,0.9958142508023606,High,17.99,214.97638046321362,Offer targeted discount / personalized content,Low recent activity,Premium,Low,Europe,70,1
8071c1be-1197-49a1-aa75-5fb6a6b3087a,0.0076207173981407165,Low,13.99,1.2793660367998636,Maintain engagement / loyalty rewards,Higher plan cost,Standard,High,South America,53,0
98b7c57d-1094-45dd-bb45-d9bb8dff9b83,0.007489522921596055,Low,13.99,1.2573411080775458,Maintain engagement / loyalty rewards,Higher plan cost,Standard,High,Oceania,36,0
18be905c-203f-4de2-8e78-ef10061fc57f,0.007532394920267305,Low,8.99,0.8125947639984368,Maintain engagement / loyalty rewards,Stable usage,Basic,High,Asia,55,0
b7c1bdad-cafb-4586-a15d-fc9ff30a8115,0.007492653143172523,Low,13.99,1.257866609675803,Maintain engagement / loyalty rewards,Higher plan cost,Standard,High,Oceania,45,0
6e061f35-b1b5-4efe-9e37-f40a14d929b1,0.00809100576331862,Low,17.99,1.7466863241852235,Maintain engagement / loyalty rewards,Higher plan cost,Premium,Medium,Africa,24,0
8c2d377b-f6ec-44b5-ae08-3660c4358a93,0.9961414274827174,High,17.99,215.047011364969,Offer targeted discount / personalized content,Low recent activity,Premium,Low,North America,30,1
afcc5c55-a3d8-4e2f-ab95-3d34f5e0390d,0.99600493312645,High,8.99,107.44901218568143,Offer targeted discount / personalized content,Low recent activity,Basic,Medium,Oceania,69,1
2211b077-0300-4e0c-834c-e7751a45eb96,0.9961359745775861,High,13.99,167.23130741208516,Offer targeted discount / personalized content,Low recent activity,Standard,Medium,Africa,47,1
8d755725-4f16-4006-bdae-fa3dc9fa2579,0.0075081035990102445,Low,13.99,1.26046043220184,Maintain engagement / loyalty rewards,Higher plan cost,Standard,Medium,Asia,49,0
c39a5943-fe7c-46ec-8d3c-2a24ab46733b,0.9961228029141287,High,13.99,167.22909615322394,Offer targeted discount / personalized content,Low engagement,Standard,Low,Oceania,67,1
e62d9bc8-dab9-42e0-b6b2-e8d076fe843b,0.9959684343001444,High,17.99,215.00966559671517,Offer targeted discount / personalized content,Higher plan cost,Premium,Medium,Africa,23,1
7a89d8b6-28ec-4b0c-9d3b-88e0a5119e3b,0.010750954454320411,Low,8.99,1.159812966532086,Maintain engagement / loyalty rewards,Stable usage,Basic,High,Oceania,67,0
c8648f0f-0b92-4445-a3a7-5c48711cbc07,0.9961420425439137,High,17.99,215.04714414438007,Offer targeted discount / personalized content,Low engagement,Premium,Low,South America,57,1
ebe928a7-de65-4567-b349-06056b35e6a6,0.007491633314479851,Low,13.99,1.2576954008348775,Maintain engagement / loyalty rewards,Low recent activity,Standard,Medium,North America,55,0
8b3597af-7da9-405d-9815-60d1e4dbe2e5,0.007487642592225986,Low,13.99,1.2570254383828985,Maintain engagement / loyalty rewards,Higher plan cost,Standard,High,Europe,35,0
839ec473-5f41-4a8b-955a-ec14b3a9cad4,0.995884801516735,High,13.99,167.18914047862947,Offer targeted discount / personalized content,Higher plan cost,Standard,Medium,Asia,22,1
cdf4012d-14b0-41d5-ab40-cc6627fe1e3b,0.9960192357215079,High,17.99,215.0206326075591,Offer targeted discount / personalized content,Low recent activity,Premium,Medium,North America,34,1
aa97d1a3-c4ad-4c76-bd2a-56f1b46a753c,0.008853280563165405,Low,13.99,1.4862887409442083,Maintain engagement / loyalty rewards,Higher plan cost,Standard,High,Asia,19,0
6ead42f9-86d8-4c66-b2fc-3d791323186d,0.007492040519536424,Low,17.99,1.617381707357523,Maintain engagement / loyalty rewards,Higher plan cost,Premium,High,South America,25,0
9235d289-6d46-46ba-a48a-1cf4ea18b599,0.007951854297273128,Low,17.99,1.7166463056953227,Maintain engagement / loyalty rewards,Low engagement,Premium,Low,North America,49,0
20529e32-d3e7-4cfc-8210-b6468cdbe2a4,0.9960448901320905,High,17.99,215.02617088171567,Offer targeted discount / personalized content,Higher plan cost,Premium,Low,Europe,55,1
bfe7729e-7d5d-4850-b496-51e891158836,0.9958460504787485,High,8.99,107.43187192564739,Offer targeted discount / personalized content,Stable usage,Basic,Low,Africa,36,1
783c7652-37b8-4be0-b8bc-fb51bd4b5578,0.0075007435141232065,Low,17.99,1.6192605098289177,Maintain engagement / loyalty rewards,Low recent activity,Premium,High,Oceania,27,0
2117b36a-9e3e-4077-ac5b-03540bb38461,0.9961420846674931,High,13.99,167.23233317397876,Offer targeted discount / personalized content,Low recent activity,Standard,Low,Oceania,49,1
ceec2c10-9770-48d1-8366-344fa66195b1,0.007684015638612869,Low,8.99,0.8289516070935563,Maintain engagement / loyalty rewards,Stable usage,Basic,High,South America,54,0
854b2bfd-6773-413f-b385-02338fa3a316,0.9959206635332901,High,13.99,167.19516099396876,Offer targeted discount / personalized content,Low engagement,Standard,Low,North America,31,1
ee53be31-fb36-41d9-8eb2-1a4c1d976552,0.007486994542937222,Low,17.99,1.6162923819292876,Maintain engagement / loyalty rewards,Higher plan cost,Premium,High,South America,31,0
c9c8202c-992c-4e6c-b04f-0e2961ea87cc,0.007503258144487141,Low,8.99,0.8094514886272728,Maintain engagement / loyalty rewards,Stable usage,Basic,High,Europe,42,0
022f9c7a-8276-494a-8629-086ad5e81df1,0.007805293463240848,Low,17.99,1.6850067528444344,Maintain engagement / loyalty rewards,Higher plan cost,Premium,Medium,Europe,30,0
1a0f21b6-454a-4a22-88a8-5045b9d00fa4,0.007489206299115113,Low,13.99,1.257287953495445,Maintain engagement / loyalty rewards,Higher plan cost,Standard,High,North America,58,0
616199ed-33c4-4ff5-9450-251fc608d3a1,0.007498796304317268,Low,13.99,1.258897923568783,Maintain engagement / loyalty rewards,Higher plan cost,Standard,High,Africa,63,0
d1593b1d-ef59-4d4a-a169-5ff338b8baef,0.9961398980934332,High,13.99,167.23196609192559,Offer targeted discount / personalized content,Low engagement,Standard,Low,Asia,60,1
749b69f5-8a24-428a-880c-86057af2a485,0.9961263555720181,High,8.99,107.46211123910932,Offer targeted discount / personalized content,Stable usage,Basic,Medium,South America,66,1
a2eab47c-dc4c-427f-88f8-755051b303fb,0.9961410994385886,High,17.99,215.04694054680252,Offer targeted discount / personalized content,Low engagement,Premium,Low,South America,51,1
b313f39d-0675-4bef-9b10-573146872adf,0.0076358792322216915,Low,17.99,1.6484336086520188,Maintain engagement / loyalty rewards,Higher plan cost,Premium,Medium,Oceania,63,0
09a76bc9-4048-4403-8087-a31cdb16556e,0.007489718896643083,Low,8.99,0.8079908745698557,Maintain engagement / loyalty rewards,Stable usage,Basic,High,Oceania,31,0
af9b0f0d-9532-48f2-ad24-bf41faa164a6,0.9959951175490325,High,13.99,167.20766033413156,Offer targeted discount / personalized content,Low engagement,Standard,Low,North America,55,1
ec202012-e4bf-4b14-b5fe-4447d8cfb730,0.007487689360598705,Low,17.99,1.6164423791660483,Maintain engagement / loyalty rewards,Low recent activity,Premium,High,South America,38,0
8c78b61b-0d41-4470-ade0-3ed2e2b36c28,0.008025232919937236,Low,13.99,1.3472761025990632,Maintain engagement / loyalty rewards,Higher plan cost,Standard,High,North America,65,0
da57899f-77b4-4b23-bcab-700db438f6d1,0.9961409911619944,High,17.99,215.04691717205134,Offer targeted discount / personalized content,Low engagement,Premium,Low,Europe,43,1
361aff57-8a5f-4229-b4f5-f52544178dc7,0.9961327050945898,High,17.99,215.04512837582,Offer targeted discount / personalized content,Higher plan cost,Premium,Medium,North America,63,1
900034d1-e7de-4e99-914e-4ad863061834,0.01220035371225935,Low,13.99,2.0481953812140996,Maintain engagement / loyalty rewards,Higher plan cost,Standard,High,Africa,64,0
6082e011-4f6d-4acb-93f2-3bfefd532880,0.007509637319004126,Low,8.99,0.8101396739741651,Maintain engagement / loyalty rewards,Low recent activity,Basic,High,North America,58,0
4c7d404a-ebd5-4881-9fb5-302ad47f2fb8,0.9961405633603793,High,13.99,167.23207777694046,Offer targeted discount / personalized content,Low engagement,Standard,Low,Europe,31,1
33146637-8d6b-4a63-b0be-65c67a894825,0.9957185769671535,High,13.99,167.16123470124575,Offer targeted discount / personalized content,Higher plan cost,Standard,Medium,North America,62,1
746cea20-f12a-4b78-900d-fe19b5eaf91d,0.0074904733655043135,Low,13.99,1.2575006686008643,Maintain engagement / loyalty rewards,Higher plan cost,Standard,High,Oceania,35,0
44361538-0ea0-4b91-bef5-4c5af2dc15bd,0.0074903800125877135,Low,13.99,1.2574849965132255,Maintain engagement / loyalty rewards,Higher plan cost,Standard,High,Asia,34,0
05e8a643-0a5c-4413-ae75-a4dcdccf9c62,0.007499001360599847,Low,17.99,1.618884413726295,Maintain engagement / loyalty rewards,Higher plan cost,Premium,High,Oceania,65,0
85b74247-a98b-47b1-91ba-8b7db3c3662c,0.007539359361858265,Low,13.99,1.2657076496687656,Maintain engagement / loyalty rewards,Low recent activity,Standard,Medium,Europe,68,0
aaf3513b-97c7-46fa-b889-0d78c2ca0be7,0.007487923846258149,Low,13.99,1.2570726553098182,Maintain engagement / loyalty rewards,Higher plan cost,Standard,High,South America,46,0
62d2ca00-38a2-4f3b-a517-e212fb24e26e,0.9954939089486959,High,13.99,167.12351743430708,Offer targeted discount / personalized content,Higher plan cost,Standard,Medium,South America,62,1
005b6afc-cff9-432f-ae0e-265d9acb5a59,0.9959890218343942,High,17.99,215.01411003360897,Offer targeted discount / personalized content,Low recent activity,Premium,Low,South America,63,1
4dbbc3f7-6ede-48ad-bf36-84c7e9188e3c,0.0074958106780740105,Low,17.99,1.6181956091826173,Maintain engagement / loyalty rewards,Higher plan cost,Premium,High,Oceania,62,0
60559c1a-4093-4379-9e24-d2f033256395,0.007488037040985168,Low,8.99,0.80780943598148,Maintain engagement / loyalty rewards,Stable usage,Basic,High,South America,41,0
842cacde-7763-4505-bef1-538dedd13be7,0.007488487567745621,Low,17.99,1.6166146961249246,Maintain engagement / loyalty rewards,Higher plan cost,Premium,High,South America,27,0
73772dd0-a793-479a-a5fa-51423747291a,0.9961413710186292,High,8.99,107.46373110548973,Offer targeted discount / personalized content,Stable usage,Basic,Medium,North America,60,1
52aa9ac1-8625-4421-8d2c-3ed00cf83389,0.9960614881601175,High,17.99,215.02975406400617,Offer targeted discount / personalized content,Higher plan cost,Premium,Low,Asia,60,1
72452f35-f1ef-4881-a0f6-df6de0351844,0.9961030485011285,High,13.99,167.22577978236944,Offer targeted discount / personalized content,Low recent activity,Standard,Medium,Europe,58,1
fdf130c6-cd3c-434b-abbf-4645c8ca928d,0.008298185389884891,Low,13.99,1.3930993632538757,Maintain engagement / loyalty rewards,Higher plan cost,Standard,Low,Oceania,18,0
f3dd9f07-99ca-4425-8eaa-62f1a949e8b1,0.9958128241309876,High,17.99,214.9760724733976,Offer targeted discount / personalized content,Higher plan cost,Premium,Medium,Africa,48,1
f67b2663-cc48-4d48-a855-fc3e1e323a0f,0.007487652768999389,Low,13.99,1.2570271468596175,Maintain engagement / loyalty rewards,Higher plan cost,Standard,High,Oceania,26,0
da8c00ec-40b0-400a-90b6-ed24b0b37c89,0.007514196881548122,Low,17.99,1.6221648227886085,Maintain engagement / loyalty rewards,Higher plan cost,Premium,Medium,Asia,21,0
6be0b14c-eaea-4580-b845-457df93bb828,0.9961319105671647,High,8.99,107.46271051198572,Offer targeted discount / personalized content,Stable usage,Basic,Medium,Asia,46,1
134e6a09-9723-4652-9213-fbfecaa84377,0.008332728924308686,Low,17.99,1.798869520179759,Maintain engagement / loyalty rewards,Low engagement,Premium,Low,Europe,62,0
31563b13-7c8d-41c6-bdf2-6a1a554574cd,0.9959562065293808,High,13.99,167.20112795215243,Offer targeted discount / personalized content,Higher plan cost,Standard,Medium,Oceania,35,1
ce40f5f8-42ee-44e2-b754-bd3a626cf48d,0.9961052755563735,High,13.99,167.22615366040398,Offer targeted discount / personalized content,Higher plan cost,Standard,Medium,Europe,61,1
2682c90e-8e16-4cb6-88ae-1348cd5a62fb,0.007579534475836589,Low,8.99,0.8176801792532511,Maintain engagement / loyalty rewards,Stable usage,Basic,Medium,Asia,37,0
84cbf173-d71c-49cf-b015-0ea96838663a,0.007487377595732933,Low,13.99,1.256980950771645,Maintain engagement / loyalty rewards,Higher plan cost,Standard,High,Asia,46,0
55587cf4-5322-467e-8066-2ac35e023421,0.007490168038407711,Low,17.99,1.6169774761314564,Maintain engagement / loyalty rewards,Higher plan cost,Premium,High,Europe,41,0
72c5f29b-8e0a-4b81-99c2-6db14fd602a6,0.007489461541441029,Low,17.99,1.6168249575662894,Maintain engagement / loyalty rewards,Higher plan cost,Premium,High,Oceania,21,0
f1e8f248-727d-47f5-92da-d6f7610cfc5b,0.9959328762474,High,17.99,215.00198932428873,Offer targeted discount / personalized content,Low recent activity,Premium,Low,Oceania,55,1
1cb5c1a8-8724-4edc-8255-06b1152f5dea,0.9961111659414026,High,17.99,215.04047850342997,Offer targeted discount / personalized content,Higher plan cost,Premium,Medium,South America,64,1
72e27837-1995-4843-8284-fadf89a8cfe8,0.007489234981777659,Low,17.99,1.6167760478661608,Maintain engagement / loyalty rewards,Higher plan cost,Premium,High,North America,36,0
40e78b9f-b88b-4eb9-b6dd-f288901b072d,0.00748780686744098,Low,17.99,1.6164677465431585,Maintain engagement / loyalty rewards,Higher plan cost,Premium,High,Europe,67,0
c82cb034-7c20-47af-901e-91379d90a183,0.007491881165933374,Low,17.99,1.6173473061016965,Maintain engagement / loyalty rewards,Low recent activity,Premium,Medium,South America,23,0
6d9e258d-3110-475f-ac1c-1eba0f56b7e8,0.9961419991850106,High,8.99,107.46379887207894,Offer targeted discount / personalized content,Low engagement,Basic,Low,North America,19,1
a9661b26-d812-406e-a1e2-58f640879a0a,0.9961410834050893,High,17.99,215.0469370854907,Offer targeted discount / personalized content,Low engagement,Premium,Low,Africa,20,1
747d7b40-97b1-4207-923c-72d5c3e65343,0.9959923372839272,High,13.99,167.2071935832257,Offer targeted discount / personalized content,Low recent activity,Standard,Low,Europe,50,1
8ba94dad-4f0e-4aaf-b8d5-c8b4deb2195b,0.007495897735714777,Low,17.99,1.6182144031861059,Maintain engagement / loyalty rewards,Higher plan cost,Premium,High,South America,33,0
cd2fbe59-0226-47ac-83f9-3aad8fdd9fd1,0.9959809149642105,High,17.99,215.0123599224737,Offer targeted discount / personalized content,Low engagement,Premium,Low,Europe,31,1
e443c6b3-1d47-4274-b231-23f2ffe08dc9,0.0075096263253861175,Low,13.99,1.2607160675058213,Maintain engagement / loyalty rewards,Higher plan cost,Standard,Medium,Africa,20,0
7fdace55-3767-41d2-85d3-e43a5eddede6,0.0077106457326772525,Low,8.99,0.831824461641222,Maintain engagement / loyalty rewards,Stable usage,Basic,High,South America,18,0
85d2824e-34b3-4e81-8e27-d1426f49ae4b,0.00803661523324513,Low,17.99,1.7349444965529588,Maintain engagement / loyalty rewards,Higher plan cost,Premium,High,South America,31,0
4b1e6601-b97e-479b-b01c-5228f3c6681e,0.9961117348900104,High,17.99,215.0406013280554,Offer targeted discount / personalized content,Higher plan cost,Premium,Medium,Africa,47,1
fa19687b-872c-4163-a900-59f1b4098ed9,0.9961420993058671,High,8.99,107.46380967311694,Offer targeted discount / personalized content,Low recent activity,Basic,Low,Asia,49,1
90b17b2a-6b37-4913-acb5-70b9a7fb7400,0.007488238744195,Low,8.99,0.8078311957237567,Maintain engagement / loyalty rewards,Stable usage,Basic,High,Oceania,30,0
f2d0a49a-a99d-440c-8495-66a3e2e4d7f9,0.9961409405899939,High,8.99,107.46368467084855,Offer targeted discount / personalized content,Low engagement,Basic,Low,Asia,22,1
79f6a459-5e71-40e9-831a-8657ed6f160b,0.007491026181796925,Low,13.99,1.257593475400068,Maintain engagement / loyalty rewards,Higher plan cost,Standard,High,North America,61,0
fd3c898e-3bfd-453b-b00e-839eaf2dd443,0.008252552047856746,Low,17.99,1.781560936091314,Maintain engagement / loyalty rewards,Low recent activity,Premium,Medium,North America,59,0
d88332b4-4d6a-49a9-a74c-55a5d43f3785,0.007489554652177681,Low,17.99,1.6168450583121174,Maintain engagement / loyalty rewards,Higher plan cost,Premium,High,South America,42,0
ad1d5a11-4a28-49fe-ab0d-9d9708af9ae4,0.007494346791560758,Low,8.99,0.8084901318735745,Maintain engagement / loyalty rewards,Stable usage,Basic,High,North America,21,0
f5a0302a-6df7-4cad-b563-199ad2af75da,0.9961409461416645,High,8.99,107.46368526976276,Offer targeted discount / personalized content,Low engagement,Basic,Low,South America,35,1
2dab7db6-0652-42aa-9bbd-c685fadca648,0.007501187835136203,Low,8.99,0.8092281436544935,Maintain engagement / loyalty rewards,Stable usage,Basic,High,Africa,32,0
123f622f-26f1-431d-bc19-2219c6e7fc86,0.008468923518244926,Low,17.99,1.8282712091187143,Maintain engagement / loyalty rewards,Higher plan cost,Premium,High,Asia,65,0
4b9d865e-50f1-447e-8e49-89d2c6acd3b3,0.007853991992813286,Low,13.99,1.3185281757534946,Maintain engagement / loyalty rewards,Higher plan cost,Standard,Medium,Oceania,59,0
4891e3c6-f53b-45af-ad62-12572f687302,0.9961410830983312,High,8.99,107.46370004464796,Offer targeted discount / personalized content,Low recent activity,Basic,Low,Asia,70,1
2e3a45b3-b511-42dd-b3e3-e9ce9d182b7a,0.00823193793788549,Low,17.99,1.7771107620307194,Maintain engagement / loyalty rewards,Low recent activity,Premium,Low,North America,63,0
5519a119-ca14-4ca1-9518-40ab23d4ea93,0.007692968213343957,Low,8.99,0.8299174108555462,Maintain engagement / loyalty rewards,Stable usage,Basic,High,Europe,29,0
ccaded82-6e9b-4863-b165-cb90cb39fd26,0.995954204939958,High,8.99,107.44353962892268,Offer targeted discount / personalized content,Stable usage,Basic,Medium,North America,30,1
52c7f909-500a-4c6d-851d-e504c27ec859,0.9961418960007407,High,8.99,107.4637877405599,Offer targeted discount / personalized content,Stable usage,Basic,Low,South America,52,1
d019bb17-c284-4b18-b15e-a8625a16d93f,0.9961404700269425,High,13.99,167.2320621081231,Offer targeted discount / personalized content,Low engagement,Standard,Low,North America,49,1
efe01bcd-e159-4494-a1d3-6e8432a0c269,0.9959906316325862,High,13.99,167.20690723847858,Offer targeted discount / personalized content,Low engagement,Standard,Low,Europe,33,1
552fb14c-c171-4f05-895a-61d49233686b,0.9961416372598073,High,8.99,107.46375982758802,Offer targeted discount / personalized content,Low engagement,Basic,Low,Europe,22,1
99e08a07-d0de-46c9-997d-1fb9452bea46,0.9961407827924551,High,8.99,107.46366764765006,Offer targeted discount / personalized content,Low engagement,Basic,Low,South America,29,1
45291e8c-5116-4068-9168-545eecfaf691,0.996138566404327,High,13.99,167.2317425279584,Offer targeted discount / personalized content,Low engagement,Standard,Low,Europe,67,1
00477256-578d-4abd-8ed8-3a5e75539e7a,0.996142154157263,High,17.99,215.04716823946993,Offer targeted discount / personalized content,Low engagement,Premium,Low,South America,53,1
a8f0268f-cb07-4c40-9fde-dbe0f1c737fc,0.007487050380176527,Low,17.99,1.6163044360725085,Maintain engagement / loyalty rewards,Higher plan cost,Premium,High,North America,40,0
3b237337-1044-4e5d-a612-e1a9e5f6eb36,0.9960364406226574,High,17.99,215.0243468016193,Offer targeted discount / personalized content,Low engagement,Premium,Low,Europe,56,1
80e4a598-68b9-48e1-8bc0-4dbfa54d769e,0.007863695949685856,Low,8.99,0.8483355190521102,Maintain engagement / loyalty rewards,Low recent activity,Basic,High,South America,35,0
33563d42-7f51-405c-8328-8cd881128656,0.9955461576717998,High,8.99,107.39951948963375,Offer targeted discount / personalized content,Stable usage,Basic,Medium,Oceania,54,1
4949efaa-be29-41cc-a0ee-683eaa53f442,0.9960903914468959,High,8.99,107.45823142929113,Offer targeted discount / personalized content,Stable usage,Basic,Medium,Asia,19,1
4cea2a42-ffdf-49e0-a1c0-5a13b3bdffe3,0.9958625769951821,High,17.99,214.9868131217199,Offer targeted discount / personalized content,Low recent activity,Premium,Medium,Africa,28,1
e301bbbc-80e3-4e8a-9016-545ab980b0cf,0.9959628742374729,High,8.99,107.44447487273857,Offer targeted discount / personalized content,Low engagement,Basic,Low,Europe,19,1
5945dc09-1b5b-4511-ac0d-20135699628e,0.9961409302370763,High,8.99,107.46368355397578,Offer targeted discount / personalized content,Low recent activity,Basic,Low,Asia,34,1
69281385-44f2-48fb-abf2-dc483ee5be8b,0.007490870902898334,Low,17.99,1.6171292105176924,Maintain engagement / loyalty rewards,Higher plan cost,Premium,High,Asia,19,0
844f2522-32e3-4f44-a960-cd0c13881618,0.9961411870863884,High,8.99,107.46371126287958,Offer targeted discount / personalized content,Low engagement,Basic,Low,North America,45,1
8bc108d0-ddb9-4aa9-8c28-081008f38cb6,0.9961018147036842,High,8.99,107.45946377023344,Offer targeted discount / personalized content,Low engagement,Basic,Low,South America,50,1
7bb33e01-e208-48b0-9c0b-cd38833b1124,0.007513910799831658,Low,13.99,1.2614353450757387,Maintain engagement / loyalty rewards,Low recent activity,Standard,High,Africa,47,0
21f1a30f-ff82-424c-b085-7770795446c1,0.00749688756586672,Low,13.99,1.258577484557705,Maintain engagement / loyalty rewards,Higher plan cost,Standard,High,South America,40,0
5fa579a5-f777-4206-98c3-de5d03627c6c,0.007583633030531252,Low,13.99,1.2731403131655865,Maintain engagement / loyalty rewards,Higher plan cost,Standard,Medium,Oceania,41,0
ffdade4e-d794-42ce-a50d-25f0a5729e88,0.00749202651926664,Low,17.99,1.617378684979282,Maintain engagement / loyalty rewards,Higher plan cost,Premium,High,Europe,48,0
e8fda88a-2847-4cb4-b5a0-b7f0c3454405,0.996133879207046,High,13.99,167.23095564127888,Offer targeted discount / personalized content,Low engagement,Standard,Low,North America,67,1
e19a5270-f0e0-4586-8893-ca3fabdc2fc8,0.9954489544874454,High,8.99,107.38903321010561,Offer targeted discount / personalized content,Stable usage,Basic,Medium,South America,59,1
46fe1eb8-c6f9-4bd4-8a9a-d91919ed031a,0.995901454680666,High,13.99,167.19193621179022,Offer targeted discount / personalized content,Low recent activity,Standard,Medium,South America,60,1
6735d050-2af6-4030-b34f-9687ab1a8914,0.9961334189119582,High,8.99,107.46287323222205,Offer targeted discount / personalized content,Low engagement,Basic,Low,South America,33,1
629a11d7-4bd9-4698-b40f-8638ffd900c7,0.9961421343735795,High,8.99,107.46381345622176,Offer targeted discount / personalized content,Low recent activity,Basic,Low,Europe,24,1
39287652-cd55-45d3-99bc-5b4917558f5e,0.007494341489960231,Low,8.99,0.8084895599369097,Maintain engagement / loyalty rewards,Stable usage,Basic,High,North America,23,0
071f4ab9-b7c8-42b9-9571-dac40f75fe29,0.007487170677579725,Low,17.99,1.616330405875911,Maintain engagement / loyalty rewards,Higher plan cost,Premium,Medium,Europe,34,0
ebfb8aef-3cb5-40e2-9eed-15a73a544d43,0.007893302419925242,Low,17.99,1.7040061264134612,Maintain engagement / loyalty rewards,Higher plan cost,Premium,Medium,Asia,30,0
1ce9139b-2013-4a00-b77f-fbab1b020a00,0.9957322919545769,High,13.99,167.16353717333436,Offer targeted discount / personalized content,Higher plan cost,Standard,Medium,Europe,69,1
9fbdd1e9-64e2-41a4-8753-fb3412bea228,0.007490606692381943,Low,8.99,0.8080866499741639,Maintain engagement / loyalty rewards,Stable usage,Basic,High,North America,70,0
76d56597-dfb2-4223-845f-b8ff46b00ccd,0.9961412810141871,High,17.99,215.0469797453427,Offer targeted discount / personalized content,Low engagement,Premium,Low,Oceania,42,1
7da43629-4c0f-49ff-8bf2-047e7d6ff102,0.9961291924494073,High,17.99,215.04437006597806,Offer targeted discount / personalized content,Low recent activity,Premium,Medium,Asia,34,1
fb2804df-cb81-4735-a73b-15241d47b179,0.01568909268891517,Low,17.99,3.3869613296830066,Maintain engagement / loyalty rewards,Higher plan cost,Premium,Medium,South America,51,0
fd5c0b28-152d-47e2-bc46-c8db8eb99985,0.994596650215238,High,17.99,214.71352484846557,Offer targeted discount / personalized content,Higher plan cost,Premium,Medium,Africa,27,1
54ff35f5-4b7d-4740-a2b3-4755a628e79a,0.007488381670800565,Low,13.99,1.2571495148939988,Maintain engagement / loyalty rewards,Higher plan cost,Standard,High,Oceania,19,0
8af34fa6-55d3-4e2f-bb67-94d27ba89512,0.9960325346302635,High,13.99,167.21394191372866,Offer targeted discount / personalized content,Low recent activity,Standard,Medium,Oceania,18,1
4ab4899e-8602-4207-8d66-b1d0037f9061,0.9958882584104991,High,17.99,214.9923572256585,Offer targeted discount / personalized content,Higher plan cost,Premium,Medium,Europe,23,1
d0882378-87e1-4f8c-ae52-9b4c6650ed1d,0.9961290005566321,High,8.99,107.46239658004949,Offer targeted discount / personalized content,Stable usage,Basic,Medium,Europe,23,1
95506f85-ac7c-441f-9653-2ff87e09cf22,0.9959341051550993,High,17.99,215.0022546208828,Offer targeted discount / personalized content,Low recent activity,Premium,Low,Asia,50,1
78f24d23-96c3-46bf-a87a-fb61569fc00b,0.007967319257851956,Low,13.99,1.3375535570081865,Maintain engagement / loyalty rewards,Higher plan cost,Standard,Medium,Oceania,54,0
3d2a67b3-9cdb-4e45-9066-27e51d45cb66,0.9961415402239331,High,8.99,107.4637493593579,Offer targeted discount / personalized content,Stable usage,Basic,Medium,Africa,68,1
a8582720-4d1c-4377-8be1-a414bc51938d,0.9961413703845237,High,8.99,107.46373103708243,Offer targeted discount / personalized content,Low recent activity,Basic,Low,Europe,70,1
6ad7f0b7-91f7-4c49-9d03-085ce4845c8e,0.9959182210403833,High,8.99,107.43965768583655,Offer targeted discount / personalized content,Low recent activity,Basic,Medium,Europe,28,1
a9bb3c30-19d3-4f1c-ab31-2749363de6ca,0.007659671161254376,Low,13.99,1.2859055945513846,Maintain engagement / loyalty rewards,Low recent activity,Standard,High,South America,37,0
6517898e-2c6a-4f44-a25a-33272efdc08d,0.9960611707743541,High,17.99,215.02968554676755,Offer targeted discount / personalized content,Low recent activity,Premium,Medium,Europe,51,1
ce63b3cf-0d7a-499f-a1d7-5ee3a26a0257,0.007487144364880706,Low,17.99,1.6163247254904465,Maintain engagement / loyalty rewards,Higher plan cost,Premium,Medium,South America,18,0
5911a679-cdb3-4ccc-8ce8-491fb5a5f538,0.9954336526839341,High,8.99,107.38738245154283,Offer targeted discount / personalized content,Low recent activity,Basic,Medium,Asia,25,1
8f45c680-7d92-47c2-910e-2e4c69803700,0.007489089690255189,Low,8.99,0.8079229957847298,Maintain engagement / loyalty rewards,Stable usage,Basic,High,Oceania,33,0
9141433d-3463-435d-9b27-87d08766f03d,0.9959914238966021,High,17.99,215.01462859079845,Offer targeted discount / personalized content,Low engagement,Premium,Low,Africa,30,1
5131e34f-e327-4746-9132-241d79255ecc,0.007860163861418116,Low,17.99,1.6968521744029426,Maintain engagement / loyalty rewards,Low recent activity,Premium,Medium,Africa,22,0
8a93c9a8-86d1-4fb8-9f0f-89ff6671601a,0.007492401282430986,Low,8.99,0.8082802503486548,Maintain engagement / loyalty rewards,Stable usage,Basic,High,Oceania,40,0
61e92891-b875-4291-8e37-00d10b069367,0.007494783108939226,Low,17.99,1.6179737775578,Maintain engagement / loyalty rewards,Low recent activity,Premium,High,Oceania,44,0
c96e98a2-6211-4466-9096-6c389ef0143a,0.008825228029337249,Low,8.99,0.9520655998049024,Maintain engagement / loyalty rewards,Stable usage,Basic,High,Africa,68,0
dd0dd66b-b4e4-4077-b128-50039b87c68f,0.00748958140171675,Low,8.99,0.8079760416172029,Maintain engagement / loyalty rewards,Stable usage,Basic,High,Oceania,24,0
9945eeb5-7747-4c17-a171-35bfde1b29ff,0.9961421822878955,High,13.99,167.23234956249192,Offer targeted discount / personalized content,Low recent activity,Standard,Low,South America,34,1
e3e9c377-2cb7-4ec4-a85a-f59b9e6f298d,0.9961321047996956,High,8.99,107.46273146579117,Offer targeted discount / personalized content,Low engagement,Basic,Low,South America,62,1
01bcc59b-2ffe-4146-9c55-05195c1bfd4f,0.008133939715950052,Low,13.99,1.365525799513695,Maintain engagement / loyalty rewards,Low recent activity,Standard,Low,Asia,29,0
66ee8b3e-54d4-47b0-9bdf-a9830a3be6f0,0.9961421457275741,High,8.99,107.4638146810907,Offer targeted discount / personalized content,Low recent activity,Basic,Low,North America,62,1
042c6d84-17fa-4c97-a537-dcc1ebfc9b19,0.996104917774673,High,17.99,215.0391296491964,Offer targeted discount / personalized content,Higher plan cost,Premium,Medium,South America,20,1
37bf780f-45c1-471c-8158-9f211fbf9e0a,0.007509647412193417,Low,13.99,1.2607196075590308,Maintain engagement / loyalty rewards,Higher plan cost,Standard,Medium,Asia,60,0
57bea9bb-8e3b-4a70-831b-89ec71163a30,0.0074869953762421075,Low,13.99,1.2569167837635251,Maintain engagement / loyalty rewards,Higher plan cost,Standard,High,Africa,25,0
ea197301-ecc0-4b24-b3f2-f9c7aa3efccf,0.007701428825593724,Low,13.99,1.2929158712406743,Maintain engagement / loyalty rewards,Higher plan cost,Standard,Medium,North America,57,0
31dab47e-d021-4d4b-8284-98460539ef0a,0.9959330213452091,High,13.99,167.1972356234337,Offer targeted discount / personalized content,Low recent activity,Standard,Low,Africa,47,1
339bd217-4512-4fce-8e0f-a8ee2938f548,0.007506278484291748,Low,8.99,0.8097773228853937,Maintain engagement / loyalty rewards,Stable usage,Basic,High,North America,54,0
e4696783-b60d-40f9-8556-b6aaca0439bb,0.0074882390406140874,Low,13.99,1.257125570138293,Maintain engagement / loyalty rewards,Higher plan cost,Standard,High,North America,34,0
6131b5ac-7daf-4a54-9f44-63fe0fcca85f,0.9961377140011844,High,13.99,167.23159942651884,Offer targeted discount / personalized content,Higher plan cost,Standard,Medium,Asia,52,1
c81ba12a-e438-42fc-9d0a-045fb8a0e87a,0.9961412172967664,High,17.99,215.0469659900259,Offer targeted discount / personalized content,Low recent activity,Premium,Low,Asia,53,1
d9706e06-14bf-475c-aeb6-1eaaf5a3dd1b,0.008114133622809558,Low,17.99,1.7516791664921274,Maintain engagement / loyalty rewards,Low recent activity,Premium,Medium,North America,68,0
db2af8cb-89e8-4d68-b1b4-6620a2d5d041,0.007546949715527931,Low,17.99,1.6292355045881695,Maintain engagement / loyalty rewards,Higher plan cost,Premium,High,North America,68,0
b84c61be-3dbf-4706-9ac0-bf2c77b54dde,0.9961077324504324,High,13.99,167.22656612377858,Offer targeted discount / personalized content,Higher plan cost,Standard,Medium,North America,55,1
29c66269-9ffd-4c33-a193-ce878aadd03e,0.9961410784495242,High,8.99,107.46369954313467,Offer targeted discount / personalized content,Low recent activity,Basic,Medium,North America,31,1
5515be5c-4926-4e19-abbf-6f2f6c8da2ac,0.007494285007159887,Low,13.99,1.2581405670020018,Maintain engagement / loyalty rewards,Higher plan cost,Standard,High,South America,30,0
65967ad4-dae6-45d3-9af8-3897eed4bdfb,0.9960601866397619,High,17.99,215.02947309179177,Offer targeted discount / personalized content,Low engagement,Premium,Low,South America,56,1
ac2f51d0-0824-4f84-b2cd-ab20ec04b858,0.9958070599380205,High,8.99,107.42766562611367,Offer targeted discount / personalized content,Low recent activity,Basic,Medium,Europe,44,1
f1c3c48d-f3d2-4d85-a8c3-f1a96eaacad9,0.007488346848888003,Low,13.99,1.257143668991318,Maintain engagement / loyalty rewards,Higher plan cost,Standard,High,Africa,64,0
2986574c-65fa-40e8-ae90-3c745b045804,0.9961415063196716,High,8.99,107.46374570176616,Offer targeted discount / personalized content,Low recent activity,Basic,Low,South America,42,1
533ad58f-7675-4e1f-8a7b-27f64e6ac546,0.007498168690012083,Low,17.99,1.6187046567998085,Maintain engagement / loyalty rewards,Higher plan cost,Premium,High,Oceania,18,0
bf84e8d8-05ec-42a0-acea-ef18118399c7,0.007494729492844623,Low,8.99,0.808531417688078,Maintain engagement / loyalty rewards,Stable usage,Basic,High,Asia,56,0
ec781d62-dcea-497b-a9e4-c17263747c67,0.007487099374209263,Low,17.99,1.6163150129042956,Maintain engagement / loyalty rewards,Higher plan cost,Premium,High,North America,23,0
8b81a984-02e2-48aa-9ff5-5f1868dcf643,0.007501758226920159,Low,8.99,0.8092896775201468,Maintain engagement / loyalty rewards,Stable usage,Basic,High,South America,23,0
56406333-657b-4c54-8abd-6493fcfb3683,0.007489895853546963,Low,17.99,1.6169187168637182,Maintain engagement / loyalty rewards,Higher plan cost,Premium,High,Asia,65,0
7ce062a1-89ad-45c1-a25a-0b3b4ee4ec72,0.9961410373222328,High,8.99,107.46369510632246,Offer targeted discount / personalized content,Low recent activity,Basic,Low,South America,47,1
2febe28b-3c16-4efb-9188-1f37a1c01d82,0.007489168524238085,Low,17.99,1.6167617010125177,Maintain engagement / loyalty rewards,Higher plan cost,Premium,High,Asia,36,0
0480261e-6011-440b-862c-17eb4d5f183f,0.9959441109881381,High,17.99,215.00441468011923,Offer targeted discount / personalized content,Low engagement,Premium,Low,North America,54,1
5af996e6-33fe-477d-a99e-1c10776fda79,0.9958103660206659,High,13.99,167.17664424754938,Offer targeted discount / personalized content,Low engagement,Standard,Low,North America,56,1
dae2da1f-76cb-41c0-b04f-33dc860fcf32,0.007487741772150951,Low,17.99,1.6164536937719471,Maintain engagement / loyalty rewards,Higher plan cost,Premium,High,Oceania,34,0
9be09f8c-f7dc-49dd-8c6b-25c8f448d92f,0.9959682468186044,High,13.99,167.2031492759073,Offer targeted discount / personalized content,Low recent activity,Standard,Medium,Asia,70,1
a15b0804-4a6c-4410-b37f-a4986930e827,0.9961299173259686,High,8.99,107.46249548112549,Offer targeted discount / personalized content,Low engagement,Basic,Low,Africa,51,1
6354bb8b-9f9d-440d-bcaf-fb281e48866e,0.007582872881987168,Low,8.99,0.8180403265087758,Maintain engagement / loyalty rewards,Stable usage,Basic,High,Europe,57,0
c9c2f14e-1e0f-467a-90f5-e8512a867bf1,0.9961090269825345,High,8.99,107.46024183087582,Offer targeted discount / personalized content,Stable usage,Basic,Medium,North America,36,1
73b4ab33-132d-4c64-b52d-c9aa2e2f85d6,0.007488588775037141,Low,13.99,1.2571842835532352,Maintain engagement / loyalty rewards,Higher plan cost,Standard,High,Europe,67,0
a03703b4-96da-4fc9-ab23-dc087a013b7d,0.9961419182597023,High,13.99,167.23230523743882,Offer targeted discount / personalized content,Low recent activity,Standard,Low,Europe,66,1
8e10ed31-6232-49d2-9def-3cb40206c216,0.9961358243139331,High,8.99,107.46313272698711,Offer targeted discount / personalized content,Low engagement,Basic,Low,Asia,42,1
2c8412ce-38b1-4edd-9a05-23df72e6ec65,0.9961418566346101,High,13.99,167.23229489181833,Offer targeted discount / personalized content,Low engagement,Standard,Low,Africa,34,1
06d02ff5-4241-48cf-88cd-83e965c477fa,0.995975651218212,High,13.99,167.2043923265134,Offer targeted discount / personalized content,Low engagement,Standard,Low,Europe,49,1
feb1f73a-8cc1-44c9-a58e-83bc8d1fd127,0.9961362466962178,High,8.99,107.46317829358797,Offer targeted discount / personalized content,Low recent activity,Basic,Low,South America,66,1
8f511109-28d6-4502-bb4a-02a31d2fd9b1,0.9961184187345369,High,17.99,215.04204423641178,Offer targeted discount / personalized content,Higher plan cost,Premium,Medium,Oceania,24,1
908d1c29-96cd-4d12-9b7b-6f25c85d46ea,0.9961019247158912,High,17.99,215.03848350766657,Offer targeted discount / personalized content,Low engagement,Premium,Low,Europe,49,1
59b1d940-2563-4884-9944-87129d5a5399,0.9961418103979941,High,13.99,167.23228712961526,Offer targeted discount / personalized content,Low engagement,Standard,Low,Africa,65,1
a229903c-f733-4e37-8f53-26759271a27d,0.9961418811471855,High,13.99,167.23229900698948,Offer targeted discount / personalized content,Low engagement,Standard,Low,South America,52,1
ecd9a401-3be9-4ff9-8b82-7491e8de3376,0.9960565529269412,High,17.99,215.02868864586804,Offer targeted discount / personalized content,Low engagement,Premium,Low,Europe,61,1
82247ee5-3c0e-45db-b734-31cf92c63a7a,0.9961398958570353,High,13.99,167.2319657164791,Offer targeted discount / personalized content,Low recent activity,Standard,Low,Africa,50,1
8874bf6b-73ab-4361-9955-e6d678400a2f,0.0074869883480908365,Low,17.99,1.6162910445858496,Maintain engagement / loyalty rewards,Higher plan cost,Premium,High,Asia,56,0
41e580ba-a11a-416e-863f-d94f0fcb729e,0.007487967278661208,Low,17.99,1.6165023761173813,Maintain engagement / loyalty rewards,Higher plan cost,Premium,High,Asia,36,0
80304332-21c7-4123-9691-ec47680ef521,0.007487047399489595,Low,13.99,1.2569255174263132,Maintain engagement / loyalty rewards,Higher plan cost,Standard,High,Africa,40,0
e2bade9e-76ad-4e9c-b851-f15137431ca2,0.0076692276903894685,Low,17.99,1.6556328738012782,Maintain engagement / loyalty rewards,Higher plan cost,Premium,Medium,Europe,23,0
93991bdd-3b61-4167-ba40-807e3fc24cce,0.007495660221989909,Low,8.99,0.8086318247482713,Maintain engagement / loyalty rewards,Stable usage,Basic,High,Oceania,49,0
5b14b084-6bd2-4df4-b9c5-8839f9e9680a,0.9961418109214197,High,13.99,167.23228721748796,Offer targeted discount / personalized content,Low engagement,Standard,Low,Asia,68,1
10e3667e-01b2-4340-8f1e-f6eca396f00c,0.99614180714724,High,13.99,167.23228658387865,Offer targeted discount / personalized content,Low engagement,Standard,Low,Africa,52,1
ba539916-0de8-4f60-9b2f-fb07ba7f1193,0.9961376847547289,High,13.99,167.2315945166239,Offer targeted discount / personalized content,Low recent activity,Standard,Medium,South America,37,1
ae95f50e-1e2f-4f65-874d-0b6bc9427707,0.9961409335584666,High,8.99,107.46368391228737,Offer targeted discount / personalized content,Low engagement,Basic,Low,Europe,33,1
10fa7f05-3ce2-4829-bafa-78e5001ebaa0,0.00750409706194238,Low,17.99,1.6199844737321212,Maintain engagement / loyalty rewards,Higher plan cost,Premium,High,Oceania,26,0
c92450d6-b3fa-47a1-82ac-ebbf6f022eac,0.9953506644244312,High,8.99,107.37842967810765,Offer targeted discount / personalized content,Stable usage,Basic,Medium,Africa,37,1
bc58e790-61ad-438b-9059-67adee68af43,0.008042263536631447,Low,17.99,1.7361638522879965,Maintain engagement / loyalty rewards,Low recent activity,Premium,Medium,South America,36,0
a59003ca-fc14-4078-9ed4-d9dbf9d91826,0.007488619501770969,Low,17.99,1.6166431780423167,Maintain engagement / loyalty rewards,Higher plan cost,Premium,High,South America,61,0
075f3920-d7be-49de-b9a8-04ae797d2806,0.9961376343072631,High,8.99,107.46332798906754,Offer targeted discount / personalized content,Low engagement,Basic,Low,Europe,43,1
c562cd9e-2437-4343-afd8-740938a1b59b,0.9961358560971629,High,8.99,107.46313615576194,Offer targeted discount / personalized content,Low recent activity,Basic,Low,Europe,62,1
e85f81f9-f1c6-4db6-91b8-a68d9a225b14,0.007498297082601302,Low,17.99,1.6187323741919688,Maintain engagement / loyalty rewards,Low recent activity,Premium,High,Europe,70,0
95b61ee7-ccc7-4c12-b422-3518fa9a9de9,0.008253749026310637,Low,13.99,1.3856393865370298,Maintain engagement / loyalty rewards,Low recent activity,Standard,Low,Europe,34,0
9479a993-2027-4f6b-90c3-76082a333411,0.00755565462114696,Low,8.99,0.815104020529334,Maintain engagement / loyalty rewards,Low recent activity,Basic,High,Asia,38,0
258fb686-a114-48c9-b4d9-45d0e773064f,0.9961421648330686,High,8.99,107.46381674219144,Offer targeted discount / personalized content,Low recent activity,Basic,Low,Oceania,67,1
dc507aeb-ca76-409a-9ff8-09dd364e0754,0.007534340880336167,Low,17.99,1.6265135092469718,Maintain engagement / loyalty rewards,Higher plan cost,Premium,High,North America,39,0
ed01a482-affc-4e7f-a7b4-ff9fcde8024a,0.007813071314618846,Low,8.99,0.8428741334210812,Maintain engagement / loyalty rewards,Low recent activity,Basic,High,Europe,22,0
af94b7ff-2542-4364-b5fb-a71e0250ef2d,0.9961372852075906,High,17.99,215.04611713061462,Offer targeted discount / personalized content,Low engagement,Premium,Low,Europe,67,1
0e678d61-af68-4c15-8870-34aeb9e546de,0.007495135005426175,Low,13.99,1.2582832647109463,Maintain engagement / loyalty rewards,Higher plan cost,Standard,High,Africa,42,0
0507202b-60a0-4db0-9d84-d54696712eb1,0.007488677269530087,Low,17.99,1.616655648946155,Maintain engagement / loyalty rewards,Higher plan cost,Premium,High,Europe,32,0
613bfc9a-f30f-416c-802a-2aa9327cfa58,0.007487339885884894,Low,13.99,1.2569746200423562,Maintain engagement / loyalty rewards,Low recent activity,Standard,High,Asia,36,0
77cf8860-f7d9-4320-a1eb-c06c6b3941db,0.9958928012185698,High,17.99,214.99333792706483,Offer targeted discount / personalized content,Low recent activity,Premium,Low,Africa,35,1
fe5de36a-ab2a-40c9-9697-4578c5212b9e,0.0075040845401306445,Low,13.99,1.2597857125971328,Maintain engagement / loyalty rewards,Higher plan cost,Standard,Medium,South America,49,0
b512d943-7962-447f-9112-8ff4bf5b2767,0.007489310889793826,Low,8.99,0.8079468587909581,Maintain engagement / loyalty rewards,Stable usage,Basic,High,Africa,41,0
c91b0ee0-8912-4f6a-bad2-32747ee6e7b4,0.9959247017391176,High,8.99,107.44035682361601,Offer targeted discount / personalized content,Stable usage,Basic,Medium,South America,48,1
461b021e-97a5-486b-921b-6642c9d3e82a,0.9961169375825399,High,17.99,215.04172448531872,Offer targeted discount / personalized content,Low engagement,Premium,Low,Asia,34,1
ce433abe-57fd-4e3d-9342-2e73dfda078b,0.9961411525537199,High,17.99,215.04695201329704,Offer targeted discount / personalized content,Low recent activity,Premium,Low,Oceania,28,1
8c0e6937-e5a5-4e4b-80e6-734497960ec4,0.9961421066450182,High,8.99,107.46381046486458,Offer targeted discount / personalized content,Low engagement,Basic,Low,Europe,61,1
c6b0204e-436a-40a3-8de9-2f3a84d799b7,0.008034469975099132,Low,17.99,1.7344813782244006,Maintain engagement / loyalty rewards,Higher plan cost,Premium,Medium,Asia,23,0
7b0bee97-a383-498d-a1d0-2de7c824ce74,0.9961421047614373,High,17.99,215.04715757589906,Offer targeted discount / personalized content,Low recent activity,Premium,Low,South America,30,1
5ec455c9-3823-4034-b614-261b8e723d17,0.9961390997425479,High,8.99,107.46348608022606,Offer targeted discount / personalized content,Stable usage,Basic,Low,Africa,40,1
95613c6d-17d2-4b03-8c8b-9ebe03768f44,0.007552434075083816,Low,8.99,0.814756588020042,Maintain engagement / loyalty rewards,Stable usage,Basic,High,South America,18,0
8a88927d-a219-4bb5-8f16-acc4c3171dbf,0.0074910439992223994,Low,13.99,1.2575964665894563,Maintain engagement / loyalty rewards,Higher plan cost,Standard,High,Europe,47,0
d8da3b68-dfd2-48bb-8717-352605346780,0.9957576779012536,High,8.99,107.42233829198723,Offer targeted discount / personalized content,Low recent activity,Basic,Medium,Oceania,61,1
6627f98b-c514-4d31-9be0-73d1f859e0bc,0.996136021753984,High,13.99,167.23131533205884,Offer targeted discount / personalized content,Higher plan cost,Standard,Medium,Europe,50,1
c0361c14-77f2-4833-ae4a-4fe578223f75,0.9961419540840494,High,8.99,107.46379400658725,Offer targeted discount / personalized content,Low recent activity,Basic,Low,Europe,42,1
8ad4594c-beba-471b-abe6-8071694e4294,0.993266013212754,High,8.99,107.1535375053919,Offer targeted discount / personalized content,Stable usage,Basic,Medium,North America,60,1
2b408c37-307e-4e4b-aa9e-df26fd74e648,0.007638625972258022,Low,8.99,0.8240549698871955,Maintain engagement / loyalty rewards,Stable usage,Basic,High,Asia,46,0
b943a742-e530-4b1d-a717-b6f72c8eb0df,0.0078105205558649205,Low,17.99,1.686135177600119,Maintain engagement / loyalty rewards,Low recent activity,Premium,Medium,Europe,49,0
86ca5953-8687-4fd4-ad11-0d5d680458a8,0.9959837036744326,High,17.99,215.0129619492365,Offer targeted discount / personalized content,Low engagement,Premium,Low,Asia,63,1
1e06d863-a4c7-4967-8340-46c14cb445a0,0.9961388272487145,High,8.99,107.46345668359133,Offer targeted discount / personalized content,Stable usage,Basic,Medium,Asia,41,1
860a5a69-185b-4aef-8746-502864830574,0.9955821527218982,High,8.99,107.40340263563837,Offer targeted discount / personalized content,Stable usage,Basic,Medium,North America,63,1
fd6488c2-9e1f-4227-9498-0a49f3702153,0.007954661486948744,Low,13.99,1.335428570428955,Maintain engagement / loyalty rewards,Low recent activity,Standard,Medium,South America,33,0
0de32e81-bbd2-465d-a0bd-dc9981e9de95,0.9961413261284144,High,13.99,167.2322058304382,Offer targeted discount / personalized content,Low recent activity,Standard,Low,Oceania,51,1
d3d8842a-961b-4951-ad19-f2ce40f0bd6c,0.9961409483805624,High,13.99,167.23214241412882,Offer targeted discount / personalized content,Low engagement,Standard,Low,Africa,59,1
251b46dc-0342-44cf-8868-ac80695ec9df,0.996140264707081,High,13.99,167.23202763902475,Offer targeted discount / personalized content,Low recent activity,Standard,Low,South America,44,1
10b94520-29d7-4845-917f-98fd0a3bf3e7,0.007491733709697222,Low,17.99,1.6173154732494361,Maintain engagement / loyalty rewards,Higher plan cost,Premium,High,Oceania,22,0
c73edd98-948a-45a2-bf02-d8556d7771c1,0.9958013551456484,High,17.99,214.97359654884255,Offer targeted discount / personalized content,Higher plan cost,Premium,Medium,Oceania,25,1
15977af7-baf7-4922-ac0b-06541e0271d3,0.007883950368172483,Low,13.99,1.3235575878087964,Maintain engagement / loyalty rewards,Low recent activity,Standard,Medium,North America,26,0
3ca42ba1-9483-49c4-9da0-3261165ecb8e,0.007487634543807717,Low,17.99,1.6164305453172099,Maintain engagement / loyalty rewards,Higher plan cost,Premium,High,South America,51,0
14ab6691-c9c4-479d-b472-b54fad1ea99e,0.0074875005584782,Low,13.99,1.2570015937573202,Maintain engagement / loyalty rewards,Low recent activity,Standard,High,South America,46,0
32777b99-f320-4575-93f0-635af1cf0b43,0.008706481594392312,Low,17.99,1.8795552465974121,Maintain engagement / loyalty rewards,Low engagement,Premium,Low,South America,35,0
baee1593-6034-48d7-8a84-7486c56e1563,0.9959769523752996,High,17.99,215.01150447877964,Offer targeted discount / personalized content,Higher plan cost,Premium,Low,North America,50,1
b81c0235-959b-4e73-af06-1a55896f1693,0.9960154607554313,High,13.99,167.21107555162183,Offer targeted discount / personalized content,Higher plan cost,Standard,Medium,Asia,54,1
314e27f7-020f-48a3-8914-5c0b51f67d00,0.9961408614439253,High,13.99,167.2321278192062,Offer targeted discount / personalized content,Low engagement,Standard,Low,South America,27,1
cb507a43-512e-4dec-be49-2489ad065c20,0.007861120439408283,Low,17.99,1.69705868045946,Maintain engagement / loyalty rewards,Low engagement,Premium,Low,Africa,18,0
505fa98f-6743-4996-abac-4dfadbf39cef,0.99614004559841,High,8.99,107.46358811915647,Offer targeted discount / personalized content,Stable usage,Basic,Low,Europe,59,1
b7842c18-8a7c-427d-985c-190fa574149d,0.007487178868447178,Low,17.99,1.6163321741203764,Maintain engagement / loyalty rewards,Higher plan cost,Premium,Medium,Asia,37,0
51efc330-55c5-4b72-98ef-7bb6c3a82162,0.9959882898421949,High,17.99,215.01395201113303,Offer targeted discount / personalized content,Low recent activity,Premium,Low,Oceania,44,1
d798a26c-3ede-4a44-b16a-a49c50e8f053,0.007487040245768149,Low,13.99,1.256924316459557,Maintain engagement / loyalty rewards,Higher plan cost,Standard,High,North America,28,0
7b5ec85e-2ca0-4c16-a1d2-daa5e187fc5c,0.9961031932067692,High,17.99,215.03875734947735,Offer targeted discount / personalized content,Low recent activity,Premium,Low,Europe,23,1
10424d23-f638-4f9b-b107-3a3fc714ebdb,0.008521029661097437,Low,17.99,1.8395198832377146,Maintain engagement / loyalty rewards,Higher plan cost,Premium,Medium,Asia,58,0
318b785e-376e-47cc-bf21-95b314654f83,0.996140088453474,High,13.99,167.23199804956923,Offer targeted discount / personalized content,Low recent activity,Standard,Low,Europe,23,1
844f557e-b944-4ca0-aa50-1ce827d8bcb8,0.007487917898743363,Low,8.99,0.807796582916434,Maintain engagement / loyalty rewards,Stable usage,Basic,High,Africa,36,0
03e51425-ede3-4da6-9769-2ac43a43a6c8,0.06128099104428486,Low,8.99,6.610993313857451,Maintain engagement / loyalty rewards,Low recent activity,Basic,Medium,Asia,37,0
f18f3f06-7f7a-4860-8d04-5656e811782e,0.7940748125505425,High,8.99,85.66479077795253,Offer targeted discount / personalized content,Stable usage,Basic,High,North America,48,1
6abb7d1e-a927-4b88-a4f6-a995b5c42361,0.007492651409344802,Low,13.99,1.2578663186008054,Maintain engagement / loyalty rewards,Higher plan cost,Standard,High,Asia,23,0
3aabb525-5a7b-4668-af65-a641a594a772,0.9958592213694987,High,8.99,107.43329280134151,Offer targeted discount / personalized content,Low recent activity,Basic,Medium,Oceania,35,1
4cb69e88-ac09-4383-b583-af8ac1ed8aa7,0.99600367052747,High,17.99,215.0172723934702,Offer targeted discount / personalized content,Low recent activity,Premium,Medium,Europe,52,1
9eb4965a-d5d7-4223-abf2-4bc3205567d5,0.008298575535520318,Low,13.99,1.393164860903151,Maintain engagement / loyalty rewards,Higher plan cost,Standard,Medium,Asia,50,0
40c040fc-9b95-4b3b-871a-21ff700d0f77,0.007487092882946367,Low,17.99,1.6163136115704617,Maintain engagement / loyalty rewards,Higher plan cost,Premium,High,Asia,68,0
83a0d0df-f602-47a7-8f84-ff7b087eb234,0.9958441500216768,High,17.99,214.9828351066796,Offer targeted discount / personalized content,Low recent activity,Premium,Medium,South America,30,1
5226d599-736b-422f-bf60-186a26fdeaca,0.0074942689254303835,Low,8.99,0.8084817316754298,Maintain engagement / loyalty rewards,Stable usage,Basic,High,Asia,41,0
fa3df7a7-031b-4bc3-ad1c-12c10ebc05f7,0.9961387548617859,High,8.99,107.46344887448947,Offer targeted discount / personalized content,Stable usage,Basic,Medium,Europe,56,1
330da1e1-f14f-48b1-a950-169e4c02303d,0.9957118069277296,High,8.99,107.41738973136347,Offer targeted discount / personalized content,Low engagement,Basic,Low,Oceania,19,1
d9536bca-b67a-4e23-88b3-27208462b5f0,0.9960812228070708,High,13.99,167.22211568485105,Offer targeted discount / personalized content,Higher plan cost,Standard,Medium,Europe,32,1
503bb6a2-47c8-4dee-b381-3b5415ad89c9,0.013482117696112636,Low,8.99,1.4544508570566312,Maintain engagement / loyalty rewards,Stable usage,Basic,Medium,North America,60,0
ff0a52b7-4a72-4a00-b2b9-926f67c65a15,0.9961318918058257,High,8.99,107.46270848801248,Offer targeted discount / personalized content,Low engagement,Basic,Low,South America,52,1
97b76db8-4504-438b-b561-4b8c8976c938,0.996141126874506,High,17.99,215.04694646966834,Offer targeted discount / personalized content,Low engagement,Premium,Low,South America,70,1
f5194307-2cf2-4d42-a353-6ed0142b7dee,0.007489013335161482,Low,17.99,1.6167281987946605,Maintain engagement / loyalty rewards,Higher plan cost,Premium,High,South America,48,0
bb60c0f0-462a-411c-bd4a-be52a830f801,0.9961404574297225,High,17.99,215.04680194992847,Offer targeted discount / personalized content,Low engagement,Premium,Low,South America,49,1
2147d452-2d5c-4618-aaba-e7feb7d322f5,0.9961416353075941,High,8.99,107.46375961698325,Offer targeted discount / personalized content,Low engagement,Basic,Low,Europe,52,1
12f4c115-7090-47f6-9450-7f3c5b7ce2ee,0.007486999860415537,Low,13.99,1.2569175365665604,Maintain engagement / loyalty rewards,Higher plan cost,Standard,High,Europe,37,0
2f2b96aa-a4b0-47fd-8163-128e7da936ac,0.7704746659939576,High,8.99,83.11880696742816,Offer targeted discount / personalized content,Stable usage,Basic,High,South America,39,1
071580bb-2081-42f1-82d9-55d269964fed,0.9961415669468643,High,8.99,107.46375224222771,Offer targeted discount / personalized content,Stable usage,Basic,Low,Africa,70,1
49460bf3-2d1f-48a8-abca-b6af133f2803,0.00749239638295781,Low,8.99,0.8082797217934885,Maintain engagement / loyalty rewards,Stable usage,Basic,High,South America,68,0
1cddb6f1-fc2f-4e07-887b-e3703974af83,0.029295776863160917,Low,13.99,4.918175019787455,Maintain engagement / loyalty rewards,Higher plan cost,Standard,High,Asia,26,1
00ed9abb-99cc-4b26-bac4-eab742a14f5a,0.7026969739172829,High,17.99,151.69822272926302,Offer targeted discount / personalized content,Higher plan cost,Premium,Medium,Oceania,49,0
304e77f6-80f7-4820-affe-f288fb212762,0.9958863025782548,High,17.99,214.99193500059363,Offer targeted discount / personalized content,Low recent activity,Premium,Medium,North America,18,1
f1664406-d734-495d-8499-225258ceb44d,0.007545824153241451,Low,8.99,0.8140435096516878,Maintain engagement / loyalty rewards,Stable usage,Basic,High,South America,28,0
2e7f0f39-fa6e-4eb0-92de-1ec80999427b,0.9959242976055274,High,17.99,215.0001373670812,Offer targeted discount / personalized content,Low engagement,Premium,Low,Europe,57,1
6419436c-0144-4b48-a8be-7a43d909a91d,0.007505370881573388,Low,8.99,0.8096794107041372,Maintain engagement / loyalty rewards,Stable usage,Basic,High,Oceania,47,0
407bcc3b-fda7-46f1-ad86-4fb4b4d34e84,0.007487893747919419,Low,13.99,1.2570676024007121,Maintain engagement / loyalty rewards,Higher plan cost,Standard,High,Europe,18,0
0c7c7313-11c4-4127-86d9-7db7dbc296b3,0.9829247303847595,High,8.99,106.03791991390787,Offer targeted discount / personalized content,Stable usage,Basic,High,Oceania,48,1
fb18811c-c703-4f82-8119-20f4341d811e,0.00822533349218949,Low,17.99,1.7756849942938668,Maintain engagement / loyalty rewards,Higher plan cost,Premium,Low,Oceania,26,0
2ef8917f-008f-4cda-ac07-1c700c111afd,0.9961352047132896,High,8.99,107.4630658844697,Offer targeted discount / personalized content,Low engagement,Basic,Low,Asia,24,1
61e9d50e-dbe8-4e0c-99cc-cfd614f9da3c,0.007487889422304532,Low,13.99,1.257066876216485,Maintain engagement / loyalty rewards,Higher plan cost,Standard,High,North America,40,0
9eb92a08-3a88-47a8-93ed-717e041463d3,0.9921662762978691,High,8.99,107.03489788701413,Offer targeted discount / personalized content,Stable usage,Basic,Medium,North America,50,1
4ed3af39-edab-4a77-a166-978bd2fe04c3,0.007667735499183838,Low,8.99,0.8271953056519523,Maintain engagement / loyalty rewards,Stable usage,Basic,High,Oceania,49,0
7325ea2c-d50b-4cd1-aad0-245a0602f7ce,0.007490562378058907,Low,17.99,1.6170626061753568,Maintain engagement / loyalty rewards,Low recent activity,Premium,High,Africa,55,0
4e354ac7-0a8e-4e95-bea1-a9075202ef61,0.007487066157441551,Low,17.99,1.6163078420684818,Maintain engagement / loyalty rewards,Higher plan cost,Premium,High,Asia,20,0
4857b9de-1edb-4296-b3ad-7a33e68f0c85,0.9961302264869143,High,8.99,107.46252883340833,Offer targeted discount / personalized content,Stable usage,Basic,Medium,South America,31,1
d5092d9c-c22a-462c-ab30-88227da4a8bd,0.9960883660029672,High,17.99,215.03555645272056,Offer targeted discount / personalized content,Low engagement,Premium,Low,Oceania,66,1
cae4eb59-460f-4819-82ee-b5ac5de9a5bc,0.007575310463305751,Low,13.99,1.2717431205797696,Maintain engagement / loyalty rewards,Higher plan cost,Standard,High,Asia,58,0
45fae5a6-eb08-4eae-9ec0-d6530ad02310,0.9961418214248695,High,8.99,107.46377969531491,Offer targeted discount / personalized content,Low recent activity,Basic,Low,North America,54,1
aaf921c3-5870-4508-8814-a72e0cbd10ff,0.007500572614548588,Low,13.99,1.259196130530417,Maintain engagement / loyalty rewards,Higher plan cost,Standard,High,North America,40,0
fbf6539b-a9e0-4443-8cd2-46cc1f1c7f81,0.99586092245717,High,17.99,214.98645594005382,Offer targeted discount / personalized content,Low engagement,Premium,Low,Africa,56,1
a1683619-5cc2-49c0-9830-26abcf323125,0.007842049569403608,Low,13.99,1.3165232817114778,Maintain engagement / loyalty rewards,Low recent activity,Standard,Medium,Asia,34,0
8ead4768-c185-45ab-acc0-233037753cf4,0.008189906432152842,Low,17.99,1.7680370005731552,Maintain engagement / loyalty rewards,Higher plan cost,Premium,Medium,Asia,52,0
8ee6ec42-bc06-4390-b152-bbf1c1c0b165,0.008050714398646826,Low,13.99,1.3515539332448292,Maintain engagement / loyalty rewards,Low recent activity,Standard,Medium,Europe,45,0
9d59350b-6bf3-48ad-aa59-d0fc92f66475,0.007508461915564431,Low,17.99,1.620926758332049,Maintain engagement / loyalty rewards,Low recent activity,Premium,High,North America,66,0
463e5585-9dae-4c85-94fd-dd5c15096551,0.995866823411545,High,8.99,107.43411290963746,Offer targeted discount / personalized content,Stable usage,Basic,Medium,Oceania,49,1
0c8b427b-4b17-4656-9664-805fd9d79d94,0.9961407682805831,High,13.99,167.2321121789443,Offer targeted discount / personalized content,Low recent activity,Standard,Low,Asia,35,1
dba7977d-3e9b-444f-9130-e3cf2f18c821,0.996141034973672,High,13.99,167.23215695138006,Offer targeted discount / personalized content,Low recent activity,Standard,Low,Europe,65,1
57c2ede7-538e-4e16-88a3-fdbea0addc45,0.007497136329020371,Low,8.99,0.8087910671747176,Maintain engagement / loyalty rewards,Stable usage,Basic,High,Africa,64,0
d6cca673-966d-4c20-b758-19c3510c4219,0.0074871256012058515,Low,17.99,1.6163206747883192,Maintain engagement / loyalty rewards,Higher plan cost,Premium,High,North America,61,0
b525f0c4-903c-4313-b1b4-48e7c2ed21fa,0.00748701421037504,Low,17.99,1.6162966277357633,Maintain engagement / loyalty rewards,Higher plan cost,Premium,High,Africa,31,0
7aeed096-1bb8-48ca-9bbc-8961abcf5628,0.9960989444227939,High,13.99,167.22509078969864,Offer targeted discount / personalized content,Low recent activity,Standard,Medium,Oceania,56,1
066c1a91-ea7d-44ec-8d8a-0a7e16d61fad,0.00816275633809315,Low,13.99,1.3703635340390778,Maintain engagement / loyalty rewards,Higher plan cost,Standard,Medium,Asia,70,0
2d9b4222-589e-4c8d-b433-3b6f82c14e4c,0.007487061359085929,Low,13.99,1.2569278609633459,Maintain engagement / loyalty rewards,Higher plan cost,Standard,Medium,Africa,40,0
0bd9e2e0-5f3a-43af-a33e-9b91f849e3df,0.007513398815425667,Low,13.99,1.261349393133661,Maintain engagement / loyalty rewards,Higher plan cost,Standard,High,North America,63,0
f98dfba7-4659-4486-af51-c26bb5812dd7,0.007499854668786036,Low,13.99,1.2590756017957998,Maintain engagement / loyalty rewards,Higher plan cost,Standard,High,Oceania,56,0
136dea6e-2ef8-4543-8646-3a53ecf58c37,0.996142232244518,High,8.99,107.4638240145386,Offer targeted discount / personalized content,Low engagement,Basic,Low,Europe,64,1
54ba5a09-05cd-4a27-a689-3aacea4bc87a,0.00750306294922882,Low,13.99,1.2596142079165342,Maintain engagement / loyalty rewards,Higher plan cost,Standard,Medium,North America,18,0
dacb6f05-14d5-4f84-891e-c6498f9a27f2,0.00748928614908338,Low,13.99,1.2573013587081179,Maintain engagement / loyalty rewards,Higher plan cost,Standard,High,Europe,60,0
5ce52697-adf6-410e-9fa4-136a826020d3,0.9961405297067858,High,8.99,107.46364034476805,Offer targeted discount / personalized content,Low engagement,Basic,Low,Asia,18,1
73985dc8-731e-4899-93ad-a2fc6dd855b4,0.00777066962940316,Low,13.99,1.3045400173842026,Maintain engagement / loyalty rewards,Low recent activity,Standard,Medium,North America,32,0
65a8b79c-91b9-4e37-8db0-46d6eb08a523,0.007487189177081704,Low,17.99,1.6163343995483983,Maintain engagement / loyalty rewards,Higher plan cost,Premium,High,North America,34,0
54ac9d64-1c06-4c41-af42-cbde0c8b1fb4,0.00748805004270902,Low,13.99,1.2570938411699903,Maintain engagement / loyalty rewards,Higher plan cost,Standard,High,Oceania,64,0
126ecb5d-8652-497f-b5c4-c30d60a9baaa,0.9961388972407214,High,13.99,167.23179806877232,Offer targeted discount / personalized content,Higher plan cost,Standard,Medium,South America,22,1
182a0a12-73f2-430c-ace1-e771d0579b8d,0.9958543132552501,High,13.99,167.1840221092914,Offer targeted discount / personalized content,Low recent activity,Standard,Low,Asia,39,1
32fefe2e-b543-4afe-ad6e-c9a54d4b9a47,0.99614113822911,High,8.99,107.4637059921564,Offer targeted discount / personalized content,Low engagement,Basic,Low,North America,59,1
8a8873b4-5397-44ca-a433-9a870d6876bc,0.00748785024009449,Low,13.99,1.2570602983070631,Maintain engagement / loyalty rewards,Low recent activity,Standard,High,Oceania,68,0
a9b1e2d9-7f36-437e-a38b-9339999f2ae3,0.0074869711952552185,Low,13.99,1.256912724259446,Maintain engagement / loyalty rewards,Higher plan cost,Standard,High,Africa,38,0
fe70faa8-b5c5-4161-8dc8-d3e67b347bbe,0.008062412455432818,Low,17.99,1.7405136008788367,Maintain engagement / loyalty rewards,Higher plan cost,Premium,Medium,Europe,22,0
652a3ef0-a115-4f83-b5bf-451c62ada858,0.9961418980619964,High,17.99,215.04711295362375,Offer targeted discount / personalized content,Low recent activity,Premium,Low,Africa,41,1
335f4a66-cbce-4d08-affb-aa5c6d92ca89,0.0074886889694599805,Low,17.99,1.6166581747270206,Maintain engagement / loyalty rewards,Higher plan cost,Premium,High,Oceania,36,0
93ea1605-c19e-4faf-8ddb-cd2c4499908c,0.0075026985564604545,Low,13.99,1.2595530336585812,Maintain engagement / loyalty rewards,Higher plan cost,Standard,Medium,Africa,30,0
3fa39771-d81f-4b62-a45d-d864399ac4be,0.9961362842610297,High,13.99,167.23135940174168,Offer targeted discount / personalized content,Low engagement,Standard,Low,Europe,57,1
6701c268-e97f-46a1-891b-a5283d199258,0.9958303628499733,High,13.99,167.18000131525352,Offer targeted discount / personalized content,Higher plan cost,Standard,Medium,South America,54,1
e5b3a35a-183b-4048-9eea-11b59ae5ce5f,0.007487018027389966,Low,13.99,1.2569205864382276,Maintain engagement / loyalty rewards,Higher plan cost,Standard,High,South America,18,0
95e16d3f-1437-48a6-878c-5684ef5f409a,0.9949635292711468,High,13.99,167.03447729404013,Offer targeted discount / personalized content,Low engagement,Standard,Low,North America,46,1
d482d990-31c6-4a80-a9f3-f4bc26d671cf,0.9954131662789774,High,13.99,167.10996235491473,Offer targeted discount / personalized content,Low recent activity,Standard,Medium,Africa,38,1
ad31433b-096b-43e2-b67b-28aac9340c0c,0.9959238772277642,High,8.99,107.44026787533122,Offer targeted discount / personalized content,Stable usage,Basic,Medium,North America,48,1
6a16e21f-e800-42a9-9c0c-3ef09efe57d4,0.008124388723061295,Low,17.99,1.7538930375344721,Maintain engagement / loyalty rewards,Low recent activity,Premium,Medium,South America,25,0
5f976666-0c51-493a-9924-14a17c615b89,0.9961412634659151,High,17.99,215.04697595702174,Offer targeted discount / personalized content,Low engagement,Premium,Low,North America,31,1
c71d03ad-0974-4365-9d07-44c31a3dd2ca,0.007584409892392464,Low,8.99,0.8182061391912989,Maintain engagement / loyalty rewards,Stable usage,Basic,High,Europe,37,0
b8ca4f83-91e4-4913-bb2a-7af18b9df8a5,0.9961315792831238,High,8.99,107.46267477306338,Offer targeted discount / personalized content,Stable usage,Basic,Medium,Europe,57,1
09746f94-c065-41ac-aa70-2c6bd5645554,0.045131917437318744,Low,13.99,7.576746299377071,Maintain engagement / loyalty rewards,Low recent activity,Standard,Medium,Europe,70,0
efa03a02-4c30-4ef2-a7ea-5d5f76104688,0.9961418925021579,High,8.99,107.46378736313278,Offer targeted discount / personalized content,Low recent activity,Basic,Low,North America,65,1
b294bf19-b1f0-4b62-ba68-2b8d4d0bb572,0.013333000389288613,Low,17.99,2.8783281240396255,Maintain engagement / loyalty rewards,Low engagement,Premium,Low,Europe,44,0
676427ff-9d86-4bc4-98aa-4904e25ed3ed,0.007493572880153098,Low,17.99,1.6177125133674506,Maintain engagement / loyalty rewards,Higher plan cost,Premium,High,South America,47,0
0a12e979-14a5-4cd3-bb0f-28768f6a1163,0.0074907128684663146,Low,17.99,1.617095094044508,Maintain engagement / loyalty rewards,Higher plan cost,Premium,High,Africa,70,0
f27eb411-b0c4-4cad-8568-c071b05101d1,0.007487585946013603,Low,13.99,1.2570159286167637,Maintain engagement / loyalty rewards,Higher plan cost,Standard,High,Asia,55,0
090c334f-63fc-4946-92ad-a588a7600d25,0.9953939979948672,High,17.99,214.8856562871319,Offer targeted discount / personalized content,Higher plan cost,Premium,Medium,North America,46,1
06a94eb2-a132-4bd9-8737-99c282f2fcc5,0.9952345136472557,High,17.99,214.85122680616956,Offer targeted discount / personalized content,Low engagement,Premium,Low,Europe,68,1
5c758e8d-16b7-4015-a0fc-7bb34b34879d,0.007552681950898582,Low,8.99,0.814783328862939,Maintain engagement / loyalty rewards,Stable usage,Basic,High,Europe,36,0
00499449-d818-4965-b170-d6a300fca0fd,0.007926238884148036,Low,17.99,1.711116450309878,Maintain engagement / loyalty rewards,Higher plan cost,Premium,Medium,South America,65,0
1d186e14-fe68-41bb-abb3-cf5a3055bdd1,0.9959783100278262,High,17.99,215.0117975688071,Offer targeted discount / personalized content,Low recent activity,Premium,Medium,Oceania,50,1
d38dd14e-66f0-4a23-8c80-370b4f241ec1,0.007577753100600724,Low,8.99,0.8174880044928061,Maintain engagement / loyalty rewards,Stable usage,Basic,High,South America,38,0
aa838ade-266b-42a6-96eb-79d73ce1c63a,0.9961351090390325,High,17.99,215.04564733934632,Offer targeted discount / personalized content,Low recent activity,Premium,Medium,Oceania,26,1
1abd56c9-1fde-473b-89cd-f9d78879fc10,0.9961422303822058,High,8.99,107.46382381363236,Offer targeted discount / personalized content,Low recent activity,Basic,Low,Asia,45,1
d9b3c54f-401e-4ff5-83c5-66c369e26290,0.9954617797331359,High,17.99,214.90028900878934,Offer targeted discount / personalized content,Low engagement,Premium,Low,Asia,38,1
dd4567d9-cc06-4eed-bf3c-44042f1d4e6b,0.996139605538618,High,8.99,107.4635406455061,Offer targeted discount / personalized content,Stable usage,Basic,Medium,Oceania,41,1
dddfa932-69d3-48e0-81df-8c797829701a,0.9961402711820808,High,13.99,167.23202872604773,Offer targeted discount / personalized content,Low engagement,Standard,Low,Asia,70,1
5c49d257-0de5-4601-a2ec-ff29a72735ab,0.9961388001247584,High,17.99,215.04644417093283,Offer targeted discount / personalized content,Higher plan cost,Premium,Medium,Europe,43,1
b34037d6-c10b-4513-9969-2b2578c9e3a8,0.007596501430127035,Low,8.99,0.8195105742821046,Maintain engagement / loyalty rewards,Stable usage,Basic,High,Africa,42,0
31229975-3432-4e6f-9676-3ba672c58f6a,0.007501229793150632,Low,17.99,1.6193654877453585,Maintain engagement / loyalty rewards,Higher plan cost,Premium,High,Africa,48,0
6af6fe1b-f71f-4488-b5a0-749e5ffd0add,0.007489927486159972,Low,13.99,1.257409026376536,Maintain engagement / loyalty rewards,Higher plan cost,Standard,High,North America,67,0
b54f35bd-04b4-4772-bccc-c0914906efd2,0.9961400795673129,High,13.99,167.23199655776048,Offer targeted discount / personalized content,Low recent activity,Standard,Low,Africa,22,1
7169fc97-817c-4230-9aaf-514d20a0a711,0.0074873063503273826,Low,13.99,1.256968990092961,Maintain engagement / loyalty rewards,Low recent activity,Standard,High,Asia,33,0
b563fad3-459d-424f-b754-d7e38a922faa,0.007495320675825206,Low,17.99,1.6180898274971454,Maintain engagement / loyalty rewards,Higher plan cost,Premium,High,Europe,66,0
fbd31429-1b1e-4a66-bcb3-1c571dfe6cd3,0.008113195423931003,Low,13.99,1.3620432477695368,Maintain engagement / loyalty rewards,Higher plan cost,Standard,Medium,South America,58,0
6946db19-5d1e-450e-9112-2342b6ebb400,0.9960405615083966,High,13.99,167.21528946602962,Offer targeted discount / personalized content,Low recent activity,Standard,Medium,Asia,20,1
d16217df-4ad4-42ad-95da-3c3c95f09d2b,0.0075548387214600275,Low,17.99,1.6309385831887906,Maintain engagement / loyalty rewards,Higher plan cost,Premium,Medium,South America,49,0
b039fd18-e62f-4ab4-9bae-db1d0eb6872b,0.009819997112249143,Low,8.99,1.0593812884694376,Maintain engagement / loyalty rewards,Stable usage,Basic,Medium,North America,50,0
bed23ab3-6714-42a2-a245-7865f95bf8ed,0.007488184496040384,Low,17.99,1.6165492690051981,Maintain engagement / loyalty rewards,Higher plan cost,Premium,High,Africa,43,0
0e66bbc5-6d6d-400d-971e-7604323c6e5a,0.9956519577425595,High,8.99,107.41093320126733,Offer targeted discount / personalized content,Stable usage,Basic,Medium,Europe,65,1
f0f6032f-1fbc-4115-822e-f85a80af44ba,0.9961418166845716,High,17.99,215.0470953858653,Offer targeted discount / personalized content,Low recent activity,Premium,Low,Europe,61,1
a00452e6-6d9a-4b59-a93d-d52833512ece,0.9961370695932381,High,13.99,167.2314912433128,Offer targeted discount / personalized content,Higher plan cost,Standard,Medium,South America,32,1
a78cd558-abc4-4205-8f08-aac802c5d896,0.9961383274463079,High,8.99,107.4634027649077,Offer targeted discount / personalized content,Low engagement,Basic,Low,Oceania,31,1
7c183a33-34e5-4c0b-ad55-ffa5702d8d2e,0.008528494694336242,Low,17.99,1.8411314346133079,Maintain engagement / loyalty rewards,Higher plan cost,Premium,Medium,Europe,42,0
48892130-c90f-4efa-80dd-b26c5de70e6b,0.007488382924915665,Low,17.99,1.6165921058307935,Maintain engagement / loyalty rewards,Higher plan cost,Premium,High,Europe,69,0
d9268020-9d9f-4b1a-a284-87ee535bee3f,0.007490861198049202,Low,17.99,1.6171271154348617,Maintain engagement / loyalty rewards,Higher plan cost,Premium,High,Europe,65,0
7bbe4107-001f-4bc9-a9b0-c449d046f78b,0.009246799835324013,Low,17.99,1.9961991484497477,Maintain engagement / loyalty rewards,Low engagement,Premium,Low,Africa,44,0
e17a955b-011b-402a-9ee1-58470d595818,0.9961371833882138,High,8.99,107.4632793439205,Offer targeted discount / personalized content,Low engagement,Basic,Low,Asia,58,1
326aa08e-4b87-4552-ba4b-c12e33b9aadd,0.007539491513601002,Low,8.99,0.8133603444872761,Maintain engagement / loyalty rewards,Stable usage,Basic,Medium,Oceania,56,0
77998b87-1b1a-4e4d-bbdc-63bc7a33610b,0.00786715136184074,Low,17.99,1.6983606359941787,Maintain engagement / loyalty rewards,Higher plan cost,Premium,Medium,South America,40,0
0bc35530-60ff-4701-b4a4-82974657d4ab,0.007716992077410457,Low,17.99,1.6659442496713694,Maintain engagement / loyalty rewards,Higher plan cost,Premium,Medium,South America,25,0
cd662d41-5e22-45b1-a82a-b10b90503d2e,0.007495069081115402,Low,17.99,1.6180355132311928,Maintain engagement / loyalty rewards,Higher plan cost,Premium,High,North America,28,0
9c2ffacf-8752-49e0-ad2c-018b0373d9d3,0.007488062366959478,Low,17.99,1.6165229037792122,Maintain engagement / loyalty rewards,Higher plan cost,Premium,High,North America,36,0
4af19fec-91fd-4307-897a-8820d828d965,0.9961273582396052,High,8.99,107.46221940688861,Offer targeted discount / personalized content,Low engagement,Basic,Low,South America,33,1
09900f0a-9376-42db-9958-85c35349ccac,0.0074983309648830225,Low,13.99,1.2588198023845618,Maintain engagement / loyalty rewards,Higher plan cost,Standard,High,Oceania,21,0
2741a884-1629-4cc1-aedb-dd2e1b24bdeb,0.9961384465469912,High,13.99,167.23172240630888,Offer targeted discount / personalized content,Low engagement,Standard,Low,Africa,24,1
0fa0e024-38a5-4cdf-9595-628ca4218902,0.007487219790972621,Low,17.99,1.6163410084751695,Maintain engagement / loyalty rewards,Higher plan cost,Premium,Medium,Africa,68,0
1972b144-6f74-4774-87db-a6e90f56b0a3,0.9928747511167273,High,17.99,214.34180127107908,Offer targeted discount / personalized content,Low engagement,Premium,Low,Oceania,70,1
9bbc806a-c4c0-4de9-8e5e-4f8b28bfa209,0.0076889768817455465,Low,8.99,0.8294868260027095,Maintain engagement / loyalty rewards,Stable usage,Basic,Medium,North America,68,0
3484396b-3ad3-44fe-8288-9cd8fb629122,0.995678750065305,High,13.99,167.1545485609634,Offer targeted discount / personalized content,Higher plan cost,Standard,Medium,Africa,41,1
307992d3-bd88-4d61-8c0f-8131659b3076,0.0074870743985027645,Low,17.99,1.6163096211487766,Maintain engagement / loyalty rewards,Higher plan cost,Premium,High,Asia,58,0
1e6a3b73-f6dd-4bbb-aa8d-b0462877ce4f,0.99594647770348,High,13.99,167.19949467686024,Offer targeted discount / personalized content,Low recent activity,Standard,Low,Europe,38,1
5ad16f1b-83c8-45eb-b506-7a1baafdab4f,0.9961412661762502,High,8.99,107.46371979509388,Offer targeted discount / personalized content,Low recent activity,Basic,Low,Europe,33,1
f0432d3c-5c75-4cca-b27c-73f92ef194cb,0.007495990778600341,Low,17.99,1.6182344892842415,Maintain engagement / loyalty rewards,Higher plan cost,Premium,High,Oceania,19,0
8db6b22f-a49a-49a2-a991-901b21d61905,0.9961421767652567,High,8.99,107.46381802943591,Offer targeted discount / personalized content,Low recent activity,Basic,Low,Africa,65,1
eac73a53-f46d-4c9a-ab1e-def6c81b670e,0.00750685039352281,Low,13.99,1.2602500440646092,Maintain engagement / loyalty rewards,Higher plan cost,Standard,High,Africa,66,0
a17ade56-9ee7-4d41-8efd-659350776e44,0.9961397119085336,High,8.99,107.46355212069261,Offer targeted discount / personalized content,Low recent activity,Basic,Medium,North America,28,1
f81b3026-7189-46a6-8987-bca6172794b3,0.008455580257423892,Low,17.99,1.8253906659726697,Maintain engagement / loyalty rewards,Higher plan cost,Premium,Medium,Asia,66,0
b6f7895c-4a09-4e75-82cb-06baf8b2ef29,0.007714054287537728,Low,8.99,0.8321921765395701,Maintain engagement / loyalty rewards,Stable usage,Basic,High,North America,21,0
24fa2911-7aa9-42dd-88f8-c1f76ff94cba,0.9958658397525078,High,8.99,107.43400679250055,Offer targeted discount / personalized content,Stable usage,Basic,Medium,Europe,23,1
8f6dbb06-4191-4bd6-9147-d9507a3e863b,0.007487657259795491,Low,13.99,1.257027900774467,Maintain engagement / loyalty rewards,Higher plan cost,Standard,Medium,North America,30,0
03b2b19e-62cd-4c9e-a3ef-51cb27a687df,0.9961372895294758,High,8.99,107.46329079443984,Offer targeted discount / personalized content,Stable usage,Basic,Medium,Oceania,36,1
7afcacfb-38f5-4f28-89d6-93b00a26104c,0.007646527249985454,Low,17.99,1.6507323027268597,Maintain engagement / loyalty rewards,Low recent activity,Premium,High,Asia,32,0
4a62ea61-7fd3-4f73-9d0f-fea08b4087f7,0.007489837807958056,Low,13.99,1.2573939711999986,Maintain engagement / loyalty rewards,Higher plan cost,Standard,High,North America,18,0
05232fb1-bb8f-4e7e-a2fd-d7c0957a3fd0,0.9951993040758618,High,8.99,107.36210092370396,Offer targeted discount / personalized content,Stable usage,Basic,Medium,South America,40,1
6e8f06ec-bf9b-4aca-82c9-6dfbf5dc0d77,0.9961408719481423,High,13.99,167.23212958265412,Offer targeted discount / personalized content,Low engagement,Standard,Low,South America,28,1
9d09dcf2-0456-4e2b-903f-b9e4ccb40654,0.9959330855285176,High,17.99,215.00203450389637,Offer targeted discount / personalized content,Low recent activity,Premium,Low,Asia,32,1
15d5126a-b913-491a-ba7c-73ceca42478c,0.007492714633212399,Low,13.99,1.2578769326236976,Maintain engagement / loyalty rewards,Higher plan cost,Standard,High,North America,20,0
b48359e4-842d-4aeb-8bd5-9775186a9250,0.9957903196603551,High,17.99,214.97121420827744,Offer targeted discount / personalized content,Low recent activity,Premium,Medium,Africa,67,1
6bb29066-b9f3-4312-b7ed-07c422adda79,0.007487740094057909,Low,17.99,1.6164533315052212,Maintain engagement / loyalty rewards,Higher plan cost,Premium,High,Europe,31,0
35f0abfa-dfe5-4081-ae01-cece7e233dd1,0.9961408413256532,High,17.99,215.046884825382,Offer targeted discount / personalized content,Low engagement,Premium,Low,South America,19,1
60929da4-5915-4610-b737-ba4e7b7fab9a,0.9960081626903824,High,13.99,167.20985035246142,Offer targeted discount / personalized content,Higher plan cost,Standard,Medium,North America,47,1
5b71d159-108a-4bc4-ad12-604740c7b9f5,0.007491518959226522,Low,17.99,1.6172691129178216,Maintain engagement / loyalty rewards,Low recent activity,Premium,Medium,North America,28,0
2bcb1598-761e-4e79-bbb3-0a27ee8735ad,0.007511972319388048,Low,17.99,1.6216845843094916,Maintain engagement / loyalty rewards,Higher plan cost,Premium,Medium,Oceania,22,0
2c7c944e-7d27-409d-aef6-46659c0fb0c5,0.007502239164853282,Low,17.99,1.6195833909085264,Maintain engagement / loyalty rewards,Higher plan cost,Premium,High,North America,29,0
6bb3b410-ec41-4958-a6eb-a1109b526c2e,0.9961390191224414,High,8.99,107.46347738292897,Offer targeted discount / personalized content,Low engagement,Basic,Low,Europe,63,1
416a1fd1-5f6d-483d-9fb3-75c6e1f01afb,0.0075390577054795654,Low,17.99,1.6275317774589286,Maintain engagement / loyalty rewards,Higher plan cost,Premium,High,North America,42,0
980d0f2a-52e1-4525-94a6-0f04c19414cc,0.007509603492000705,Low,13.99,1.2607122342370785,Maintain engagement / loyalty rewards,Higher plan cost,Standard,High,North America,68,0
fa67e175-0a06-4309-b029-013aca420427,0.007497745634146583,Low,13.99,1.2587215370605283,Maintain engagement / loyalty rewards,Higher plan cost,Standard,High,Europe,48,0
bec1ae44-944b-454d-afbe-fd5358230b23,0.9961405026954498,High,17.99,215.04681172189368,Offer targeted discount / personalized content,Low recent activity,Premium,Low,Africa,45,1
52a46829-efc4-48f2-adbf-6a7da898af49,0.9961416343432647,High,13.99,167.2322575735473,Offer targeted discount / personalized content,Low recent activity,Standard,Low,Oceania,57,1
47e821d7-8960-4158-a530-812f1e4649a9,0.9961420558737226,High,8.99,107.4638049876572,Offer targeted discount / personalized content,Low engagement,Basic,Low,Europe,63,1
9a51ecb7-e23d-429f-b479-95a6d35fc07d,0.9961411426904678,High,17.99,215.0469498840182,Offer targeted discount / personalized content,Low engagement,Premium,Low,South America,32,1
943a4f59-f7b3-406d-90c3-4dfff002c6cc,0.007488153485004643,Low,13.99,1.2571112070625796,Maintain engagement / loyalty rewards,Higher plan cost,Standard,High,Asia,70,0
7519830f-3b2a-42c3-91c4-d440cec4edd4,0.007841493042924048,Low,13.99,1.316429852046089,Maintain engagement / loyalty rewards,Higher plan cost,Standard,High,Europe,48,0
eab381c2-b6d8-434b-bc0d-a8631c8c5dbe,0.9961420797801332,High,13.99,167.23233235348877,Offer targeted discount / personalized content,Low engagement,Standard,Low,Europe,66,1
8d11c2a7-db32-4ffa-bd30-00b65f83f249,0.008826159939067801,Low,13.99,1.4817357305707026,Maintain engagement / loyalty rewards,Low engagement,Standard,Low,North America,38,0
4ef7aca8-5f78-47ac-a29f-e5aba589a6f8,0.0074925243313795215,Low,17.99,1.617486152658211,Maintain engagement / loyalty rewards,Higher plan cost,Premium,High,Oceania,67,0
5629ff24-b786-4812-b0fd-bc82d7af1f45,0.007490629393055939,Low,17.99,1.6170770733729158,Maintain engagement / loyalty rewards,Higher plan cost,Premium,High,Europe,61,0
10bfc352-0f52-44e7-b086-16fb3b7c4834,0.007496110686688262,Low,17.99,1.618260375042262,Maintain engagement / loyalty rewards,Higher plan cost,Premium,High,North America,32,0
9440d961-076a-4e3b-bfd3-1faf6b67db3d,0.007551862529598374,Low,13.99,1.267806681468975,Maintain engagement / loyalty rewards,Higher plan cost,Standard,High,Oceania,23,0
ffaf5a8f-4a21-4263-b2e6-1661ea990c16,0.007487023637532041,Low,17.99,1.6162986628704168,Maintain engagement / loyalty rewards,Higher plan cost,Premium,High,Africa,30,0
ce6a5766-b2c1-47e6-b45e-950bdd6eb6ef,0.0075108570909678315,Low,17.99,1.6214438287981354,Maintain engagement / loyalty rewards,Higher plan cost,Premium,Medium,Oceania,23,0
b3be52ce-4170-4eac-b249-af6b1475451f,0.9960947018605039,High,13.99,167.2243785483414,Offer targeted discount / personalized content,Low engagement,Standard,Low,Asia,20,1
7d8f6a29-0e4d-47f5-8bb5-3b07c5ba02ef,0.007756567506474574,Low,8.99,0.8367785025984771,Maintain engagement / loyalty rewards,Stable usage,Basic,High,Africa,40,0
b7d9b624-c891-4639-87e9-a8eafacf6fc5,0.007512889484514297,Low,8.99,0.8104905175894024,Maintain engagement / loyalty rewards,Stable usage,Basic,High,Asia,28,0
c24a6c5a-5d0d-4590-be69-7316185ba76f,0.9961419692064029,High,8.99,107.46379563798675,Offer targeted discount / personalized content,Low recent activity,Basic,Medium,South America,24,1
bf0666fc-cc28-486c-8763-e4ae72e567bd,0.007489216419263764,Low,17.99,1.6167720405906614,Maintain engagement / loyalty rewards,Higher plan cost,Premium,High,Europe,54,0
05806200-9ba0-4323-adfd-4993ce054d36,0.007487210270689826,Low,13.99,1.256952860243408,Maintain engagement / loyalty rewards,Higher plan cost,Standard,Medium,South America,25,0
3eed3d0c-0ee6-4e81-8651-dd2585e2228e,0.007770050907629181,Low,8.99,0.838233091915036,Maintain engagement / loyalty rewards,Stable usage,Basic,High,North America,35,0
2e50b30b-57f0-4ab7-8aa0-7d1c90049955,0.996141751156066,High,8.99,107.46377211471639,Offer targeted discount / personalized content,Low recent activity,Basic,Low,Africa,30,1
801c7969-7d28-4e6b-8276-b4f92da9f3f6,0.00966766357057635,Low,8.99,1.0429475459937767,Maintain engagement / loyalty rewards,Stable usage,Basic,High,Asia,36,0
6298bd59-6893-401d-94e5-a69aa8b48d25,0.0075077973005420766,Low,13.99,1.260409010815004,Maintain engagement / loyalty rewards,Higher plan cost,Standard,High,South America,68,0
a0503463-95d6-4b99-87c3-f473b095717d,0.01077017256776569,Low,8.99,1.1618862166105626,Maintain engagement / loyalty rewards,Stable usage,Basic,High,South America,29,0
13477d55-06b1-4d0e-a170-4047512eb6c6,0.007487055285767347,Low,17.99,1.6163054950914546,Maintain engagement / loyalty rewards,Higher plan cost,Premium,High,Asia,39,0
f807418c-659b-40b0-9741-5045480e70d4,0.007487723319651629,Low,17.99,1.6164497102463935,Maintain engagement / loyalty rewards,Higher plan cost,Premium,High,Africa,61,0
35634eef-1966-4d15-992c-7486e67a53c4,0.9961409241733676,High,8.99,107.46368289982291,Offer targeted discount / personalized content,Low engagement,Basic,Low,Asia,56,1
da7b0235-ccf2-4fc3-8244-cfd2258370ec,0.293631847768995,Low,17.99,63.38924329637063,Maintain engagement / loyalty rewards,Low engagement,Premium,Low,North America,61,0
b27b7e7d-38bd-4baa-9fd2-cf2aae9c5bd5,0.007488189982649653,Low,8.99,0.8078259353282444,Maintain engagement / loyalty rewards,Stable usage,Basic,High,Europe,22,0
9fa9433e-9b38-4a44-9a82-5c6014630867,0.9961419963757414,High,8.99,107.46379856901498,Offer targeted discount / personalized content,Low recent activity,Basic,Low,South America,49,1
cf7bca4d-00b0-48ef-930e-f08e2422f3d0,0.0074897367842043,Low,17.99,1.6168843769740242,Maintain engagement / loyalty rewards,Higher plan cost,Premium,High,South America,21,0
a34a0408-ee59-4b6d-ac53-33dd131ba1f2,0.007722736749282202,Low,8.99,0.833128840512564,Maintain engagement / loyalty rewards,Stable usage,Basic,High,Europe,58,0
d38a661a-9fbe-4961-90d8-0e8100b13965,0.0074874865399661246,Low,17.99,1.6163985942478867,Maintain engagement / loyalty rewards,Low recent activity,Premium,High,Africa,59,0
f6655409-3486-469e-aa75-61a674188c36,0.9961419122992246,High,8.99,107.46378949884036,Offer targeted discount / personalized content,Low engagement,Basic,Low,South America,32,1
c08bf813-a733-48df-9388-00b25842fe2b,0.009173349107036682,Low,17.99,1.9803426052270787,Maintain engagement / loyalty rewards,Low engagement,Premium,Low,Africa,56,0
cc539484-c58e-4f2a-8d71-499afab22937,0.996141898313347,High,17.99,215.04711300788534,Offer targeted discount / personalized content,Low engagement,Premium,Low,Oceania,45,1
ece38646-24dc-4bb9-9aa4-c5f22592d6ad,0.00749502179721038,Low,17.99,1.6180253055817766,Maintain engagement / loyalty rewards,Low recent activity,Premium,Medium,Europe,66,0
727582cf-31c0-4f90-bfa3-931b71f80ea4,0.0075763417586699675,Low,17.99,1.6355806588616724,Maintain engagement / loyalty rewards,Higher plan cost,Premium,Medium,Africa,33,0
e2716bd9-d203-499c-8788-c8a7f8b192a9,0.007490652533721537,Low,17.99,1.617082068979805,Maintain engagement / loyalty rewards,Higher plan cost,Premium,High,Oceania,36,0
012128df-8b33-420d-89d1-4716b755bda8,0.9961379741167631,High,8.99,107.46336464771642,Offer targeted discount / personalized content,Stable usage,Basic,Low,South America,54,1
aaaf0816-0f3c-4a93-8bbc-ace15d6cf5db,0.007495473598918755,Low,13.99,1.2583401077864806,Maintain engagement / loyalty rewards,Higher plan cost,Standard,High,Asia,61,0
f3f3ef4b-6dfa-4504-a0df-68572435dd73,0.008176999418188178,Low,13.99,1.3727546623254312,Maintain engagement / loyalty rewards,Higher plan cost,Standard,Medium,Africa,53,0
3a6e044f-361e-4c4a-be44-67ce2b5fddd5,0.007963559551158642,Low,13.99,1.3369223774485128,Maintain engagement / loyalty rewards,Higher plan cost,Standard,Medium,Africa,55,0
12248975-1f7f-458f-b21e-c3a45986b4c0,0.9961258545152679,High,8.99,107.46205718510711,Offer targeted discount / personalized content,Stable usage,Basic,Medium,Asia,42,1
de73097b-d6cb-4862-9308-ed129859bccb,0.9960373129809147,High,17.99,215.02453512631985,Offer targeted discount / personalized content,Low recent activity,Premium,Medium,Europe,22,1
7c48c4cc-32c0-436b-aa5d-da2cb1509f93,0.9961333046386736,High,17.99,215.04525780539683,Offer targeted discount / personalized content,Higher plan cost,Premium,Medium,North America,19,1
11f37912-99c6-41fe-ac0c-48dd0930a4b4,0.9961397040796316,High,13.99,167.23193352088856,Offer targeted discount / personalized content,Low recent activity,Standard,Low,North America,20,1
3b400433-a639-4fe3-a458-dbbb865f8261,0.007489640478154941,Low,13.99,1.2573608434726515,Maintain engagement / loyalty rewards,Low recent activity,Standard,High,Oceania,36,0
ca6a16c5-d79c-40a5-949f-ba4b2a45993d,0.9961373527638717,High,13.99,167.23153878199878,Offer targeted discount / personalized content,Low recent activity,Standard,Medium,Africa,40,1
d80a7642-b629-4ca4-b51d-91600ae5d0a5,0.9961350021928826,High,8.99,107.46304403656818,Offer targeted discount / personalized content,Stable usage,Basic,Medium,Oceania,37,1
fea2691a-fc62-4a68-b155-bd95ecf587de,0.9961354985343167,High,8.99,107.4630975818821,Offer targeted discount / personalized content,Low recent activity,Basic,Low,Europe,21,1
d8127bf4-b7ea-4cf8-81ce-270df2f38163,0.9961416764954946,High,17.99,215.04706512184737,Offer targeted discount / personalized content,Low engagement,Premium,Low,Oceania,20,1
7d980d04-b321-432f-b415-ce55969de68a,0.007487869790477379,Low,13.99,1.2570635804253425,Maintain engagement / loyalty rewards,Higher plan cost,Standard,High,Africa,35,0
928dc2a2-8361-4e04-bfef-dcade10168eb,0.007587712805455461,Low,8.99,0.8185624574525352,Maintain engagement / loyalty rewards,Stable usage,Basic,Medium,North America,31,0
3a5bfad8-d098-4418-bdbb-d15c889a2389,0.9959676118449832,High,13.99,167.20304267653577,Offer targeted discount / personalized content,Low engagement,Standard,Low,Asia,63,1
cd918584-dbe4-43ee-8ee4-f35dcf029de4,0.011090499765985121,Low,13.99,1.861873100713582,Maintain engagement / loyalty rewards,Higher plan cost,Standard,High,Africa,21,0
784bbf74-1bec-42e8-805d-d0a12579432c,0.007489432327322644,Low,13.99,1.2573258991109255,Maintain engagement / loyalty rewards,Higher plan cost,Standard,High,Europe,28,0
e76c1166-9bcf-4959-a627-863f1c621434,0.9961419469710193,High,13.99,167.23231005749471,Offer targeted discount / personalized content,Low engagement,Standard,Low,Oceania,61,1
3ed28f9d-f5ec-4a13-afb8-d65fe7f58ab3,0.9959353601818014,High,17.99,215.00252555604726,Offer targeted discount / personalized content,Low recent activity,Premium,Low,Asia,62,1
c0df8988-6625-4beb-8955-1a12520bd8c5,0.010516081045313952,Low,17.99,2.270211576062376,Maintain engagement / loyalty rewards,Higher plan cost,Premium,Medium,Africa,38,0
14b07c0b-a32b-4f96-a236-6992f512fd8e,0.9961385525646239,High,17.99,215.046390727651,Offer targeted discount / personalized content,Low engagement,Premium,Low,North America,33,1
eec5fa1c-5a41-448a-b4f8-46e7e258acc3,0.9958783453438285,High,13.99,167.18805661632192,Offer targeted discount / personalized content,Low recent activity,Standard,Medium,Europe,49,1
bf910ef4-cb21-4375-a624-e57cc2e4c293,0.9958146279479048,High,8.99,107.42848206301997,Offer targeted discount / personalized content,Low engagement,Basic,Low,South America,26,1
fed18198-3eef-444c-825e-068b5729aac9,0.007488481434014126,Low,17.99,1.6166133719749696,Maintain engagement / loyalty rewards,Higher plan cost,Premium,High,Europe,70,0
7a2c4939-7e7b-4ada-8f61-e09737ba40b3,0.9961375332497179,High,13.99,167.23156908196265,Offer targeted discount / personalized content,Higher plan cost,Standard,Medium,Asia,39,1
ef372c4a-20ae-4373-a2db-12a114ee5e2b,0.008912513775376238,Low,13.99,1.4962328126101627,Maintain engagement / loyalty rewards,Higher plan cost,Standard,Medium,Oceania,28,0
a91bb5e4-a577-4365-8bc6-3a306dcc8dd0,0.9957721869532996,High,8.99,107.42390352852196,Offer targeted discount / personalized content,Low engagement,Basic,Low,Oceania,61,1
0f372dc7-03c2-4955-88bd-4b78deb7bdc1,0.0074963074523754225,Low,8.99,0.8087016479622605,Maintain engagement / loyalty rewards,Stable usage,Basic,High,Africa,44,0
f5dda56c-7406-4db7-90ed-e6738e422b8f,0.008329388301063893,Low,17.99,1.798148346433673,Maintain engagement / loyalty rewards,Higher plan cost,Premium,Medium,South America,30,0
04c8618d-f34e-4885-b587-6d6b324603b7,0.9959152143531063,High,17.99,214.99817647454853,Offer targeted discount / personalized content,Higher plan cost,Premium,Medium,Oceania,61,1
6732052d-d079-4067-a288-4c23e1a599b9,0.20753992199128019,Low,13.99,34.84180210389612,Maintain engagement / loyalty rewards,Low recent activity,Standard,Medium,Oceania,27,0
f3786d5d-fa50-4225-a34c-c869fe92149d,0.00750371268010345,Low,17.99,1.6199014933807325,Maintain engagement / loyalty rewards,Higher plan cost,Premium,High,Oceania,43,0
4ac8c08a-cb1c-41d8-8834-7f4d43160ca5,0.9929953722802912,High,17.99,214.36784096786926,Offer targeted discount / personalized content,Higher plan cost,Premium,Medium,South America,31,1
1c45723e-c679-4557-874e-17971854aea4,0.007487807808379446,Low,13.99,1.2570531748707414,Maintain engagement / loyalty rewards,Higher plan cost,Standard,High,North America,59,0
ed2e6d14-1ec8-4f3a-8a09-10311a97e7db,0.9961414243070861,High,17.99,215.0470106794137,Offer targeted discount / personalized content,Low engagement,Premium,Low,South America,27,1
23511a64-59ce-4cc2-bc00-c4fe31339534,0.007487751446941587,Low,13.99,1.2570437129125536,Maintain engagement / loyalty rewards,Higher plan cost,Standard,High,Europe,29,0
23800c7b-cb6d-46c8-b966-bbb20f9b0ca5,0.008865196560768967,Low,13.99,1.4882891986218942,Maintain engagement / loyalty rewards,Low engagement,Standard,Low,Africa,61,0
458036e4-1c6f-42b8-819f-e453f97ba7b1,0.007598836123881835,Low,8.99,0.8197624410443723,Maintain engagement / loyalty rewards,Stable usage,Basic,High,Africa,62,0
fe65b1ac-55dc-4d8e-a802-5867af17f8ea,0.9961314525499052,High,8.99,107.46266110108377,Offer targeted discount / personalized content,Stable usage,Basic,Low,North America,56,1
00139d09-c969-4136-987c-6e7d30f41cc0,0.007494150977748082,Low,13.99,1.258118066144348,Maintain engagement / loyalty rewards,Higher plan cost,Standard,High,North America,59,0
682d7f24-bf51-4e54-a2d2-2e25a3e17b61,0.007502331472899954,Low,13.99,1.2594914076704442,Maintain engagement / loyalty rewards,Higher plan cost,Standard,Medium,Africa,33,0
6004a0a1-5334-4dc7-8cd6-6ad98aa442e7,0.00804038259378061,Low,13.99,1.3498194298438888,Maintain engagement / loyalty rewards,Low recent activity,Standard,Medium,Europe,41,0
9732c8a3-1080-422b-92c6-ecb2c1f838f3,0.007489903951714207,Low,13.99,1.2574050754137809,Maintain engagement / loyalty rewards,Higher plan cost,Standard,High,Africa,54,0
2d356c69-fcbe-4a5d-af62-c41e1944a95b,0.007616790485915301,Low,8.99,0.8216993576205427,Maintain engagement / loyalty rewards,Stable usage,Basic,High,Oceania,34,0
e9b22aff-6ec8-4298-8d8a-74084c1bac83,0.007489562309282055,Low,17.99,1.6168467113278098,Maintain engagement / loyalty rewards,Higher plan cost,Premium,High,Europe,41,0
ab588e4b-6d23-4746-a5d3-2380dd359f2c,0.9954342220657324,High,8.99,107.38744387645121,Offer targeted discount / personalized content,Stable usage,Basic,Medium,Africa,38,1
9c254e1c-5ae4-470d-9db9-79fd55092590,0.9958119313291421,High,8.99,107.42819115178787,Offer targeted discount / personalized content,Low engagement,Basic,Low,South America,42,1
68111b31-0aa4-40ac-a612-5001e2891b73,0.9938624718557636,High,17.99,214.55503042422225,Offer targeted discount / personalized content,Low engagement,Premium,Low,South America,45,1
44fec6f1-73e6-4d9c-93d3-ec91313a4eb8,0.008802618897607731,Low,13.99,1.477783660530386,Maintain engagement / loyalty rewards,Higher plan cost,Standard,Medium,Europe,66,0
2ad44ab8-c58d-4228-80f8-57d658a25d04,0.007488143615600314,Low,8.99,0.8078209332509619,Maintain engagement / loyalty rewards,Stable usage,Basic,High,Europe,31,0
157af3fa-dccb-4aba-a47f-a1d91c5426fe,0.007487040805854328,Low,17.99,1.616302369167832,Maintain engagement / loyalty rewards,Higher plan cost,Premium,High,Europe,64,0
a5275893-fc09-4f77-a4bb-7fcb11fbb042,0.007950425166309222,Low,17.99,1.7163377849028347,Maintain engagement / loyalty rewards,Low engagement,Premium,Low,Asia,37,0
04549d24-8090-4c9f-bfd2-d5f77c7dba5e,0.007564303338551204,Low,17.99,1.632981804726434,Maintain engagement / loyalty rewards,Higher plan cost,Premium,Medium,Oceania,60,0
4d4d4e8d-a8e6-44a5-bc8d-e6585696d1b7,0.007487928013611258,Low,13.99,1.257073354925058,Maintain engagement / loyalty rewards,Higher plan cost,Standard,High,North America,51,0
d700d121-5896-4474-915e-9c163bdf9c32,0.007513873047650046,Low,13.99,1.2614290072394896,Maintain engagement / loyalty rewards,Higher plan cost,Standard,Medium,North America,18,0
aae17cd4-a7ca-4820-844d-a03761fa27af,0.007489187168302129,Low,13.99,1.2572847418145614,Maintain engagement / loyalty rewards,Higher plan cost,Standard,High,Asia,45,0
afa62629-6f9b-48a2-956f-68fdd66e2982,0.007488494850548905,Low,8.99,0.8078588244772159,Maintain engagement / loyalty rewards,Stable usage,Basic,High,Asia,69,0
d85bd9b4-0564-435a-bd8c-7599b9076257,0.007489393206744364,Low,13.99,1.2573193315482438,Maintain engagement / loyalty rewards,Higher plan cost,Standard,High,Europe,67,0
b042695c-e2c1-4f68-ab2d-3446f8f65967,0.015376641915300027,Low,13.99,2.5814306447405686,Maintain engagement / loyalty rewards,Higher plan cost,Standard,Medium,North America,44,0
d04d1f2d-ed98-4ffe-b4f8-05678d9903a2,0.0074902286841312645,Low,13.99,1.2574595914919566,Maintain engagement / loyalty rewards,Higher plan cost,Standard,High,Asia,43,0
1d65e890-ed62-468a-b0cd-153ad70cf2d4,0.9961406091605742,High,17.99,215.04683470558473,Offer targeted discount / personalized content,Low engagement,Premium,Low,Africa,49,1
d0483b77-f8ff-4535-9c53-9ee919409583,0.008225904047264556,Low,17.99,1.7758081657234723,Maintain engagement / loyalty rewards,Higher plan cost,Premium,Medium,South America,57,0
a525393b-868f-4f37-a301-565e5472a982,0.007492314944245132,Low,13.99,1.2578098328398726,Maintain engagement / loyalty rewards,Higher plan cost,Standard,High,Africa,59,0
53b18dce-bb9a-4e83-a4ab-bfb367144160,0.0076000072401461215,Low,17.99,1.6406895630027447,Maintain engagement / loyalty rewards,Higher plan cost,Premium,High,Africa,28,0
766eaa1d-56f8-441e-a9f0-e8626a5f4d40,0.9961421500025687,High,17.99,215.04716734255447,Offer targeted discount / personalized content,Low recent activity,Premium,Low,South America,58,1
470675d5-5cf6-4a4c-974d-38ba18e0d875,0.007593631822012617,Low,8.99,0.8192010009587212,Maintain engagement / loyalty rewards,Stable usage,Basic,High,Africa,47,0
9086d806-dcb7-4c64-9714-765f6a0303c6,0.995992922886612,High,17.99,215.01495219276177,Offer targeted discount / personalized content,Low engagement,Premium,Low,Oceania,22,1
0d6dae1e-d44c-425b-abf5-371bb1a033db,0.9961416230151923,High,17.99,215.0470535765197,Offer targeted discount / personalized content,Low engagement,Premium,Low,South America,44,1
b72d9a7d-7c15-4521-8a90-479596bff39d,0.0074879369251181025,Low,13.99,1.257074850988827,Maintain engagement / loyalty rewards,Higher plan cost,Standard,High,Europe,22,0
7f34876f-d31e-4c36-be90-691335b33844,0.9959568293519074,High,13.99,167.20123251159822,Offer targeted discount / personalized content,Higher plan cost,Standard,Medium,North America,22,1
f7add970-dc85-4c29-90e7-cdb047f52746,0.9961383196912303,High,8.99,107.46340192828994,Offer targeted discount / personalized content,Stable usage,Basic,Medium,Asia,62,1
51edbf12-a8ef-4848-9be8-b5baeb8adab7,0.007493863355809071,Low,13.99,1.2580697801732268,Maintain engagement / loyalty rewards,Higher plan cost,Standard,High,Asia,67,0
8f8e95b6-5be4-47ed-a018-6976631fbe71,0.036032633906320374,Low,8.99,3.887200545813842,Maintain engagement / loyalty rewards,Stable usage,Basic,Medium,Africa,44,0
b15d15eb-0dda-409b-90c8-211757521f5d,0.007596275945525333,Low,13.99,1.2752628057347928,Maintain engagement / loyalty rewards,Higher plan cost,Standard,Medium,Oceania,58,0
4f808be4-e7f6-424a-87e8-61497b1afee7,0.9961422528933866,High,8.99,107.46382624213855,Offer targeted discount / personalized content,Low recent activity,Basic,Low,Africa,50,1
ab429cc1-b1b1-4a7c-9a14-38212b83747d,0.9961412253603615,High,17.99,215.04696773079485,Offer targeted discount / personalized content,Low engagement,Premium,Low,Oceania,69,1
cf74b30a-3f9e-4db8-afbd-cb920c58390e,0.007494517842205858,Low,13.99,1.2581796553495195,Maintain engagement / loyalty rewards,Higher plan cost,Standard,High,Europe,70,0
ff95f3be-2385-4aca-b331-f385759179bb,0.9961406390194485,High,17.99,215.04684115151855,Offer targeted discount / personalized content,Low recent activity,Premium,Low,Asia,50,1
de93cbf9-0851-4c5b-826f-939b565c632e,0.007533477788746917,Low,17.99,1.6263271850346843,Maintain engagement / loyalty rewards,Higher plan cost,Premium,Medium,Asia,66,0
72fa5202-e5c7-4ac9-9974-05157876aa57,0.00749355800480187,Low,13.99,1.258018517846138,Maintain engagement / loyalty rewards,Low recent activity,Standard,Medium,Oceania,59,0
68d59730-6ec5-4fe3-8c1a-8f3b7e60c047,0.007490504843834093,Low,17.99,1.617050185686904,Maintain engagement / loyalty rewards,Higher plan cost,Premium,High,North America,62,0
0b9e8972-a536-4e1c-8f0d-62e22d801f63,0.99611895756466,High,8.99,107.46131314207553,Offer targeted discount / personalized content,Stable usage,Basic,Medium,Africa,51,1
67155e14-7779-4ff6-9536-1fa72821c3ab,0.007497761075680688,Low,8.99,0.8088584648444326,Maintain engagement / loyalty rewards,Stable usage,Basic,High,South America,51,0
38948c93-2299-4dc1-9bcf-aadfdbde8079,0.0074894680570038496,Low,17.99,1.6168263641459908,Maintain engagement / loyalty rewards,Higher plan cost,Premium,High,Oceania,44,0
e9bacc45-dde8-4b72-bfbc-2466280d785a,0.996134021274942,High,17.99,215.04541251283445,Offer targeted discount / personalized content,Low engagement,Premium,Low,South America,53,1
139a0e01-29df-48c9-bdad-fa7801585dea,0.9961416777804397,High,13.99,167.23226486578022,Offer targeted discount / personalized content,Low recent activity,Standard,Low,North America,31,1
04f5830d-14f7-4ba4-916d-8485f464808a,0.007721003398671269,Low,8.99,0.8329418466486567,Maintain engagement / loyalty rewards,Stable usage,Basic,High,Africa,41,0
40f087fd-eaa5-407c-8b81-41d6795a73ac,0.9933813115801602,High,13.99,166.76885458807732,Offer targeted discount / personalized content,Low engagement,Standard,Low,Africa,49,1
51866f33-a26b-4c0e-8aa0-a8d5c11bbfd1,0.007665174029550738,Low,8.99,0.8269189743079337,Maintain engagement / loyalty rewards,Stable usage,Basic,High,Africa,30,0
49ac3b2b-bdf7-499a-8549-1a66ff5934a5,0.008120240996591591,Low,17.99,1.7529976263441926,Maintain engagement / loyalty rewards,Higher plan cost,Premium,Medium,Europe,22,0
0f0a0838-f17e-4151-be3a-174c1df1d1c7,0.00749464327303979,Low,8.99,0.8085221162955325,Maintain engagement / loyalty rewards,Stable usage,Basic,High,South America,53,0
6611dcd9-93b5-4a43-a351-cd9570bd8d8d,0.007495729974812319,Low,8.99,0.8086393496827529,Maintain engagement / loyalty rewards,Stable usage,Basic,High,South America,24,0
6ee480c7-c4c3-4dcd-abbc-d46b49f0b6dd,0.7844213315351535,High,13.99,131.68865313812157,Offer targeted discount / personalized content,Low recent activity,Standard,Medium,Africa,62,1
0d1c4623-a498-47e4-acb2-bb5d73f9baff,0.007488044578002302,Low,8.99,0.8078102490748884,Maintain engagement / loyalty rewards,Stable usage,Basic,High,Oceania,43,0
ca65ce5d-63ec-4006-86ab-32fb0feda982,0.9961231351969133,High,17.99,215.04306242630963,Offer targeted discount / personalized content,Low recent activity,Premium,Medium,South America,47,1
997c57f8-f1c1-4b92-a9ff-717d6df18df6,0.015301466411284003,Low,8.99,1.6507221964493182,Maintain engagement / loyalty rewards,Stable usage,Basic,Medium,South America,57,0
4a42dedb-08aa-4609-84cf-5b06eae21153,0.007487778157387654,Low,17.99,1.6164615486168468,Maintain engagement / loyalty rewards,Higher plan cost,Premium,High,Africa,56,0
101e7c6b-4f18-42d0-9626-5f5fd3bbd2e7,0.9961421276022495,High,17.99,215.0471625067736,Offer targeted discount / personalized content,Low recent activity,Premium,Low,Africa,62,1
7e292c54-b2c4-497a-b05b-00d61d2b824d,0.9956352243716285,High,17.99,214.93773223734718,Offer targeted discount / personalized content,Higher plan cost,Premium,Low,Asia,44,1
ad9d7de3-a095-4576-931f-7e06480c9b78,0.9961297866339333,High,8.99,107.46248138206872,Offer targeted discount / personalized content,Low engagement,Basic,Low,Asia,45,1
916a5696-c195-4934-bddc-ef0b43ec800b,0.9961405930371668,High,8.99,107.46364717684955,Offer targeted discount / personalized content,Low recent activity,Basic,Low,North America,20,1
e3e4232d-f726-423d-80bc-e293587b52d9,0.996142138672008,High,8.99,107.46381391993623,Offer targeted discount / personalized content,Stable usage,Basic,Low,Asia,44,1
a32ab2df-8cda-4673-9acf-c0a20e99522e,0.9961420148333537,High,8.99,107.46380056022221,Offer targeted discount / personalized content,Stable usage,Basic,Medium,South America,36,1
0dc3af4d-e69a-4efc-ab80-757bf616d4b7,0.008122566316560286,Low,13.99,1.363616433224141,Maintain engagement / loyalty rewards,Low recent activity,Standard,Medium,South America,55,0
15bf4f39-0a66-4d87-a298-8f53c4e0f27d,0.996126327274405,High,13.99,167.22968782282712,Offer targeted discount / personalized content,Higher plan cost,Standard,Medium,Asia,35,1
9ab81da7-21f5-4a76-9bd4-10a78fe5ae0a,0.9961303753662195,High,17.99,215.04462543405947,Offer targeted discount / personalized content,Higher plan cost,Premium,Medium,Europe,53,1
145a8f1f-3c7d-4dd1-b0d4-858bea81ce6f,0.9961413762896939,High,13.99,167.23221425151382,Offer targeted discount / personalized content,Low recent activity,Standard,Low,Africa,42,1
ef94ff72-ab34-4be0-9fdb-525daa2c114c,0.9641836127980665,High,8.99,104.01612814865541,Offer targeted discount / personalized content,Stable usage,Basic,Medium,Europe,60,1
f022ca06-c211-4695-9187-4a67a9f811da,0.9961391627295457,High,13.99,167.23184263903613,Offer targeted discount / personalized content,Low recent activity,Standard,Low,North America,53,1
5bdfbdcf-ab7b-41da-b1d5-51f819eb66dc,0.9948057860739707,High,8.99,107.31964820165997,Offer targeted discount / personalized content,Low recent activity,Basic,Medium,Oceania,52,1
900f7a72-5fd2-448b-b8fa-a24862c7766f,0.9961356275593397,High,13.99,167.23124915466195,Offer targeted discount / personalized content,Higher plan cost,Standard,Medium,Asia,32,1
63f4e2e6-f646-430e-9f39-89f270669dc4,0.007491574334590354,Low,17.99,1.6172810673513656,Maintain engagement / loyalty rewards,Higher plan cost,Premium,High,Africa,54,0
2c840d2c-acbe-4a46-8e80-99489a4c1622,0.00787603645052443,Low,17.99,1.7002787489392137,Maintain engagement / loyalty rewards,Higher plan cost,Premium,Medium,Asia,54,0
6c5c94d3-ceba-42ba-8361-235b50a755d9,0.0074989759239958795,Low,8.99,0.8089895226806756,Maintain engagement / loyalty rewards,Stable usage,Basic,High,Africa,66,0
f43dbc00-267c-4582-8a48-c51c960178ab,0.007488183476373275,Low,8.99,0.8078252334311489,Maintain engagement / loyalty rewards,Stable usage,Basic,High,South America,49,0
0e3bcd74-c73f-4979-a929-487d0ee88e20,0.007489294845195836,Low,13.99,1.257302818611477,Maintain engagement / loyalty rewards,Higher plan cost,Standard,High,South America,63,0
5db9fb65-b73d-48b1-b112-619d9ff3cbac,0.9961360794296613,High,13.99,167.23132501465156,Offer targeted discount / personalized content,Low recent activity,Standard,Medium,Oceania,62,1
ee277a8f-6580-47ff-b15d-bd4c472f7c33,0.9961397404363529,High,13.99,167.23193962445492,Offer targeted discount / personalized content,Low engagement,Standard,Low,Africa,40,1
2af0fa44-a495-4ed8-b750-e29f5ae68251,0.9960812340979366,High,13.99,167.2221175803616,Offer targeted discount / personalized content,Higher plan cost,Standard,Medium,Europe,24,1
36cad62c-bef7-4f24-bc63-6a45179bbe5f,0.007490406718713266,Low,17.99,1.6170290024358196,Maintain engagement / loyalty rewards,Higher plan cost,Premium,High,North America,36,0
5db1bdfc-a507-4f07-baad-908aeb6de81a,0.9961415421732385,High,17.99,215.04703612435873,Offer targeted discount / personalized content,Low recent activity,Premium,Low,Africa,57,1
98b942f7-194b-40aa-95ab-66f412de5d19,0.9961274363249218,High,8.99,107.46222783073256,Offer targeted discount / personalized content,Low recent activity,Basic,Medium,Oceania,48,1
cc99892d-23de-44d2-a63f-f8ac9fab69fe,0.007870756850260657,Low,8.99,0.8490972490061197,Maintain engagement / loyalty rewards,Stable usage,Basic,High,Asia,27,0
478cb287-75dd-4ed3-99f0-bcc5877f308a,0.007487612420285894,Low,13.99,1.257020373117596,Maintain engagement / loyalty rewards,Higher plan cost,Standard,High,Asia,22,0
2dee33b5-2a32-4b1e-b663-e4e941113df5,0.008507176454701304,Low,17.99,1.8365292530409176,Maintain engagement / loyalty rewards,Higher plan cost,Premium,High,Oceania,42,0
ff81933a-fb48-42d3-9358-c1aba9255e95,0.9958914513669562,High,13.99,167.19025685548462,Offer targeted discount / personalized content,Low engagement,Standard,Low,North America,68,1
901270ae-4cad-4cb8-b501-fa015ea5c5f3,0.007999613039687123,Low,8.99,0.8629982547214469,Maintain engagement / loyalty rewards,Low recent activity,Basic,High,Europe,61,0
a6a0e427-fde3-4051-bced-8486d4bd1883,0.9959669370777127,High,13.99,167.2029293966064,Offer targeted discount / personalized content,Higher plan cost,Standard,Medium,Oceania,40,1
96e2f6c6-657d-4d48-82c0-b2e87060fe56,0.007491067268491325,Low,13.99,1.2576003730343237,Maintain engagement / loyalty rewards,Higher plan cost,Standard,High,Asia,25,0
cd276040-08db-4333-90c5-7b14e4af20ae,0.9961403578127299,High,17.99,215.04678044461212,Offer targeted discount / personalized content,Low recent activity,Premium,Low,Oceania,69,1
1137c41e-fb4a-4d4b-a92a-075de068f94a,0.9960221408925296,High,13.99,167.2121970130379,Offer targeted discount / personalized content,Higher plan cost,Standard,Medium,North America,50,1
d012e665-05a5-454d-bc1c-4eb7f132dc77,0.9961337740665375,High,8.99,107.46291154629807,Offer targeted discount / personalized content,Low engagement,Basic,Low,North America,64,1
5b39d054-a85a-472a-9c6b-6ca36f9c6f4c,0.008593689756620565,Low,17.99,1.8552057446592474,Maintain engagement / loyalty rewards,Higher plan cost,Premium,Low,North America,64,0
627b1b93-2178-4157-8e76-b8b8326e8694,0.008076799549572399,Low,13.99,1.3559331083822144,Maintain engagement / loyalty rewards,Low recent activity,Standard,Medium,Africa,54,0
7c5015d6-cb4d-4738-9d1d-7f49dbee59c4,0.9959422761717335,High,8.99,107.44225275340662,Offer targeted discount / personalized content,Low engagement,Basic,Low,Europe,28,1
eac45018-321f-4108-b08c-70f09651748c,0.007677925673011126,Low,17.99,1.6575105942896418,Maintain engagement / loyalty rewards,Higher plan cost,Premium,High,South America,62,0
e2bb3e3f-6995-4d56-8ada-5b22730b7d50,0.9959617669653277,High,17.99,215.0082262524749,Offer targeted discount / personalized content,Low engagement,Premium,Low,Africa,48,1
91f223fb-6d17-463e-96e6-dc72621732c3,0.0074875675165284716,Low,17.99,1.6164160754681665,Maintain engagement / loyalty rewards,Low recent activity,Premium,High,Africa,29,0
73e2fabe-cd9f-47cd-91c1-fa7d54a00851,0.9961401148713955,High,13.99,167.2320024846099,Offer targeted discount / personalized content,Low engagement,Standard,Low,North America,53,1
e9c0dcf8-d2f5-45de-8296-71b278906386,0.9961384680824844,High,13.99,167.2317260216875,Offer targeted discount / personalized content,Low engagement,Standard,Low,Oceania,42,1
09ff548d-7103-467d-b2bb-e7185dae56c3,0.007977911376444583,Low,17.99,1.7222715079468562,Maintain engagement / loyalty rewards,Higher plan cost,Premium,Medium,North America,19,0
72bb60bf-c49d-4cc3-86c2-8cd3f6be1ce5,0.9961411142081736,High,13.99,167.23217025326818,Offer targeted discount / personalized content,Low recent activity,Standard,Low,Africa,26,1
c8065254-8741-4265-84d7-b72ddf02f2f5,0.0075230453197294685,Low,13.99,1.2629688482761832,Maintain engagement / loyalty rewards,Higher plan cost,Standard,Medium,Asia,61,0
bb486791-58b7-43c1-a079-b5388eb2615a,0.9961288275151844,High,13.99,167.23010756324916,Offer targeted discount / personalized content,Higher plan cost,Standard,Medium,Oceania,19,1
cd6292f9-f9aa-4d53-83d2-e1a38238cf1e,0.007493669558438406,Low,13.99,1.2580372454706397,Maintain engagement / loyalty rewards,Higher plan cost,Standard,High,Oceania,46,0
6dc6596e-60e8-414b-a3b5-c2bca64bb68f,0.007518444469465288,Low,13.99,1.2621964575338325,Maintain engagement / loyalty rewards,Higher plan cost,Standard,High,North America,63,0
7ad15795-15cf-443a-9272-439388f8af25,0.0074903212848590976,Low,17.99,1.6170105589753818,Maintain engagement / loyalty rewards,Higher plan cost,Premium,High,Europe,56,0
52ff69f9-64ce-456d-a1b9-2494c4b9bdc8,0.9961397141758879,High,13.99,167.23193521584807,Offer targeted discount / personalized content,Low engagement,Standard,Low,Asia,18,1
57d8b5cf-f8ef-4b53-9b81-ce894a52f74e,0.008238943409327923,Low,17.99,1.7786231032057118,Maintain engagement / loyalty rewards,Higher plan cost,Premium,Medium,Asia,59,0
29a921ff-1567-4ba6-87c0-585ba15fcac7,0.996142072743012,High,8.99,107.46380680751615,Offer targeted discount / personalized content,Low recent activity,Basic,Low,Africa,39,1
c350d5a0-fef7-4281-b752-42162d72bd05,0.00757508245053153,Low,17.99,1.6353087994207465,Maintain engagement / loyalty rewards,Higher plan cost,Premium,High,North America,33,0
af3557aa-86d0-4ab8-9ea1-28312fef7900,0.9961348432767296,High,8.99,107.46302689269359,Offer targeted discount / personalized content,Low recent activity,Basic,Medium,Europe,19,1
d96a205c-59e2-44e0-a5f6-de58c25eb3b1,0.9961412493549959,High,13.99,167.23219294171673,Offer targeted discount / personalized content,Low engagement,Standard,Low,North America,27,1
4c77f75f-2b1e-4d25-b652-6047d04741d4,0.9961417876014889,High,8.99,107.46377604644863,Offer targeted discount / personalized content,Stable usage,Basic,Medium,Africa,70,1
58b46654-4b27-4247-ba09-49536ac95586,0.007491771655816414,Low,13.99,1.2577186255784596,Maintain engagement / loyalty rewards,Low recent activity,Standard,High,South America,64,0
39bad655-5f49-40ce-addd-c69cc6742a25,0.007496654168075427,Low,8.99,0.808739051651977,Maintain engagement / loyalty rewards,Stable usage,Basic,High,Africa,66,0
4b8b75ad-626f-4201-aaa3-6b1c4935f342,0.007491128642999762,Low,17.99,1.6171848514507885,Maintain engagement / loyalty rewards,Higher plan cost,Premium,High,South America,63,0
52b32e23-e4d9-4aa8-bdb6-3d8116bc98aa,0.9961418790771894,High,8.99,107.4637859148472,Offer targeted discount / personalized content,Low engagement,Basic,Low,Europe,48,1
fdd237ec-8cfb-4dc9-94a8-e378c84e1c09,0.007564555303912956,Low,8.99,0.8160642261861297,Maintain engagement / loyalty rewards,Stable usage,Basic,High,South America,57,0
74352c11-1327-4522-b04e-09375d2ae60a,0.008058244580930842,Low,17.99,1.7396138401313501,Maintain engagement / loyalty rewards,Higher plan cost,Premium,Medium,Asia,25,0
c49e2f08-2711-434a-86ce-a14869024d33,0.9961349184762854,High,8.99,107.46303500522167,Offer targeted discount / personalized content,Stable usage,Basic,Medium,Europe,25,1
e0f60ffb-2b43-4da0-a550-7567557da37e,0.007486984286593215,Low,17.99,1.6162901677897432,Maintain engagement / loyalty rewards,Higher plan cost,Premium,High,Africa,55,0
0a7b5a2a-3292-409a-a758-5c93b920813c,0.007489890199660132,Low,17.99,1.6169174963026292,Maintain engagement / loyalty rewards,Higher plan cost,Premium,High,Oceania,65,0
df17acd4-8698-461e-9cc7-1ac06d763fbc,0.9961413988893512,High,17.99,215.04700519223312,Offer targeted discount / personalized content,Low recent activity,Premium,Low,North America,47,1
52281669-df74-44a5-a392-2be8c8a0147c,0.9961381674021277,High,13.99,167.23167554346918,Offer targeted discount / personalized content,Low recent activity,Standard,Medium,North America,43,1
ebdb9ce1-02bf-4681-b86c-a11d237ab90b,0.00748701899764837,Low,13.99,1.2569207493252084,Maintain engagement / loyalty rewards,Higher plan cost,Standard,High,South America,34,0
7f79fa2f-18f5-4f95-8b69-b22fc667f4f4,0.007493501501807817,Low,8.99,0.8083989420150273,Maintain engagement / loyalty rewards,Stable usage,Basic,High,Europe,24,0
f19ee025-d5a8-41e3-9a40-78a71e473891,0.9961415658699415,High,13.99,167.2322460782458,Offer targeted discount / personalized content,Low engagement,Standard,Low,South America,50,1
ebb4aac9-1770-4e76-be32-0a6990073795,0.007513463351677625,Low,8.99,0.8105524263789823,Maintain engagement / loyalty rewards,Stable usage,Basic,High,Africa,28,0
210b00a5-c07d-401b-8396-3eaba615e20f,0.996141067974085,High,17.99,215.04693375424543,Offer targeted discount / personalized content,Low engagement,Premium,Low,Europe,56,1
00bcd65f-ca17-43af-b1a3-c0e310d52966,0.9961405975990975,High,13.99,167.23208352493648,Offer targeted discount / personalized content,Low engagement,Standard,Low,Africa,42,1
570a21e1-bc72-482a-b2f3-afea983390f0,0.9960097587943035,High,17.99,215.01858672851424,Offer targeted discount / personalized content,Higher plan cost,Premium,Medium,Asia,46,1
1ad47f3a-f860-4c98-81a5-8616344abafe,0.007517164880365105,Low,17.99,1.622805554373219,Maintain engagement / loyalty rewards,Higher plan cost,Premium,High,South America,62,0
b82b1e9c-2120-4d5d-ab97-6d871eded035,0.9960094782457102,High,17.99,215.0185261636839,Offer targeted discount / personalized content,Higher plan cost,Premium,Medium,Africa,20,1
6800590b-a6fe-40ed-81d1-201693007a0a,0.0074877294663174415,Low,13.99,1.2570400228053722,Maintain engagement / loyalty rewards,Higher plan cost,Standard,High,Europe,24,0
5e4d2986-6750-4833-84d7-bf79f53e92ae,0.00754154802963535,Low,13.99,1.2660750832151826,Maintain engagement / loyalty rewards,Higher plan cost,Standard,Medium,Asia,62,0
047cacb4-85d1-4fb9-82ef-e68ce12afd11,0.995356017992032,High,13.99,167.10036830050234,Offer targeted discount / personalized content,Low engagement,Standard,Low,Asia,26,1
054bfc20-e65d-4fd8-a9d4-5cf77eefe836,0.9854105590840889,High,13.99,165.43072465903685,Offer targeted discount / personalized content,Higher plan cost,Standard,Medium,North America,58,1
9d45d604-6975-4a0c-9de6-0c1fb839c3e3,0.9955513816888348,High,8.99,107.40008305659151,Offer targeted discount / personalized content,Stable usage,Basic,Medium,South America,62,1
a02d6ab0-2fda-47eb-8656-158beb0200a4,0.9961333221980156,High,17.99,215.0452615961076,Offer targeted discount / personalized content,Higher plan cost,Premium,Medium,Oceania,70,1
adf86f47-e169-492e-9ec6-d2fed5212796,0.01407255692660633,Low,8.99,1.518147441242291,Maintain engagement / loyalty rewards,Low recent activity,Basic,Medium,North America,25,0
e614db81-6994-48a8-a374-e5aa644e85e0,0.007510545122146818,Low,17.99,1.621376480969055,Maintain engagement / loyalty rewards,Higher plan cost,Premium,High,South America,36,0
00cadb17-dcde-4cbc-ae45-068cd811df59,0.989803221225805,High,8.99,106.77997150583984,Offer targeted discount / personalized content,Stable usage,Basic,Medium,North America,37,1
bbd4f7df-e4dc-4f51-b4ff-473eaf1005ee,0.9961403081088033,High,17.99,215.04676971452847,Offer targeted discount / personalized content,Low engagement,Premium,Low,North America,52,1
1f80abbd-35a7-4d62-b292-d31fa23c9f5f,0.9961411788576557,High,8.99,107.46371037516391,Offer targeted discount / personalized content,Low recent activity,Basic,Low,Asia,38,1
19f66e59-f164-47f1-b788-4b1762db226b,0.9961281722835935,High,8.99,107.46230722595408,Offer targeted discount / personalized content,Low engagement,Basic,Low,Africa,36,1
f7b78561-9d8b-4712-b3f3-238569b95f4b,0.9959083840001661,High,17.99,214.99670193795583,Offer targeted discount / personalized content,Low engagement,Premium,Low,Oceania,47,1
a2ac0be9-2264-4582-9d74-96dcc0c869f8,0.008104099335727514,Low,17.99,1.7495129645968555,Maintain engagement / loyalty rewards,Low recent activity,Premium,Medium,Asia,29,0
2bb0265f-8add-4083-aed9-1e94748be77b,0.9958513524422419,High,17.99,214.98438996523117,Offer targeted discount / personalized content,Low engagement,Premium,Low,South America,27,1
cfd014c4-3952-4b99-b2f1-76ed56da8964,0.0075105988399133666,Low,17.99,1.6213880775604972,Maintain engagement / loyalty rewards,Higher plan cost,Premium,Medium,Asia,70,0
93460e1b-34b6-4586-8289-48a6f91e18fb,0.9961420974061224,High,13.99,167.23233531253982,Offer targeted discount / personalized content,Low recent activity,Standard,Low,Europe,55,1
3e46a9e8-ebcc-4569-b534-d1beeb525aa5,0.007489228090547294,Low,17.99,1.6167745601873498,Maintain engagement / loyalty rewards,Higher plan cost,Premium,High,Asia,33,0
6175ecf8-a860-463c-90e5-277f36609637,0.995920289920338,High,17.99,214.99927218800255,Offer targeted discount / personalized content,Low recent activity,Premium,Medium,North America,22,1
3be271a0-02dd-41ad-bed5-3fdeb3a08266,0.008205212273583834,Low,17.99,1.7713412256212782,Maintain engagement / loyalty rewards,Higher plan cost,Premium,Medium,Asia,44,0
3860d316-c068-488e-84ff-747868b9365f,0.9954285735122987,High,17.99,214.893120449835,Offer targeted discount / personalized content,Higher plan cost,Premium,Medium,North America,20,1
22cb4dd5-d158-4dd6-a49d-e8723fadc557,0.9961419026417435,High,17.99,215.04711394229957,Offer targeted discount / personalized content,Low engagement,Premium,Low,South America,69,1
48a57226-1b00-4e56-b555-2cf66bc4b9a7,0.9961295588924994,High,13.99,167.23023034687282,Offer targeted discount / personalized content,Higher plan cost,Standard,Medium,Africa,23,1
50693056-61ef-4ad9-977c-6eaeb1ec5f72,0.9959607090094295,High,17.99,215.00799786095564,Offer targeted discount / personalized content,Higher plan cost,Premium,Medium,North America,24,1
6acac882-0bc1-4196-bb12-05ac39dc229c,0.007490850375745125,Low,13.99,1.2575639610800917,Maintain engagement / loyalty rewards,Higher plan cost,Standard,High,Africa,36,0
afa322d5-a185-42a6-8cc2-76bcd432403e,0.009174511340792826,Low,17.99,1.9805935082503552,Maintain engagement / loyalty rewards,Low engagement,Premium,Low,Asia,29,0
aa982946-1b7d-4315-8b81-9b19bb6cc8c8,0.007493325656059374,Low,13.99,1.2579795111392476,Maintain engagement / loyalty rewards,Higher plan cost,Standard,High,South America,34,0
642cffb6-ab5c-4931-b947-cfa60413b560,0.007486996430933106,Low,13.99,1.25691696082505,Maintain engagement / loyalty rewards,Higher plan cost,Standard,High,Oceania,39,0
09904ad7-d9db-45a3-ba9f-220cfe88a333,0.007487653701627692,Low,13.99,1.257027303429257,Maintain engagement / loyalty rewards,Higher plan cost,Standard,High,South America,44,0
2c564e41-545b-44a4-bb03-6a827657ea51,0.9957404089860609,High,8.99,107.42047532141625,Offer targeted discount / personalized content,Stable usage,Basic,Medium,Europe,43,1
ee076784-8841-4531-be9c-ca0b916c309a,0.9961376558754527,High,13.99,167.231589668371,Offer targeted discount / personalized content,Low recent activity,Standard,Medium,Europe,35,1
3382730c-46bb-40d1-92de-55f346dda22a,0.9961398027509455,High,17.99,215.0466606178741,Offer targeted discount / personalized content,Low recent activity,Premium,Low,Europe,26,1
06b5b5a3-f995-47a2-af2f-86b9cfbb42ef,0.007499708719101222,Low,8.99,0.8090685766166398,Maintain engagement / loyalty rewards,Stable usage,Basic,High,North America,66,0
e6e1e9a3-8bb0-4ebc-a469-fc1581b6d59d,0.007489823026835431,Low,17.99,1.6169029950332328,Maintain engagement / loyalty rewards,Higher plan cost,Premium,High,Europe,66,0
7ee9fa15-81b6-4b1b-a841-eec8b03d8b1e,0.993484058396011,High,8.99,107.17706021976167,Offer targeted discount / personalized content,Low recent activity,Basic,Medium,Africa,29,1
babe5601-7e34-47ad-bcb1-0ab32ede5cef,0.007487081674767751,Low,13.99,1.2569312715600098,Maintain engagement / loyalty rewards,Higher plan cost,Standard,Medium,North America,20,0
7d921bf8-61ef-4609-a46e-96d832d0d04e,0.9961412403012588,High,17.99,215.04697095623573,Offer targeted discount / personalized content,Low recent activity,Premium,Low,North America,52,1
8042c4ad-3a4a-4994-b81e-8ae09199076c,0.007489869053914416,Low,13.99,1.257399216771152,Maintain engagement / loyalty rewards,Higher plan cost,Standard,High,Oceania,41,0
39f699b0-d6db-4b6d-9c15-b8bbc716ce34,0.9961417940193351,High,8.99,107.46377673880588,Offer targeted discount / personalized content,Low recent activity,Basic,Medium,Europe,38,1
f28413c0-e4fb-4469-a595-c23e39036e09,0.9961417384269661,High,8.99,107.4637707415011,Offer targeted discount / personalized content,Low engagement,Basic,Low,Oceania,18,1
a62473b8-5d94-4b05-a6b5-bddfa59478c6,0.007611382374717005,Low,13.99,1.277798873067491,Maintain engagement / loyalty rewards,Higher plan cost,Standard,High,Oceania,28,0
395e2c15-2abb-4a29-8f8c-06118a5539e2,0.9961206362008739,High,13.99,167.2287324054027,Offer targeted discount / personalized content,Low engagement,Standard,Low,North America,19,1
f779a2cd-cb9d-445f-b0f7-2af6c1a514c0,0.012385556380295301,Low,8.99,1.336153822306257,Maintain engagement / loyalty rewards,Stable usage,Basic,Medium,Asia,56,0
4d040be6-2b36-4f59-ba9c-b92c8c683a5f,0.007501140181754319,Low,8.99,0.8092230028076559,Maintain engagement / loyalty rewards,Stable usage,Basic,High,North America,34,0
3406522e-fd20-4c37-aeab-1690d6b7cb51,0.012052990387690027,Low,13.99,2.0234560262854018,Maintain engagement / loyalty rewards,Low recent activity,Standard,Medium,Asia,58,0
dd3b38cd-3856-47f9-8f69-4bdf268983eb,0.9959546322117898,High,17.99,215.00668600188118,Offer targeted discount / personalized content,Low recent activity,Premium,Low,Europe,63,1
746cb060-c9f1-432e-91cc-cb1b57ddb1c0,0.007487678362144703,Low,17.99,1.6164400048197982,Maintain engagement / loyalty rewards,Low recent activity,Premium,High,Asia,66,0
432fa974-2a36-4f64-af1e-770e03b9385f,0.007487171000377791,Low,17.99,1.6163304755615573,Maintain engagement / loyalty rewards,Higher plan cost,Premium,High,North America,37,0
d74666ec-7b7b-4f1a-8776-0a17a1152f47,0.9943302541571606,High,8.99,107.26834781847448,Offer targeted discount / personalized content,Low recent activity,Basic,Medium,North America,21,1
84e4f9a0-f16b-4b00-ba64-a1dc667f9350,0.00844125552617488,Low,17.99,1.822298242990633,Maintain engagement / loyalty rewards,Low recent activity,Premium,Medium,Oceania,44,0
a756e8d5-a9c2-4520-8f06-1e13159bd0c0,0.9961397554917951,High,13.99,167.23194215196258,Offer targeted discount / personalized content,Low engagement,Standard,Low,Africa,66,1
7514941b-007c-44ea-90ee-4ae0690f013d,0.9961421661186988,High,13.99,167.23234684800715,Offer targeted discount / personalized content,Low recent activity,Standard,Low,Europe,56,1
0f22beb8-1281-4aca-bfaa-17235c7fb5d5,0.9957810498286049,High,8.99,107.42485965550992,Offer targeted discount / personalized content,Stable usage,Basic,Medium,Oceania,21,1
48f68f53-a7ef-4736-91a4-28ba10e80c58,0.0075131799192269325,Low,17.99,1.62194528096271,Maintain engagement / loyalty rewards,Higher plan cost,Premium,Medium,South America,49,0
5f41a538-a9ef-457b-8022-57fd9cebc8d4,0.007672012496359385,Low,17.99,1.6562340577140637,Maintain engagement / loyalty rewards,Higher plan cost,Premium,High,Oceania,28,0
c16c6ac0-11d2-496c-b9a3-2117f5d8e0db,0.9959289103293765,High,13.99,167.19654546609573,Offer targeted discount / personalized content,Higher plan cost,Standard,Medium,Europe,62,1
34e13cb5-2657-4148-ac24-be078c809d92,0.9961413665208477,High,17.99,215.0469982045206,Offer targeted discount / personalized content,Low recent activity,Premium,Low,Oceania,67,1
ed148da8-e51d-4504-b40a-e358f6e8238a,0.007503901619152369,Low,13.99,1.2597550038232996,Maintain engagement / loyalty rewards,Higher plan cost,Standard,Medium,Asia,47,0
d89f54d3-882d-4cfc-96c5-b5f0ddbb9915,0.996141888786843,High,17.99,215.04711095130364,Offer targeted discount / personalized content,Low recent activity,Premium,Low,North America,57,1
f76a2802-20d0-4772-b6cc-f7e2a95d6384,0.9961257469469385,High,8.99,107.46204558063572,Offer targeted discount / personalized content,Low engagement,Basic,Low,Europe,43,1
6c75691c-3ea5-49b5-92a9-894b2bd420be,0.9939384222458767,High,8.99,107.22607699188518,Offer targeted discount / personalized content,Stable usage,Basic,High,North America,24,1
286d0a50-0c08-4d40-b50a-38cfbdc3b8fb,0.996103348799586,High,17.99,215.0387909388546,Offer targeted discount / personalized content,Higher plan cost,Premium,Medium,Oceania,34,1
bb2ec39d-5eeb-478a-b763-0a2528ec4d7b,0.007488289023243694,Low,13.99,1.2571339612221513,Maintain engagement / loyalty rewards,Higher plan cost,Standard,High,Oceania,39,0
ed93decf-e627-4873-a2f9-8b6bf0d7dce3,0.995312106830142,High,8.99,107.37427008483573,Offer targeted discount / personalized content,Stable usage,Basic,Medium,Oceania,60,1
bd27bcd3-feaa-4a06-a98f-c4f3d61de505,0.9961406466090201,High,17.99,215.04684278995524,Offer targeted discount / personalized content,Low recent activity,Premium,Low,South America,66,1
178d73ec-7742-4f67-894c-2fe27601cf8b,0.007487452181706213,Low,17.99,1.6163911769867372,Maintain engagement / loyalty rewards,Higher plan cost,Premium,High,Oceania,29,0
68203b4f-6e76-442b-863a-29eca29cc26b,0.9961418242130519,High,8.99,107.46377999610402,Offer targeted discount / personalized content,Low recent activity,Basic,Medium,North America,35,1
f4af1dff-3131-49eb-a195-0cb169bf9ed4,0.007487477862125466,Low,17.99,1.6163967208756453,Maintain engagement / loyalty rewards,Higher plan cost,Premium,High,Oceania,36,0
9d6dfd4a-f437-4d78-b291-dc00556b9e40,0.007496005927393766,Low,8.99,0.8086691194472395,Maintain engagement / loyalty rewards,Stable usage,Basic,High,South America,46,0
ab1d244f-8750-47b1-8a61-cf8bce66c0fb,0.008042006204261775,Low,13.99,1.3500920015714668,Maintain engagement / loyalty rewards,Higher plan cost,Standard,Medium,North America,58,0
0eeed5d2-c02e-4f29-bfc4-85a0f21bed79,0.008116515576665078,Low,17.99,1.7521933826904568,Maintain engagement / loyalty rewards,Low engagement,Premium,Low,North America,18,0
31e1a27e-d7f3-48a6-b560-60963b7ae366,0.9960520833924585,High,17.99,215.0277237627639,Offer targeted discount / personalized content,Low recent activity,Premium,Low,North America,60,1
08875185-f2ab-42e7-ae3e-5945341e5bb7,0.04852066713533525,Low,13.99,8.145649598680082,Maintain engagement / loyalty rewards,Low recent activity,Standard,Medium,Europe,39,0
bb3dc1e7-e1f4-4010-b227-3af57309c626,0.9961416229711558,High,13.99,167.23225566439766,Offer targeted discount / personalized content,Low engagement,Standard,Low,Europe,65,1
51ac7c84-3653-4bd2-8f22-6f6cace9b98b,0.9961274975586903,High,8.99,107.46223443663152,Offer targeted discount / personalized content,Stable usage,Basic,Medium,Europe,38,1
99f7b4c6-5aea-49ad-b746-6e145c979d52,0.9961413952967598,High,8.99,107.46373372461446,Offer targeted discount / personalized content,Low recent activity,Basic,Low,North America,20,1
dd11f0f0-3644-48e2-b20c-bca7038b3028,0.00938099587148251,Low,8.99,1.0120218346155332,Maintain engagement / loyalty rewards,Stable usage,Basic,Medium,North America,27,0
6c369c84-7138-451a-98d8-8dd3d2d2b4f2,0.0074870342906734385,Low,17.99,1.6163009626705818,Maintain engagement / loyalty rewards,Higher plan cost,Premium,High,South America,58,0
2726ac92-319f-4aac-bf5a-89ce36e291fe,0.9961411956823529,High,13.99,167.23218393115343,Offer targeted discount / personalized content,Low recent activity,Standard,Low,Asia,39,1
a31f2dc4-a9a6-4a19-80d9-8dabb6a104e0,0.9761749578310912,High,8.99,105.3097544508181,Offer targeted discount / personalized content,Stable usage,Basic,Medium,Asia,26,1
76a4093f-a297-45cf-a672-8c52d4743545,0.9956543798151598,High,17.99,214.9418675144967,Offer targeted discount / personalized content,Low recent activity,Premium,Medium,Asia,25,1
38d00f7e-c7ba-4cd5-b1fd-fd704cb0502d,0.00749043727012583,Low,13.99,1.2574946089087242,Maintain engagement / loyalty rewards,Low recent activity,Standard,Medium,South America,56,0
f337bc34-f6bf-4cf4-a559-4b79ae8ec658,0.9959753955933903,High,17.99,215.01116840070108,Offer targeted discount / personalized content,Low recent activity,Premium,Low,Asia,49,1
18e0afd1-09c2-4c33-8069-4f2aff4d1f3d,0.9961263340245734,High,17.99,215.04375298922488,Offer targeted discount / personalized content,Low recent activity,Premium,Medium,Africa,70,1
43e26139-b60e-4374-99a0-4e6c798438de,0.007493010214317503,Low,13.99,1.2579265547796223,Maintain engagement / loyalty rewards,Higher plan cost,Standard,High,Europe,21,0
f80ed925-6951-4cf0-8372-8424d7b6af02,0.9961409036402351,High,8.99,107.46368068470858,Offer targeted discount / personalized content,Stable usage,Basic,Medium,Asia,26,1
bad8a04e-c0c9-4084-b4b7-069072424e68,0.007487559905076294,Low,13.99,1.2570115568642082,Maintain engagement / loyalty rewards,Higher plan cost,Standard,High,Europe,33,0
b4cc7509-0f49-4213-82c3-be547ead38e7,0.007488488721609746,Low,8.99,0.8078581632872595,Maintain engagement / loyalty rewards,Stable usage,Basic,High,Africa,29,0
1059ec7d-1182-4b81-98fc-3fa73374a98f,0.9960673609911617,High,8.99,107.45574690372652,Offer targeted discount / personalized content,Stable usage,Basic,Medium,Europe,70,1
80ee7450-f22a-4f0f-b081-c978a5a5b347,0.9961363217607782,High,13.99,167.23136569719944,Offer targeted discount / personalized content,Higher plan cost,Standard,Medium,Asia,48,1
e02106ca-0101-4adc-963b-9bdfc6e6877c,0.9961396656481508,High,8.99,107.46354713012252,Offer targeted discount / personalized content,Low recent activity,Basic,Medium,Europe,20,1
b2c52c4f-2ca8-4719-b798-32128b9009ba,0.0076214225829150635,Low,8.99,0.8221990682448772,Maintain engagement / loyalty rewards,Stable usage,Basic,High,Africa,40,0
def12ba1-ee3f-4059-a620-05d7d523636c,0.9961423125151667,High,8.99,107.46383267413619,Offer targeted discount / personalized content,Low recent activity,Basic,Low,North America,53,1
eb0cd898-3b91-46fc-9d23-8bb53d4297c4,0.00754839984029658,Low,17.99,1.6295485575232254,Maintain engagement / loyalty rewards,Higher plan cost,Premium,Medium,Europe,56,0
fc76c95d-6886-4993-bc12-adbfcd4cdac0,0.9961416582902576,High,17.99,215.04706119170078,Offer targeted discount / personalized content,Low recent activity,Premium,Low,South America,43,1
4641b78c-9f54-43b3-8f33-809da152aba2,0.9961419537712553,High,8.99,107.46379397284304,Offer targeted discount / personalized content,Low recent activity,Basic,Medium,South America,36,1
3829a8ad-947c-4e70-906d-bf4bbdf0fe60,0.007487037715149372,Low,13.99,1.2569238916192766,Maintain engagement / loyalty rewards,Higher plan cost,Standard,High,Africa,54,0
021af9d9-2fff-4a33-b2c4-710ad6f3f85c,0.9961420305642348,High,8.99,107.46380225726966,Offer targeted discount / personalized content,Low recent activity,Basic,Low,Oceania,64,1
0194ee30-cde8-47fd-9568-22e20b2c80dc,0.9961407133096216,High,8.99,107.46366015184199,Offer targeted discount / personalized content,Low recent activity,Basic,Medium,North America,28,1
29836151-75b3-437c-8395-299b962d9f0d,0.007513637379093355,Low,17.99,1.6220440373986733,Maintain engagement / loyalty rewards,Higher plan cost,Premium,Medium,Africa,52,0
5f63adf1-cf70-4f07-8351-63fe77c15857,0.9961420431893844,High,13.99,167.23232621063386,Offer targeted discount / personalized content,Low engagement,Standard,Low,Oceania,50,1
70b0ba0c-2333-4ae5-9860-ec22b91ffc93,0.996127608167251,High,13.99,167.2299028591181,Offer targeted discount / personalized content,Higher plan cost,Standard,Low,North America,61,1
53ce20da-acf5-45f6-bb0c-958c360dbad6,0.995975837354084,High,17.99,215.01126376799965,Offer targeted discount / personalized content,Low recent activity,Premium,Medium,South America,70,1
a36c6729-b90c-4514-92d8-4a98a66bfff4,0.9957942453713639,High,17.99,214.97206169077003,Offer targeted discount / personalized content,Higher plan cost,Premium,Medium,South America,43,1
193ffca7-6d19-4f3c-85e5-9e8b9f7e160e,0.008573220900649315,Low,17.99,1.8507869280321738,Maintain engagement / loyalty rewards,Low engagement,Premium,Low,Oceania,62,0
0146854f-d5a1-4ee7-a28c-69b5af885934,0.9961278739613375,High,13.99,167.22994748062933,Offer targeted discount / personalized content,Higher plan cost,Standard,Medium,South America,26,1
fbbbb16f-2d7f-4b68-b601-13da986cdcef,0.007493307107223996,Low,17.99,1.6176551383075162,Maintain engagement / loyalty rewards,Higher plan cost,Premium,High,South America,63,0
da21d05b-cec0-405d-a7d3-3dad478f3bcf,0.008434334337994367,Low,17.99,1.8208040968862238,Maintain engagement / loyalty rewards,Low engagement,Premium,Low,Oceania,38,0
0f125ed8-866a-4f58-acd3-f981c2d910c4,0.007502870057238048,Low,8.99,0.8094096217748407,Maintain engagement / loyalty rewards,Low recent activity,Basic,High,South America,50,0
5736a841-06be-4e91-a475-fdeae4dbb161,0.995700060700762,High,13.99,167.1581261904439,Offer targeted discount / personalized content,Low recent activity,Standard,Low,North America,49,1
2088ff07-56ed-49a3-8824-6b0f5577b9eb,0.007555253542430888,Low,8.99,0.8150607521574442,Maintain engagement / loyalty rewards,Stable usage,Basic,High,Africa,38,0
534f289f-35c5-4314-973b-1b0c9ed473db,0.9961419815497751,High,8.99,107.46379696958974,Offer targeted discount / personalized content,Low recent activity,Basic,Low,Europe,23,1
976212fe-e88c-4118-a57c-8c828ce17f0c,0.0074869825208459685,Low,17.99,1.6162897866002277,Maintain engagement / loyalty rewards,Higher plan cost,Premium,High,Asia,46,0
8f5e0f72-3edf-4a03-bdb4-44a26f91077b,0.9961421317832713,High,8.99,107.4638131767793,Offer targeted discount / personalized content,Stable usage,Basic,Medium,South America,44,1
e9e8258f-3f5b-4bbf-99a7-59b4c88125e6,0.007487676345879132,Low,13.99,1.2570311049461886,Maintain engagement / loyalty rewards,Higher plan cost,Standard,High,Oceania,36,0
51fad2bb-5e3b-45bc-8424-6e7331d255ae,0.9961381755652796,High,8.99,107.46338637998235,Offer targeted discount / personalized content,Stable usage,Basic,Medium,Europe,23,1
7b770d53-7ea7-4ad9-9fa9-17d09f8e857c,0.007489872197971299,Low,17.99,1.616913610098044,Maintain engagement / loyalty rewards,Higher plan cost,Premium,High,Europe,34,0
16359306-8225-4f9c-a0f6-446f18067c00,0.9961414523535869,High,17.99,215.0470167340923,Offer targeted discount / personalized content,Low engagement,Premium,Low,Asia,62,1
27bb1f44-8d9c-4424-a509-1510f95fa759,0.007947453239637947,Low,13.99,1.3342184498704186,Maintain engagement / loyalty rewards,Higher plan cost,Standard,Medium,Asia,24,0
30999e0c-ada1-4174-89b6-d820cfca282a,0.007486990120922891,Low,13.99,1.256915901500535,Maintain engagement / loyalty rewards,Higher plan cost,Standard,High,Africa,36,0
473f971c-2a0c-48c2-aaaf-b4cdfca5aff3,0.9960377695598351,High,13.99,167.2148207537051,Offer targeted discount / personalized content,Low recent activity,Standard,Medium,Oceania,33,1
46e95e2c-14c7-45ef-a0a8-b5f76f9e5d75,0.9961414304590734,High,8.99,107.46373751792484,Offer targeted discount / personalized content,Stable usage,Basic,Medium,North America,58,1
bb0b842b-0a9e-4351-8f7c-89365dde8a9d,0.007492475675418159,Low,8.99,0.808288275864111,Maintain engagement / loyalty rewards,Stable usage,Basic,High,Asia,20,0
8c0c7d2b-cefb-48b1-a633-c1c84c36c057,0.9961324914637377,High,8.99,107.46277317910803,Offer targeted discount / personalized content,Stable usage,Basic,Medium,South America,20,1
64485bba-7db6-4f9a-a22b-5cfec1cd2ee2,0.9961416679974124,High,17.99,215.0470632872814,Offer targeted discount / personalized content,Low engagement,Premium,Low,South America,33,1
e674d937-9114-4f7c-887a-1cd491c643c6,0.9960127693061864,High,8.99,107.44985755275138,Offer targeted discount / personalized content,Low engagement,Basic,Low,Asia,30,1
2d1ea53f-d9bb-453f-b8be-88dfc36df0a3,0.0074870428481581385,Low,13.99,1.2569247533487884,Maintain engagement / loyalty rewards,Higher plan cost,Standard,High,Europe,59,0
75ef07c7-3ac8-4c14-b9d3-2ce79a3865b7,0.0074896587908037295,Low,13.99,1.2573639178001301,Maintain engagement / loyalty rewards,Higher plan cost,Standard,High,Oceania,54,0
0b11ab87-551c-42d8-a5a4-1cd7ff98386f,0.0074887991244987255,Low,17.99,1.6166819549967848,Maintain engagement / loyalty rewards,Higher plan cost,Premium,High,Asia,47,0
a5ecf5f2-452b-4dcd-873b-342c6094c012,0.00756494389955521,Low,8.99,0.8161061478840161,Maintain engagement / loyalty rewards,Stable usage,Basic,High,Africa,59,0
25ca4e8b-4fed-408f-9f94-607529cdd07b,0.009357786895400034,Low,8.99,1.0095180502757557,Maintain engagement / loyalty rewards,Stable usage,Basic,Medium,Africa,24,0
5f9af2fd-06c8-4c9e-b327-4830dab0361d,0.009373156820274491,Low,13.99,1.5735655669876816,Maintain engagement / loyalty rewards,Low recent activity,Standard,Medium,North America,24,0
fa1f7eb9-e6fd-41f7-943e-1186499aeb8b,0.007493348758508446,Low,13.99,1.2579833895783978,Maintain engagement / loyalty rewards,Higher plan cost,Standard,High,Oceania,53,0
b88b733e-5ac8-46f5-9137-05b8f9e59898,0.9961385043741939,High,13.99,167.23173211433968,Offer targeted discount / personalized content,Low engagement,Standard,Low,Africa,57,1
57e7b754-6ed5-43f6-804d-140bef82a2d7,0.9961419623812209,High,8.99,107.46379490168613,Offer targeted discount / personalized content,Low engagement,Basic,Low,Africa,66,1
60dadbe4-fa7a-4c2d-a577-69aed385c0d0,0.007487080354487498,Low,13.99,1.256931049911361,Maintain engagement / loyalty rewards,Higher plan cost,Standard,Medium,Europe,24,0
aeef9f76-67de-4dc1-ae73-8f625fe165cd,0.9961101667018342,High,17.99,215.04026278759193,Offer targeted discount / personalized content,Low recent activity,Premium,Low,Oceania,28,1
6adc1db8-fe9f-4bec-9cb1-018123ce1b08,0.007487649731505358,Low,17.99,1.6164338240373763,Maintain engagement / loyalty rewards,Higher plan cost,Premium,High,Africa,29,0
45e3d341-d04b-4276-99dc-9fc89496e4b9,0.007529533927693165,Low,17.99,1.6254757843104004,Maintain engagement / loyalty rewards,Higher plan cost,Premium,Medium,North America,45,0
c6ac02c8-fe12-46b3-a1ae-fd7f7ba481f9,0.99614079920623,High,17.99,215.04687573264093,Offer targeted discount / personalized content,Low engagement,Premium,Low,Europe,50,1
a3a126f7-1a28-4a66-9a60-6a60f8411e89,0.9961416698721856,High,13.99,167.23226353814252,Offer targeted discount / personalized content,Low recent activity,Standard,Low,Oceania,23,1
276c1104-d5fd-4930-8d5d-35956891c4fb,0.9961165038671279,High,8.99,107.46104843718575,Offer targeted discount / personalized content,Low engagement,Basic,Low,Oceania,68,1
83cc815b-5d92-4695-a2a2-dacb964e209f,0.9961321370130681,High,8.99,107.4627349409698,Offer targeted discount / personalized content,Low recent activity,Basic,Low,North America,25,1
b985d6de-295a-4ecd-9353-4e9357c6c9dc,0.9961415345166771,High,17.99,215.04703447146022,Offer targeted discount / personalized content,Low engagement,Premium,Low,North America,68,1
b8f85415-9ec9-4b9b-be60-a88f1b6ecbdd,0.9961409296703507,High,8.99,107.46368349283745,Offer targeted discount / personalized content,Low engagement,Basic,Low,Asia,23,1
c3f8acfa-5b6c-4778-994d-0b27b839f52e,0.007494772961988661,Low,17.99,1.6179715870341118,Maintain engagement / loyalty rewards,Higher plan cost,Premium,High,Europe,27,0
cb415cf6-759a-40bc-873b-1abec0c9b5ec,0.9958919496057662,High,8.99,107.43682352347005,Offer targeted discount / personalized content,Low recent activity,Basic,Medium,Asia,62,1
c6028128-8d31-4b45-90a7-4422386e8649,0.007487070589067131,Low,17.99,1.6163087987678122,Maintain engagement / loyalty rewards,Higher plan cost,Premium,Medium,Africa,28,0
24828084-41fa-4b71-a36f-4575ccbe0ca8,0.007487438946693507,Low,13.99,1.256991250370906,Maintain engagement / loyalty rewards,Higher plan cost,Standard,High,Africa,45,0
fa639f8f-0453-46e1-93c3-ed22f0d0dff9,0.0076360686643805725,Low,8.99,0.8237790875133761,Maintain engagement / loyalty rewards,Stable usage,Basic,High,Africa,22,0
7f047317-dfff-44b6-b4fc-4d3b7493da6b,0.9961353567518447,High,8.99,107.46308228638901,Offer targeted discount / personalized content,Low engagement,Basic,Low,Africa,66,1
a1f99ca8-0b8f-4c59-a52e-4eb2ea8d4bf6,0.996032719750855,High,13.99,167.21397299177355,Offer targeted discount / personalized content,Low engagement,Standard,Low,Europe,49,1
d8e3d413-9b2b-47ee-96b7-c1de8ba78a74,0.007492371418813881,Low,13.99,1.2578193137904745,Maintain engagement / loyalty rewards,Higher plan cost,Standard,High,Oceania,37,0
6f47f4c7-63e3-49c7-8e37-bbb0af66e9eb,0.007514915661568915,Low,13.99,1.2616040412641893,Maintain engagement / loyalty rewards,Higher plan cost,Standard,High,North America,60,0
f18bb534-3003-4858-95d7-fdf908fc7432,0.9961417402074041,High,8.99,107.46377093357476,Offer targeted discount / personalized content,Low recent activity,Basic,Low,South America,64,1
91c78112-b9eb-48ad-9fca-29f6197be2d7,0.007571300392813363,Low,13.99,1.2710699099455074,Maintain engagement / loyalty rewards,Higher plan cost,Standard,Medium,Oceania,21,0
c34baf8c-d65c-4aaa-9602-2bb9efaa4f6c,0.007490772610246032,Low,8.99,0.808104549193342,Maintain engagement / loyalty rewards,Stable usage,Basic,High,Oceania,45,0
0ef9124e-50c5-411b-b436-edacd29199a8,0.9961397890361411,High,13.99,167.23194778338737,Offer targeted discount / personalized content,Low engagement,Standard,Low,South America,47,1
8f74fb47-9bcc-4ec6-a9d8-5e795ef2235d,0.9961223665613878,High,17.99,215.04289649327237,Offer targeted discount / personalized content,Higher plan cost,Premium,Medium,Europe,60,1
60fbb4af-309d-4a37-93b2-20c05286ac2f,0.9961405013429184,High,13.99,167.23206736544915,Offer targeted discount / personalized content,Low recent activity,Standard,Low,Africa,60,1
d5ebd5d0-4ce3-4120-9c8a-d01de6e00ba5,0.9961411958830105,High,13.99,167.2321839648398,Offer targeted discount / personalized content,Low recent activity,Standard,Low,Europe,28,1
e2fa23ce-0f5d-44a2-8cec-b14660947d11,0.9957344256964731,High,13.99,167.1638953859239,Offer targeted discount / personalized content,Low engagement,Standard,Low,Europe,25,1
a28580ec-90be-4f6d-ab87-619d8f0679b0,0.9961419301933244,High,13.99,167.2323072408553,Offer targeted discount / personalized content,Low engagement,Standard,Low,Oceania,19,1
d9a89da8-9188-4be1-9fa4-6ff8394bce3a,0.9961410539924701,High,17.99,215.04693073589442,Offer targeted discount / personalized content,Low engagement,Premium,Low,Asia,25,1
658cf3cd-4370-4794-8745-77395b791c00,0.007490296996434047,Low,13.99,1.2574710597613479,Maintain engagement / loyalty rewards,Higher plan cost,Standard,High,Africa,58,0
384e7ce5-f382-45e9-91da-8d4e24b9a392,0.015824425953650724,Low,17.99,3.416177074874118,Maintain engagement / loyalty rewards,Low recent activity,Premium,Medium,South America,31,0
a6b50d35-9ec1-4952-bc1a-4db4877d1b7c,0.9960716999872161,High,13.99,167.22051699385383,Offer targeted discount / personalized content,Low recent activity,Standard,Low,South America,54,1
609e52d2-62e8-428d-b9fa-f2fb77dd62cb,0.007488239867834663,Low,13.99,1.2571257090120833,Maintain engagement / loyalty rewards,Higher plan cost,Standard,High,Asia,65,0
2a70df84-b707-4ccb-b3ac-56b6ccc32347,0.008256360919847609,Low,17.99,1.7823831953767018,Maintain engagement / loyalty rewards,Higher plan cost,Premium,Medium,Oceania,26,0
8372f52f-257c-4f58-ae67-dfa618516600,0.9961413946501283,High,8.99,107.46373365485584,Offer targeted discount / personalized content,Low recent activity,Basic,Low,North America,32,1
d6ad8dcd-7d77-4c28-8a3b-fe698c0f7794,0.9958283546869187,High,8.99,107.4299629036248,Offer targeted discount / personalized content,Low recent activity,Basic,Low,Africa,32,1
2d77b990-4c9b-4602-b2cc-3635194e1daf,0.007490141221650028,Low,13.99,1.2574449082906067,Maintain engagement / loyalty rewards,Higher plan cost,Standard,High,Europe,52,0
aaa3844f-e33c-4ea6-b92d-35a5ceec248a,0.9961168951585074,High,8.99,107.4610906496998,Offer targeted discount / personalized content,Stable usage,Basic,Medium,Europe,67,1
277577cb-b4e0-41ca-9c88-2456d7f2ba36,0.007873357240026222,Low,8.99,0.8493777790540288,Maintain engagement / loyalty rewards,Stable usage,Basic,High,Europe,37,0
3cdce0fe-8109-4092-9d06-4746c152516c,0.9961340279030926,High,17.99,215.0454139437196,Offer targeted discount / personalized content,Higher plan cost,Premium,Medium,North America,68,1
7c88ae82-dad4-4bb3-8e01-e587c43395ab,0.9961417368143198,High,13.99,167.232274776388,Offer targeted discount / personalized content,Low engagement,Standard,Low,South America,38,1
e07c609b-0ad2-4f99-bc35-b91288003b2e,0.007497092033009742,Low,17.99,1.618472228086143,Maintain engagement / loyalty rewards,Higher plan cost,Premium,High,Africa,61,0
d786a211-3e93-4204-8b1d-e10f595bf093,0.010306838067618366,Low,8.99,1.1119016907346695,Maintain engagement / loyalty rewards,Low recent activity,Basic,Medium,South America,40,0
6928de64-4465-4a01-9208-9597cdf58bf8,0.996142040908435,High,8.99,107.46380337320196,Offer targeted discount / personalized content,Low recent activity,Basic,Low,Europe,56,1
d1bae981-3ea1-432e-b791-65c33a5310cc,0.9961418674626235,High,8.99,107.46378466186783,Offer targeted discount / personalized content,Low recent activity,Basic,Low,North America,68,1
d5085dca-434a-4eab-91d5-9a0085af79d2,0.9959385001130322,High,13.99,167.19815539897584,Offer targeted discount / personalized content,Low engagement,Standard,Low,North America,54,1
c51c0139-d70e-4eb5-89a0-fb7553e33b4a,0.9960791869955047,High,17.99,215.0335748885895,Offer targeted discount / personalized content,Higher plan cost,Premium,Medium,Europe,32,1
01c5033b-b19f-4074-a2c2-a1ece7235af7,0.007496865749451678,Low,13.99,1.2585738220179477,Maintain engagement / loyalty rewards,Higher plan cost,Standard,High,Africa,59,0
4ce5cf41-1115-4423-ad64-807b0d57c5d7,0.00811647808090187,Low,13.99,1.362594340221806,Maintain engagement / loyalty rewards,Low recent activity,Standard,Medium,North America,24,0
f332b1a7-8ece-44df-8237-bbc843e979b5,0.009076573606383361,Low,13.99,1.5237751770396388,Maintain engagement / loyalty rewards,Low engagement,Standard,Low,Asia,21,0
1f9510bb-4838-49ae-83dd-4331a0f59f22,0.007487660905250629,Low,13.99,1.2570285127734755,Maintain engagement / loyalty rewards,Low recent activity,Standard,High,Africa,66,0
9a31b543-8464-42d2-ab0b-4d9568ebe947,0.9961415927766886,High,17.99,215.04704704863153,Offer targeted discount / personalized content,Low recent activity,Premium,Low,Africa,26,1
7b7213e4-5ca8-4625-b1d2-f73605f5ca06,0.007498116650722794,Low,8.99,0.808896824279975,Maintain engagement / loyalty rewards,Stable usage,Basic,High,North America,51,0
94520f48-96a9-4b36-a6ee-5cfd9ec9143b,0.9961269342998398,High,8.99,107.46217367226672,Offer targeted discount / personalized content,Low engagement,Basic,Low,Asia,18,1
f258f8f6-080b-4ef1-8884-c508456b9694,0.007487026109527029,Low,17.99,1.616299196524695,Maintain engagement / loyalty rewards,Higher plan cost,Premium,High,South America,29,0
acee18e9-c039-434c-9c7b-8a2bb81bf19f,0.9956702471857126,High,17.99,214.94529296245162,Offer targeted discount / personalized content,Low engagement,Premium,Low,Oceania,58,1
6e346808-c15b-472c-ab5a-83cc8f70c8cb,0.9961409761734897,High,13.99,167.23214708000546,Offer targeted discount / personalized content,Low engagement,Standard,Low,Europe,54,1
786dbd2b-3739-4c1b-946b-6c101f827832,0.007677419040669024,Low,8.99,0.8282399661073743,Maintain engagement / loyalty rewards,Stable usage,Basic,Medium,Africa,61,0
1c44e21b-8dc4-4deb-b0a5-67556fbdf4a2,0.9960063757001306,High,17.99,215.0178563861442,Offer targeted discount / personalized content,Low recent activity,Premium,Medium,North America,24,1
a300bc71-2231-406c-953c-92a9a5ecbd89,0.9961136217733028,High,17.99,215.04100866842057,Offer targeted discount / personalized content,Higher plan cost,Premium,Low,Europe,57,1
4c1eec06-5abb-4b67-a976-0a1b307004ce,0.14409517757059181,Low,17.99,31.107266933939357,Maintain engagement / loyalty rewards,Low engagement,Premium,Low,Oceania,41,0
7dab1ac1-07b0-43d7-a665-63d71f903c49,0.007621058410190595,Low,8.99,0.8221597812913615,Maintain engagement / loyalty rewards,Stable usage,Basic,High,Asia,28,0
d66b7151-9251-4e63-8bac-8784764de25b,0.9961420087182556,High,8.99,107.46379990052542,Offer targeted discount / personalized content,Low engagement,Basic,Low,Africa,64,1
d7fe9858-9131-4293-9ab0-88f6275949f8,0.007502237920153157,Low,8.99,0.8093414268261226,Maintain engagement / loyalty rewards,Stable usage,Basic,High,Asia,26,0
3f1a1195-8bb2-439e-8b0b-09b02dacda0d,0.9961393541480925,High,13.99,167.23187477438177,Offer targeted discount / personalized content,Higher plan cost,Standard,Medium,Asia,30,1
861019e6-124d-4a7b-8c20-0ea5f85f4b04,0.007568206134210434,Low,8.99,0.8164580777586217,Maintain engagement / loyalty rewards,Stable usage,Basic,High,South America,18,0
0caa27d1-1f18-4fa5-97ce-a1656248d78e,0.9959236044129897,High,13.99,167.19565470885271,Offer targeted discount / personalized content,Higher plan cost,Standard,Medium,Oceania,20,1
e2acf824-f42f-4e3b-b767-2d1a38910ce4,0.0076981195385989135,Low,13.99,1.2923603081399857,Maintain engagement / loyalty rewards,Higher plan cost,Standard,Medium,Asia,61,0
c9a4793a-ad86-4111-9021-3b66af99fbfb,0.008878602311696864,Low,8.99,0.9578236173858578,Maintain engagement / loyalty rewards,Stable usage,Basic,High,Asia,68,0
704af732-4f2c-47bd-8005-51eaee71c3bb,0.9961373681824679,High,17.99,215.04613504323112,Offer targeted discount / personalized content,Low engagement,Premium,Low,North America,59,1
a6439c47-77e6-4c51-b834-0f66b0f1a239,0.9959177531580827,High,17.99,214.99872455176688,Offer targeted discount / personalized content,Low recent activity,Premium,Low,Oceania,48,1
9344e6e8-32e7-4867-a514-a51882b6ab16,0.9961059208963927,High,17.99,215.0393462031132,Offer targeted discount / personalized content,Higher plan cost,Premium,Low,Africa,40,1
02629028-5476-4dad-b44b-0c284f757874,0.9959211172228656,High,8.99,107.43997012600275,Offer targeted discount / personalized content,Low engagement,Basic,Low,Africa,56,1
9e919388-ff51-4cf3-a822-a64ebac6a825,0.008249924748158699,Low,13.99,1.3849973667208824,Maintain engagement / loyalty rewards,Low recent activity,Standard,Medium,North America,27,0
af47b2dd-417b-4542-8f5f-34d5f6940e36,0.00749554958046392,Low,13.99,1.2583528635682828,Maintain engagement / loyalty rewards,Higher plan cost,Standard,High,North America,46,0
4403409b-c5ff-4f1d-85b6-d7d26093f6a3,0.9961421691570471,High,8.99,107.46381720866225,Offer targeted discount / personalized content,Low engagement,Basic,Low,South America,43,1
c46da64b-c643-414b-9c74-f9c9cfd93905,0.996139834852603,High,13.99,167.231955475055,Offer targeted discount / personalized content,Low engagement,Standard,Low,South America,21,1
c1d847e8-da01-4f2c-ad47-5ca849b92f6d,0.007497323203481657,Low,8.99,0.8088112271916013,Maintain engagement / loyalty rewards,Stable usage,Basic,High,Africa,23,0
beba695f-a5c0-4418-a080-59fc806ea0c6,0.009733031247118724,Low,8.99,1.049999410939168,Maintain engagement / loyalty rewards,Stable usage,Basic,Medium,North America,58,0
722ad842-9f84-4f22-ba03-ec58ac6c23da,0.9961421013124184,High,17.99,215.04715683132488,Offer targeted discount / personalized content,Low recent activity,Premium,Low,Africa,65,1
6ca95308-1b7d-40a9-a8ff-fc292007d82f,0.995870705327769,High,13.99,167.18677401042586,Offer targeted discount / personalized content,Low recent activity,Standard,Low,North America,54,1
615e7406-59c1-43a1-a7c2-21eebf7b480b,0.9961277023197639,High,8.99,107.46225652625614,Offer targeted discount / personalized content,Stable usage,Basic,Medium,North America,31,1
6165db84-db8d-46ac-b332-1c3c11a6a0d0,0.9961394287061159,High,17.99,215.04657986907628,Offer targeted discount / personalized content,Higher plan cost,Premium,Medium,North America,20,1
e4a0a6b2-3105-4153-8233-36a82a6f9b11,0.9961330449583572,High,17.99,215.04520174561014,Offer targeted discount / personalized content,Higher plan cost,Premium,Medium,Oceania,54,1
2d92d684-bf9c-4dbf-a3ee-f28d0a610007,0.007509107237263295,Low,17.99,1.6210660703804,Maintain engagement / loyalty rewards,Higher plan cost,Premium,Medium,Africa,57,0
09861433-8978-4198-a3f3-51e0cbe5b9a0,0.0074939964240536795,Low,13.99,1.2580921196701316,Maintain engagement / loyalty rewards,Higher plan cost,Standard,High,North America,40,0
32f4e267-4894-4705-9abb-d834e5c51501,0.9958511966709971,High,17.99,214.98435633733484,Offer targeted discount / personalized content,Low engagement,Premium,Low,Asia,65,1
a566dd67-1290-4278-8cc9-fd29e99a7aa6,0.9959760882133235,High,17.99,215.01131792349224,Offer targeted discount / personalized content,Low engagement,Premium,Low,Oceania,21,1
ad8ed552-77c0-494b-a820-0ff9eb72124d,0.9958596015764464,High,8.99,107.43333381806704,Offer targeted discount / personalized content,Low recent activity,Basic,Medium,North America,60,1
3497e92a-d299-4252-b5e1-b77c3424dd97,0.00748699664944037,Low,17.99,1.6162928366811866,Maintain engagement / loyalty rewards,Higher plan cost,Premium,High,Asia,38,0
cc89e609-6ccc-496f-b4ae-de53496d3706,0.007487108458707634,Low,13.99,1.2569357680478375,Maintain engagement / loyalty rewards,Higher plan cost,Standard,High,Europe,57,0
d1abaf68-4ead-452c-9916-921a55246557,0.0074968573263617345,Low,8.99,0.808760968367904,Maintain engagement / loyalty rewards,Stable usage,Basic,High,South America,38,0
f872f7f1-9736-4b28-a268-51c252774a54,0.0074945072131362925,Low,17.99,1.6179142171718628,Maintain engagement / loyalty rewards,Higher plan cost,Premium,High,Africa,43,0
b86bed59-f60a-4ad4-ad4d-1011bda4d143,0.007487047291339146,Low,17.99,1.6163037692542945,Maintain engagement / loyalty rewards,Higher plan cost,Premium,High,Asia,62,0
7f1d805c-7098-481c-aa5a-d4c06ab3b77c,0.0074930618050399285,Low,17.99,1.6176021824720195,Maintain engagement / loyalty rewards,Higher plan cost,Premium,High,North America,27,0
a3eeb138-744f-4bfb-87bf-72f794b2290a,0.9961419898932075,High,17.99,215.0471327781456,Offer targeted discount / personalized content,Low recent activity,Premium,Low,Africa,47,1
2a99d3ad-4874-4d00-a714-5e17ab8be70e,0.9961414143103594,High,8.99,107.46373577580158,Offer targeted discount / personalized content,Low recent activity,Basic,Low,Africa,49,1
871fbc03-cc9a-4915-a0b2-1b53fa2ea19e,0.9961421836591479,High,8.99,107.46381877314889,Offer targeted discount / personalized content,Low recent activity,Basic,Low,Europe,29,1
59c9af14-e6e7-42b9-bfc6-1e3f7b529c79,0.9959308892198795,High,13.99,167.19687768223338,Offer targeted discount / personalized content,Low recent activity,Standard,Medium,Europe,41,1
c8389b66-987e-42cb-a884-a424dd8b6eef,0.00785948342869362,Low,17.99,1.6967052825863784,Maintain engagement / loyalty rewards,Higher plan cost,Premium,Medium,Europe,29,0
f0f2e301-21e8-4b5c-9b1a-69e650630e83,0.9961373605099739,High,17.99,215.04613338689313,Offer targeted discount / personalized content,Low recent activity,Premium,Medium,South America,55,1
2d60c768-c50a-462f-bcbf-e0d5a7715a9c,0.996136559623541,High,8.99,107.4632120521876,Offer targeted discount / personalized content,Stable usage,Basic,Medium,South America,70,1
1dedd7bd-4abf-4f4b-8269-f4becf423ce2,0.007489954755354425,Low,8.99,0.8080163190076353,Maintain engagement / loyalty rewards,Stable usage,Basic,High,Africa,23,0
9cfcedf7-e40b-4540-ba12-84d6f04d55d9,0.0074906085227045725,Low,17.99,1.617072567881463,Maintain engagement / loyalty rewards,Higher plan cost,Premium,High,North America,25,0
29f0d261-6fb7-4413-9e1b-e93d45e073bc,0.00748783431537108,Low,13.99,1.257057624864497,Maintain engagement / loyalty rewards,Higher plan cost,Standard,High,Africa,59,0
0f6eeb6a-a13b-49df-aa42-65048a3879e7,0.9961316645517442,High,8.99,107.46268397184218,Offer targeted discount / personalized content,Stable usage,Basic,Medium,Africa,51,1
867083ff-72cc-4bcb-a44f-442d4a12f7bd,0.9961335948729264,High,13.99,167.2309079072669,Offer targeted discount / personalized content,Higher plan cost,Standard,Medium,Oceania,46,1
b1bc1db4-b670-44f7-a229-9ef130b67a3c,0.0074882111795413235,Low,8.99,0.8078282220489179,Maintain engagement / loyalty rewards,Stable usage,Basic,High,Europe,27,0
91b43c76-8109-4310-9b77-70ff596e5237,0.27446512538885304,Low,8.99,29.609297726949464,Maintain engagement / loyalty rewards,Stable usage,Basic,High,Africa,70,1
f7ef1fac-89a3-46ec-856c-daadc20d6e44,0.0075268293348948745,Low,13.99,1.2636041087421517,Maintain engagement / loyalty rewards,Higher plan cost,Standard,High,Africa,66,0
9b063e64-9ae5-4e10-8b25-04d7859ac28c,0.9961350992636515,High,8.99,107.46305450856273,Offer targeted discount / personalized content,Low recent activity,Basic,Low,Europe,68,1
250343bf-153a-4ecf-969c-591aae270fc8,0.009342533421139183,Low,17.99,2.0168661149555267,Maintain engagement / loyalty rewards,Low recent activity,Premium,Medium,Europe,41,0
3578445b-fdf1-4151-8f2b-22511480c2ef,0.9899154668388169,High,8.99,106.79208056257156,Offer targeted discount / personalized content,Stable usage,Basic,High,South America,41,1
be23ec59-2fcc-4671-9283-33b1981584f0,0.0074869942503640735,Low,17.99,1.616292318768596,Maintain engagement / loyalty rewards,Higher plan cost,Premium,High,South America,35,0
354dd217-2718-4a52-9640-2100fce27845,0.9961413815429303,High,13.99,167.23221513342713,Offer targeted discount / personalized content,Low engagement,Standard,Low,South America,27,1
d9909eed-db58-4db5-b0e4-92b311601ab9,0.9483249061317279,High,13.99,159.2047852413945,Offer targeted discount / personalized content,Higher plan cost,Standard,Medium,Asia,44,1
312afc5f-e59a-4e90-925d-2a8de08ec764,0.007506207765948444,Low,8.99,0.8097696937905183,Maintain engagement / loyalty rewards,Low recent activity,Basic,High,Africa,38,0
75fc6d6b-4c43-4682-8151-3ca3b9669fb7,0.9961409248449801,High,13.99,167.23213846297526,Offer targeted discount / personalized content,Low recent activity,Standard,Low,South America,18,1
88316c46-ce49-4f56-bed6-ac68ea711acf,0.008171416439688647,Low,17.99,1.7640453809999852,Maintain engagement / loyalty rewards,Higher plan cost,Premium,Medium,South America,58,0
301cb0ea-848e-4782-926b-70a7042cd3b8,0.0074869862664380185,Low,17.99,1.616290595198639,Maintain engagement / loyalty rewards,Higher plan cost,Premium,High,Europe,58,0
1aa2e994-3eb1-4bd3-88e9-1aa4c4aab306,0.9961382878799517,High,8.99,107.46339849648919,Offer targeted discount / personalized content,Low engagement,Basic,Low,Oceania,70,1
51c26840-b286-42ef-b074-77c2db6c31f5,0.9961415157076756,High,8.99,107.46374671454406,Offer targeted discount / personalized content,Low engagement,Basic,Low,South America,38,1
24e4bd86-3468-4e68-befb-bd4b6a6676a9,0.9961397014451571,High,8.99,107.46355099190356,Offer targeted discount / personalized content,Stable usage,Basic,Medium,South America,58,1
9eca028c-ffdd-4958-9e30-b04a4d3b93bf,0.007491604320481506,Low,8.99,0.8081942740935448,Maintain engagement / loyalty rewards,Stable usage,Basic,High,Asia,56,0
3d1d46bb-37e3-4347-84f6-1266325022c0,0.9961418074956668,High,17.99,215.04709340216453,Offer targeted discount / personalized content,Low recent activity,Premium,Low,Oceania,38,1
054f20d6-02b1-4e8b-845e-85daac125a5a,0.007523273785257195,Low,13.99,1.2630072030689778,Maintain engagement / loyalty rewards,Higher plan cost,Standard,Medium,Oceania,70,0
965f3ea1-7c9b-4640-bd10-d27c42163c65,0.9958695638308924,High,17.99,214.98832143981303,Offer targeted discount / personalized content,Low recent activity,Premium,Medium,North America,61,1
d26df67f-9283-43be-be84-53d211ed7bf4,0.007678430994551487,Low,8.99,0.8283491356922146,Maintain engagement / loyalty rewards,Stable usage,Basic,High,Europe,53,0
02ca32eb-bc08-4a92-8c39-ea2fe7612be9,0.9961278434079464,High,17.99,215.04407883490745,Offer targeted discount / personalized content,Higher plan cost,Premium,Medium,Asia,53,1
6bc3b8c6-8beb-4c8d-b43e-6f17e0280063,0.007495467972567044,Low,13.99,1.2583391632345553,Maintain engagement / loyalty rewards,Higher plan cost,Standard,High,South America,58,0
aa6f379a-ce91-484e-b54e-c1223dd2a9c0,0.9961416383230549,High,13.99,167.23225824167446,Offer targeted discount / personalized content,Low engagement,Standard,Low,Europe,19,1
1d3f0f36-3bb5-407a-a51b-4656e78996aa,0.9961345509045756,High,8.99,107.46299535158562,Offer targeted discount / personalized content,Low recent activity,Basic,Low,Asia,47,1
8ab68b44-3c2f-41b6-b3b9-39b79bd94fa8,0.05506266963539349,Low,17.99,11.886929120888745,Maintain engagement / loyalty rewards,Low engagement,Premium,Low,Oceania,19,0
108167e5-098a-4268-834b-c154d0500827,0.9960336908407873,High,13.99,167.21413601835138,Offer targeted discount / personalized content,Higher plan cost,Standard,Medium,North America,67,1
20c8a7c5-8ed4-4b39-a8f3-244a4679ff09,0.996121702623614,High,8.99,107.46160927903547,Offer targeted discount / personalized content,Low recent activity,Basic,Medium,North America,47,1
f2f4b958-e361-4c93-afd5-3ce91d7b7165,0.0075431266920795255,Low,8.99,0.8137525075415393,Maintain engagement / loyalty rewards,Stable usage,Basic,High,Oceania,25,0
b305a860-7ad9-4d15-b67d-a8c5f7d04158,0.007487932876607534,Low,13.99,1.2570741713248728,Maintain engagement / loyalty rewards,Higher plan cost,Standard,High,Africa,59,0
6dfa61eb-b7eb-4d9f-979a-252808674892,0.9959783187420506,High,17.99,215.01179945003383,Offer targeted discount / personalized content,Low engagement,Premium,Low,Africa,39,1
58e23f86-3804-49d5-aad4-ddae9767076e,0.007503400291935759,Low,8.99,0.8094668234940297,Maintain engagement / loyalty rewards,Stable usage,Basic,High,Europe,27,0
d9ab0b45-1fd7-42b4-8cac-954c506f4b0b,0.0074880332179921225,Low,17.99,1.6165166111001392,Maintain engagement / loyalty rewards,Higher plan cost,Premium,High,South America,68,0
92f00f87-ff84-41ee-8555-81009d4b6d10,0.007491429612114761,Low,13.99,1.2576612032818262,Maintain engagement / loyalty rewards,Higher plan cost,Standard,High,Oceania,26,0
8751780d-93c1-4eb9-8905-ec30ecc5cabd,0.9961364724756516,High,13.99,167.23139099921238,Offer targeted discount / personalized content,Low recent activity,Standard,Medium,Europe,49,1
5e67d8d5-6502-4810-99de-205eff3fa834,0.9958442111997995,High,8.99,107.43167350423437,Offer targeted discount / personalized content,Low recent activity,Basic,Medium,Oceania,41,1
337d7132-8164-46fe-9481-78329007a7af,0.9958487458671692,High,13.99,167.18308745618037,Offer targeted discount / personalized content,Low engagement,Standard,Low,Europe,27,1
09b2a1f5-8eed-45d8-b381-b3327cfcd14f,0.007494165409373752,Low,13.99,1.2581204889256654,Maintain engagement / loyalty rewards,Higher plan cost,Standard,High,Oceania,20,0
3fad7427-ca8a-45c7-8ace-23b3cfa8b921,0.007497019028115179,Low,17.99,1.6184564677895046,Maintain engagement / loyalty rewards,Higher plan cost,Premium,High,South America,51,0
18780a36-d9e5-4aa3-ad15-3c6d0fb16344,0.007489149480462425,Low,13.99,1.2572784147800318,Maintain engagement / loyalty rewards,Higher plan cost,Standard,High,Asia,32,0
55a3fde3-633f-4391-8622-3375e3fa49b7,0.007487183869524622,Low,13.99,1.2569484280157937,Maintain engagement / loyalty rewards,Higher plan cost,Standard,High,Oceania,23,0
1e9b1aeb-5474-4b08-8588-d736f184d8fe,0.9958762161732919,High,13.99,167.18769917117226,Offer targeted discount / personalized content,Higher plan cost,Standard,Medium,Africa,60,1
1f81b811-5888-4bae-83fd-50155e50c4da,0.99613643458623,High,13.99,167.2313846383363,Offer targeted discount / personalized content,Higher plan cost,Standard,Medium,South America,39,1
3b6f4e0f-3b8f-43a4-b7cb-806e26bf35d5,0.9961392518638963,High,8.99,107.46350249107714,Offer targeted discount / personalized content,Low engagement,Basic,Low,South America,70,1
6dce1b4d-a8d3-4f5a-94dc-b0fe742371df,0.012319126552712006,Low,13.99,2.068134965669292,Maintain engagement / loyalty rewards,Low recent activity,Standard,Medium,South America,34,0
534229c3-8f50-4913-9f38-ceb0de98fa82,0.98178791326886,High,8.99,105.9152800834446,Offer targeted discount / personalized content,Stable usage,Basic,Medium,Europe,42,1
ff43bebc-c143-44c4-bc18-643f1fab423c,0.9961408618058339,High,13.99,167.2321278799634,Offer targeted discount / personalized content,Low engagement,Standard,Low,Oceania,32,1
eb64992f-d352-47d7-afb7-c03dd58cdba6,0.007489841484724152,Low,17.99,1.61690697972225,Maintain engagement / loyalty rewards,Higher plan cost,Premium,High,Asia,50,0
15f25fe0-0224-44b0-a150-2afc797b5cd5,0.9959615616014428,High,13.99,167.20202696165023,Offer targeted discount / personalized content,Low recent activity,Standard,Low,Asia,26,1
319e82a6-0499-4d27-9f10-f3c05154c3a0,0.007486996863674325,Low,17.99,1.6162928829300132,Maintain engagement / loyalty rewards,Higher plan cost,Premium,High,South America,29,0
60edeb0f-1d93-4636-ad6d-7aafabfe9220,0.995771441297201,High,13.99,167.1701095649741,Offer targeted discount / personalized content,Higher plan cost,Standard,Medium,North America,60,1
1d13d8f1-ee57-45e2-981a-5ec74bc67f1d,0.9959199096929925,High,17.99,214.99919010452322,Offer targeted discount / personalized content,Higher plan cost,Premium,Medium,South America,58,1
132eb3c0-beb0-4236-8684-bb3e2fc8cec9,0.9958758439046779,High,13.99,167.1876366747173,Offer targeted discount / personalized content,Low recent activity,Standard,Medium,Oceania,55,1
cc7b109f-a26d-466b-aee5-eea0b7709004,0.007836671659342695,Low,17.99,1.6917806778189006,Maintain engagement / loyalty rewards,Higher plan cost,Premium,Medium,Oceania,60,0
48b066a3-ba77-444f-ac80-33a8b5921cea,0.995711307615597,High,17.99,214.95415708805507,Offer targeted discount / personalized content,Higher plan cost,Premium,Medium,Europe,24,1
892b51bc-17bf-44f1-a629-5ab54394fc90,0.007487694197546871,Low,13.99,1.2570341018841686,Maintain engagement / loyalty rewards,Higher plan cost,Standard,High,Asia,30,0
e469dd14-2b8e-4054-b091-b7e45361ed5e,0.007487341522035484,Low,17.99,1.61636728777702,Maintain engagement / loyalty rewards,Higher plan cost,Premium,Medium,South America,44,0
72227fe7-9cb6-4220-8596-0bcad0d4d3e4,0.9961414221174598,High,8.99,107.46373661803156,Offer targeted discount / personalized content,Low recent activity,Basic,Medium,South America,63,1
53bc3af1-7d15-47c2-a0e0-d07714326d65,0.007487017337916719,Low,13.99,1.2569204706894588,Maintain engagement / loyalty rewards,Higher plan cost,Standard,High,Oceania,22,0
8cab77af-0730-4c99-abfa-9322d9cd1e3f,0.9960989834885627,High,13.99,167.22509734805993,Offer targeted discount / personalized content,Higher plan cost,Standard,Medium,Oceania,49,1
6af66e55-75f5-4b4b-8cc6-59f5b1a12687,0.9960295406640185,High,13.99,167.21343928667545,Offer targeted discount / personalized content,Low recent activity,Standard,Medium,Africa,46,1
74a351ad-a105-47a3-8788-be27f4901415,0.9961406922783189,High,17.99,215.04685264904347,Offer targeted discount / personalized content,Low engagement,Premium,Low,North America,46,1
ebfb6de4-10aa-40fd-8f58-14f5bbe80d7f,0.9961420830160298,High,8.99,107.46380791576928,Offer targeted discount / personalized content,Low recent activity,Basic,Low,Europe,48,1
c1dd3024-79ef-48e1-b1f7-420cd63b57bf,0.008022811484378814,Low,13.99,1.3468695919975153,Maintain engagement / loyalty rewards,Low recent activity,Standard,Medium,South America,34,0
adb42d2f-cca8-4f85-ba5f-9ce775b0cdb7,0.9960221427372294,High,13.99,167.2121973227261,Offer targeted discount / personalized content,Low recent activity,Standard,Low,South America,27,1
c44dca13-8b31-45ae-8749-b96c8cc7f207,0.9946218620318218,High,13.99,166.97711819790223,Offer targeted discount / personalized content,Low engagement,Standard,Low,Africa,42,1
55b61c53-96bb-4c6e-9ebe-21cb327d2935,0.9949756714452465,High,17.99,214.79534795159975,Offer targeted discount / personalized content,Higher plan cost,Premium,Medium,South America,34,1
a20e1296-2ca8-4935-9877-ced081fdedd6,0.007518721307124786,Low,13.99,1.262242933040109,Maintain engagement / loyalty rewards,Higher plan cost,Standard,Medium,North America,63,0
ed9ece99-238c-42cb-9dec-fd9333218f1a,0.007505199997780246,Low,8.99,0.8096609757605331,Maintain engagement / loyalty rewards,Stable usage,Basic,High,Oceania,63,0
05014de6-4f07-455d-ae29-2ec9600d723c,0.007490731274174316,Low,17.99,1.617099067468751,Maintain engagement / loyalty rewards,Higher plan cost,Premium,High,North America,52,0
e0907dc5-05e8-4469-822f-a363ed76009f,0.007491803501068992,Low,17.99,1.6173305398107738,Maintain engagement / loyalty rewards,Higher plan cost,Premium,High,South America,44,0
7f20a481-fa8a-466a-8003-791225f73ab2,0.9958386911576665,High,8.99,107.43107800208907,Offer targeted discount / personalized content,Stable usage,Basic,Medium,Oceania,32,1
ffa3c2de-0887-4b1a-9f2e-f0aaaf5ea2e5,0.9961410628131795,High,17.99,215.0469326401092,Offer targeted discount / personalized content,Low recent activity,Premium,Low,Oceania,28,1
1c351517-e739-4ef8-a0bf-c188dc68abca,0.0074870300106832125,Low,13.99,1.2569225981934977,Maintain engagement / loyalty rewards,Higher plan cost,Standard,High,Oceania,39,0
a54d2797-8e28-42a3-a8b9-74d42fc1d3bd,0.9957293949742775,High,13.99,167.1630508282817,Offer targeted discount / personalized content,Low recent activity,Standard,Medium,Africa,51,1
1f1b3a5e-0dbc-4352-ac12-73d9bc1dc7b4,0.007951594214839043,Low,13.99,1.3349136367871788,Maintain engagement / loyalty rewards,Higher plan cost,Standard,Medium,South America,53,0
7e6f4d69-8626-4fd9-a4b9-f0206bd3fa3b,0.9961420441900348,High,17.99,215.0471444997447,Offer targeted discount / personalized content,Low recent activity,Premium,Low,Europe,50,1
3835799a-8de3-44fd-8982-3f36e75865ed,0.00749911017512932,Low,17.99,1.6189079046069172,Maintain engagement / loyalty rewards,Higher plan cost,Premium,High,North America,37,0
6c6bdb2d-b94f-40dd-9427-be74fdbb7d3b,0.00825320975659259,Low,8.99,0.8903562685412086,Maintain engagement / loyalty rewards,Stable usage,Basic,High,Asia,69,0
b40e1e26-2209-4e4f-8ca8-5199ec7d599b,0.3652761839737756,Low,13.99,61.32256576551745,Maintain engagement / loyalty rewards,Low recent activity,Standard,Medium,North America,26,0
31785188-5996-4861-a62c-90d91330002d,0.007493363221526249,Low,8.99,0.8083840243382517,Maintain engagement / loyalty rewards,Stable usage,Basic,High,Oceania,38,0
a765f57c-d958-435c-b331-ffc9a8750a0f,0.9961418481938308,High,8.99,107.46378258315048,Offer targeted discount / personalized content,Low recent activity,Basic,Low,Asia,50,1
e8f2664c-402d-4227-975c-6b6f3960336f,0.9961416287947259,High,13.99,167.2322566420586,Offer targeted discount / personalized content,Low recent activity,Standard,Low,Asia,61,1
c78370fc-117b-44eb-927d-1e56d69513fc,0.008271545869295585,Low,17.99,1.785661322263531,Maintain engagement / loyalty rewards,Low recent activity,Premium,Low,Oceania,54,0
86f4f231-f362-43d5-91ca-d0045caa2ba6,0.0074925282037791,Low,8.99,0.8082939426236894,Maintain engagement / loyalty rewards,Stable usage,Basic,High,North America,66,0
a1ba331a-1851-4e9e-a785-9e38e25fee01,0.007488717719617177,Low,8.99,0.8078828675923011,Maintain engagement / loyalty rewards,Stable usage,Basic,High,South America,39,0
31d3a4d3-4f08-4c99-b7c0-b86e5d907649,0.9961423098165291,High,8.99,107.46383238300717,Offer targeted discount / personalized content,Low engagement,Basic,Low,Asia,27,1
e0cdb351-f217-4c9b-8462-56cd11d35000,0.9961402222184395,High,8.99,107.46360717292524,Offer targeted discount / personalized content,Stable usage,Basic,Medium,Asia,62,1
e8b7beae-b596-437f-9003-baf5250132d1,0.008474364333960618,Low,17.99,1.829445772415418,Maintain engagement / loyalty rewards,Higher plan cost,Premium,Medium,Europe,22,0
c39feafb-2760-416e-98e6-ec7ba55a88bb,0.00749299160207228,Low,13.99,1.2579234301558944,Maintain engagement / loyalty rewards,Higher plan cost,Standard,High,Europe,61,0
e86efcfc-cc7a-402e-b8c1-b2a0a5ad92b8,0.0076671964943669695,Low,8.99,0.8271371578123088,Maintain engagement / loyalty rewards,Low recent activity,Basic,High,North America,49,0
13ce4e0a-ed91-400c-a92a-d6d39c14bdd9,0.0074870184073354065,Low,17.99,1.6162975337755676,Maintain engagement / loyalty rewards,Higher plan cost,Premium,High,South America,32,0
51a00cea-7f82-4b3b-b03e-dcd34870ecb6,0.007520118458791322,Low,17.99,1.6234431728838703,Maintain engagement / loyalty rewards,Higher plan cost,Premium,Medium,Europe,49,0
450aaa67-4be4-4d6a-957f-3c3b3e02f741,0.008859257858160347,Low,13.99,1.487292209227959,Maintain engagement / loyalty rewards,Low engagement,Standard,Low,South America,38,0
f5309997-6d14-4c98-9379-ac88f9cbbe93,0.9958040714287308,High,13.99,167.17558751145535,Offer targeted discount / personalized content,Low engagement,Standard,Low,Asia,29,1
7b727762-d96e-4828-bd7d-0548f6311542,0.9958883646418935,High,17.99,214.99238015889193,Offer targeted discount / personalized content,Higher plan cost,Premium,Medium,Europe,47,1
f0998eae-9a45-4ed5-95e4-0b6a02db0630,0.9958487861576117,High,8.99,107.43216705068316,Offer targeted discount / personalized content,Low engagement,Basic,Low,North America,56,1
0cacf79a-fce7-458e-b6c4-875c2af22550,0.9961381959537189,High,13.99,167.23168033671033,Offer targeted discount / personalized content,Higher plan cost,Standard,Medium,Asia,23,1
725f7196-8df8-4046-8d35-22a7ee20413e,0.9959155365279168,High,17.99,214.99824602564667,Offer targeted discount / personalized content,Higher plan cost,Premium,Medium,South America,28,1
7767a55d-bc06-4edf-89a6-0235f5728dd5,0.9959716201814451,High,13.99,167.20371559606102,Offer targeted discount / personalized content,Low engagement,Standard,Low,Asia,19,1
e12018ab-4d36-4bbe-bd5a-3e7d2c14b5bb,0.007602158314159774,Low,8.99,0.8201208389315564,Maintain engagement / loyalty rewards,Stable usage,Basic,High,South America,52,0
c24bf17b-a0f9-429c-9b41-a7b00dcfa39b,0.9959968636059845,High,17.99,215.0158029152599,Offer targeted discount / personalized content,Higher plan cost,Premium,Medium,Africa,62,1
d2c7c300-4be4-4fc4-9e3b-f7075f0140d4,0.007506866992197922,Low,8.99,0.8098408111183119,Maintain engagement / loyalty rewards,Stable usage,Basic,High,North America,28,0
11889462-30c0-4225-a01f-7363d2edb91f,0.007561070957070697,Low,17.99,1.6322839982124218,Maintain engagement / loyalty rewards,Higher plan cost,Premium,Medium,Europe,43,0
ef33bc45-1eef-4924-970e-4fe1e0a2ad6b,0.9085695789257627,High,8.99,98.01648617451129,Offer targeted discount / personalized content,Stable usage,Basic,Medium,Asia,62,1
fb73a240-4dd9-4168-adfa-cd33c41b23a3,0.007493054720413306,Low,13.99,1.257934026462986,Maintain engagement / loyalty rewards,Higher plan cost,Standard,High,Asia,45,0
6f0b25fb-c81b-4416-ad28-7ae1b7f73dfc,0.9961419088195923,High,8.99,107.46378912345762,Offer targeted discount / personalized content,Low recent activity,Basic,Low,Africa,68,1
d4642e0c-7c28-4b72-a098-27f0f6bf51ac,0.9955935420271885,High,8.99,107.4046313138931,Offer targeted discount / personalized content,Low engagement,Basic,Low,South America,24,1
c211101f-5e9f-4e0a-b04d-6e14174a8a29,0.01177727865574193,Low,8.99,1.2705328213814395,Maintain engagement / loyalty rewards,Stable usage,Basic,Medium,Asia,45,0
7e0c2384-0d8b-4ba9-9ff0-698bbd61512d,0.007493114941316287,Low,13.99,1.2579441363481783,Maintain engagement / loyalty rewards,Low recent activity,Standard,High,Asia,64,0
45217a6b-8346-4945-907e-aa7b308c5d9d,0.9961333859119087,High,8.99,107.46286967217671,Offer targeted discount / personalized content,Low engagement,Basic,Low,South America,21,1
abfeba54-42ea-43d9-a800-a069d5b0dbda,0.9959248457738269,High,8.99,107.44037236208045,Offer targeted discount / personalized content,Low engagement,Basic,Low,Europe,66,1
fac6f604-ca17-4e60-9c5a-50a7bd80f2bb,0.00814775320743206,Low,17.99,1.758936962420433,Maintain engagement / loyalty rewards,Higher plan cost,Premium,Medium,Oceania,59,0
c7370855-3032-43eb-988b-e8ac68458da1,0.007746679860965944,Low,17.99,1.6723532483853276,Maintain engagement / loyalty rewards,Low recent activity,Premium,High,North America,25,0
c1297aad-0eff-4128-a815-3d35e932b23c,0.9961351048561286,High,8.99,107.46305511187916,Offer targeted discount / personalized content,Stable usage,Basic,Low,Asia,55,1
272a45af-0205-4022-a7d3-fd8266d2a630,0.9961422874445077,High,8.99,107.46382996951351,Offer targeted discount / personalized content,Low engagement,Basic,Low,Africa,46,1
0bdf101f-bfac-4ae9-82bb-a063653efd7b,0.007494376354663268,Low,8.99,0.8084933211410733,Maintain engagement / loyalty rewards,Stable usage,Basic,High,Europe,41,0
305425be-706a-499b-992f-7c0c74027cba,0.0485472522628249,Low,17.99,10.480380818498638,Maintain engagement / loyalty rewards,Higher plan cost,Premium,Medium,Oceania,63,0
0c341383-e13c-495a-97e6-9da049fa458e,0.9961384851412569,High,17.99,215.04637617229452,Offer targeted discount / personalized content,Low recent activity,Premium,Medium,South America,27,1
1839b86b-6680-44d8-91d9-6875ad85997e,0.007491689123082278,Low,17.99,1.6173058478910023,Maintain engagement / loyalty rewards,Higher plan cost,Premium,High,North America,50,0
ed301603-0c5b-4e19-bc71-e669064a348d,0.008676168977010443,Low,13.99,1.456555247860513,Maintain engagement / loyalty rewards,Low recent activity,Standard,Medium,Asia,42,0
d63982f2-ea11-489e-9092-559a4f2190ec,0.9961409063131645,High,13.99,167.23213535185408,Offer targeted discount / personalized content,Low recent activity,Standard,Low,North America,60,1
f45345b7-462c-499d-9ad0-b9852024225d,0.0075316515961932826,Low,17.99,1.6259329465862056,Maintain engagement / loyalty rewards,Higher plan cost,Premium,High,South America,22,0
c2f0dedf-b5be-49d7-a724-7ace524e3cbf,0.007487877014914768,Low,17.99,1.6164828899797998,Maintain engagement / loyalty rewards,Higher plan cost,Premium,High,Asia,67,0
dbab2c81-25f3-4f64-969d-48093e7989cc,0.9961415748615281,High,17.99,215.0470431811067,Offer targeted discount / personalized content,Low engagement,Premium,Low,Europe,50,1
e983ae1e-8a1b-4d99-b9fe-35b35f4e5a18,0.007491180395869735,Low,17.99,1.6171960238603582,Maintain engagement / loyalty rewards,Higher plan cost,Premium,High,Asia,64,0
1f5bbc73-5a88-444b-9814-ad4f1aa9291c,0.007866946616514143,Low,17.99,1.6983164355730729,Maintain engagement / loyalty rewards,Higher plan cost,Premium,Medium,Asia,26,0
79e33997-7571-4785-bf32-7c6b45dd2a38,0.9959134393517324,High,17.99,214.99779328725197,Offer targeted discount / personalized content,Low engagement,Premium,Low,North America,37,1
abac424e-372a-41ae-83ad-49cb2c194231,0.9959208893004196,High,13.99,167.19519889575446,Offer targeted discount / personalized content,Higher plan cost,Standard,Medium,Africa,64,1
09f7ad4e-663a-4d60-a8cb-28fbb633d12f,0.007488989449153412,Low,13.99,1.257251548723875,Maintain engagement / loyalty rewards,Higher plan cost,Standard,High,Africa,32,0
3b9e88b6-d283-419b-9562-d98fe199e04e,0.996140650093027,High,17.99,215.04684354208266,Offer targeted discount / personalized content,Low engagement,Premium,Low,Asia,39,1
c9fa7288-917d-4b7c-8538-dcc9d103ab8b,0.9782406266388612,High,13.99,164.22703640013202,Offer targeted discount / personalized content,Low engagement,Standard,Low,Oceania,66,1
d71984cf-9d1d-4192-95df-020aed82e1af,0.9757294473307777,High,17.99,210.6404730897683,Offer targeted discount / personalized content,Higher plan cost,Premium,Medium,South America,57,1
c70b095c-012c-4449-97e4-e685d7b9a45b,0.007501065807653487,Low,8.99,0.8092149793296581,Maintain engagement / loyalty rewards,Stable usage,Basic,High,Asia,53,0
5b57deb8-313a-4470-b11e-f3a11aecea63,0.9961420646335245,High,8.99,107.46380593266463,Offer targeted discount / personalized content,Low engagement,Basic,Low,North America,36,1
ec879c8c-9cc0-41a3-b625-69979bbc565f,0.9961078538429533,High,17.99,215.03976348761677,Offer targeted discount / personalized content,Higher plan cost,Premium,Medium,Europe,67,1
292f1ea2-d6d7-4446-9ed3-325ed83d4238,0.007951854110047622,Low,8.99,0.8578460213919374,Maintain engagement / loyalty rewards,Stable usage,Basic,High,Asia,32,0
c8bd8abb-7f19-4148-8b95-bf358610e66e,0.007487010933962837,Low,17.99,1.6162959204238971,Maintain engagement / loyalty rewards,Higher plan cost,Premium,High,South America,48,0
2dcbd1ab-9f58-4dfd-86ae-87927ae211bf,0.9961335130800777,High,8.99,107.46288339107878,Offer targeted discount / personalized content,Low engagement,Basic,Low,North America,32,1
645a02c0-c741-4abc-8ac1-a9fb97b766e9,0.007496609876057239,Low,17.99,1.6183681400432368,Maintain engagement / loyalty rewards,Higher plan cost,Premium,High,South America,50,0
ee23b820-b023-455c-a164-7a6f029cb8c8,0.9961250348040471,High,17.99,215.04347251349768,Offer targeted discount / personalized content,Higher plan cost,Premium,Low,South America,55,1
df604392-c45e-4f2d-80d5-544300e084e2,0.9961414379409572,High,8.99,107.46373832507047,Offer targeted discount / personalized content,Low engagement,Basic,Low,Asia,41,1
9b57e510-576f-4fce-87b1-8f4d2b614820,0.9960569508250389,High,17.99,215.02877454410935,Offer targeted discount / personalized content,Low recent activity,Premium,Medium,South America,34,1
22de8619-8784-4702-a030-c9ca8312d7f1,0.0074974919675204425,Low,17.99,1.6185585659483128,Maintain engagement / loyalty rewards,Higher plan cost,Premium,High,South America,26,0
1c47a376-99f8-413d-80a8-1b409b29a493,0.007879288065165075,Low,17.99,1.700980707507836,Maintain engagement / loyalty rewards,Higher plan cost,Premium,Medium,Africa,59,0
fef2b49b-0991-4aa2-8614-d01832721049,0.9961145978836619,High,17.99,215.04121939112488,Offer targeted discount / personalized content,Low recent activity,Premium,Medium,Africa,58,1
a51a0fca-f883-4bde-9acb-a7dd51f56f09,0.996142185051264,High,8.99,107.46381892333036,Offer targeted discount / personalized content,Low engagement,Basic,Low,Oceania,22,1
6cf5b92e-37e9-4e2e-9993-28d4abdbe701,0.007495892665194769,Low,8.99,0.8086569007212117,Maintain engagement / loyalty rewards,Stable usage,Basic,High,Africa,44,0
e0a74f0e-ad6f-485f-b40b-a100315bb68d,0.01063918397133607,Low,8.99,1.1477551668277353,Maintain engagement / loyalty rewards,Stable usage,Basic,High,North America,62,0
3135c865-75e1-426d-bb90-4f6550be662a,0.9961364251175462,High,13.99,167.23138304873365,Offer targeted discount / personalized content,Low recent activity,Standard,Low,North America,20,1
2fa4c011-968c-449e-b26f-3cb70ae6a8a0,0.007592198163268313,Low,8.99,0.8190463378533857,Maintain engagement / loyalty rewards,Stable usage,Basic,High,Europe,49,0
07e2381a-6287-4599-acc0-231fcce39535,0.007919875690857007,Low,17.99,1.7097427641422107,Maintain engagement / loyalty rewards,Higher plan cost,Premium,Medium,Europe,52,0
b40a2be6-d491-4cb7-820e-5d185505bbb6,0.011961256007253295,Low,17.99,2.5821959468458413,Maintain engagement / loyalty rewards,Low recent activity,Premium,Medium,North America,69,0
91ec5e63-ded9-4939-9069-d62188a03aef,0.9950331835993692,High,17.99,214.8077636754318,Offer targeted discount / personalized content,Higher plan cost,Premium,Medium,Africa,55,1
8c1a9225-1585-49c8-84c6-ef0e0cd5265b,0.99586403108001,High,13.99,167.18565353771208,Offer targeted discount / personalized content,Low recent activity,Standard,Medium,Africa,51,1
0a327804-a317-4c35-ba2d-ef4656c5f744,0.008101974111364995,Low,17.99,1.749054171161475,Maintain engagement / loyalty rewards,Higher plan cost,Premium,Medium,Europe,32,0
76ad4d6a-19dd-42de-add3-bb96a7511b3c,0.995913199305166,High,17.99,214.9977414659992,Offer targeted discount / personalized content,Low engagement,Premium,Low,Asia,53,1
1a2dcd89-e8ac-4205-abd6-4f2fa9a6559a,0.9961421235883424,High,8.99,107.46381229271037,Offer targeted discount / personalized content,Low engagement,Basic,Low,Oceania,44,1
06938a8c-6c69-4e18-8c06-17a8f12f6019,0.996142041739359,High,8.99,107.46380346284207,Offer targeted discount / personalized content,Low engagement,Basic,Low,Asia,25,1
fef9c533-b570-4ab6-8bbc-8bc6bbec40fd,0.9959679629134579,High,17.99,215.00956383375726,Offer targeted discount / personalized content,Low engagement,Premium,Low,Asia,60,1
87bb868a-f169-41ac-ab78-94021cf19a0f,0.9961407797853654,High,13.99,167.23211411036715,Offer targeted discount / personalized content,Low engagement,Standard,Low,Africa,68,1
1d1cd9d8-ec13-4c06-88b3-c7aced7f8570,0.009597745940296668,Low,17.99,2.0719613935912444,Maintain engagement / loyalty rewards,Low engagement,Premium,Low,Europe,22,0
240347ff-cafe-4b8b-86da-a0a0b6b8e162,0.007508011573475343,Low,8.99,0.80996428854652,Maintain engagement / loyalty rewards,Stable usage,Basic,High,Africa,43,0
732d67f8-5996-46fe-9b35-695e2c344cee,0.9961415656123753,High,8.99,107.46375209826304,Offer targeted discount / personalized content,Low recent activity,Basic,Low,Oceania,65,1
97e6a461-5a39-4cd6-8459-95562f279693,0.007626431689934915,Low,8.99,0.8227394507101786,Maintain engagement / loyalty rewards,Stable usage,Basic,High,Oceania,38,0
c1036f42-7ebe-4737-aa18-7019022de901,0.9961416157315046,High,17.99,215.04705200411718,Offer targeted discount / personalized content,Low engagement,Premium,Low,Asia,61,1
d7e8c0ad-3178-481a-855e-5fd5fe3ffa43,0.007600662894247377,Low,17.99,1.6408311056101235,Maintain engagement / loyalty rewards,Low recent activity,Premium,Medium,North America,68,0
92f2af93-27fc-4030-95ce-aecc9b077942,0.996007358177051,High,13.99,167.2097152907633,Offer targeted discount / personalized content,Higher plan cost,Standard,Medium,Oceania,54,1
de7ca252-1a6c-444f-950d-1d30acb83619,0.008417857555855907,Low,17.99,1.8172470891581731,Maintain engagement / loyalty rewards,Higher plan cost,Premium,Medium,South America,28,0
4b2d1a25-31b7-4b0f-bc95-017606ce2284,0.9961418546144383,High,8.99,107.4637832758056,Offer targeted discount / personalized content,Low recent activity,Basic,Medium,South America,54,1
5497a74d-e048-4392-9025-2000dfceb952,0.9961420540930399,High,8.99,107.46380479555714,Offer targeted discount / personalized content,Low recent activity,Basic,Low,South America,63,1
decb540e-6381-40d1-8c00-29e7277a279d,0.9955565729925052,High,8.99,107.40064309443146,Offer targeted discount / personalized content,Stable usage,Basic,Medium,South America,59,1
ab11ccda-a915-4c76-851d-663a8e0d10df,0.007677886729209829,Low,8.99,0.8282904203471564,Maintain engagement / loyalty rewards,Stable usage,Basic,High,Oceania,54,0
13d60860-ba76-458b-b4a2-a2b57814f3a5,0.9961420498012498,High,17.99,215.04714571109378,Offer targeted discount / personalized content,Low recent activity,Premium,Low,Africa,62,1
fa434710-e3c5-4591-b249-e7c0091ef66f,0.007487009458835428,Low,13.99,1.2569191479492918,Maintain engagement / loyalty rewards,Higher plan cost,Standard,High,Africa,54,0
98006a18-b3dc-4c62-862d-60e463cf6f7f,0.9961250795718598,High,13.99,167.22947835852383,Offer targeted discount / personalized content,Low engagement,Standard,Low,Asia,37,1
e3eea8bc-2806-4c16-9034-bf7a50dd7acd,0.0075449110602702875,Low,13.99,1.2666396687981758,Maintain engagement / loyalty rewards,Higher plan cost,Standard,High,North America,64,0
7d27b819-bbc1-4ed3-90fc-fab14f4f7676,0.9957270208638119,High,17.99,214.95754926407972,Offer targeted discount / personalized content,Higher plan cost,Premium,Medium,Oceania,26,1
f6586998-c5aa-4fc4-86ac-0c0356195134,0.9959504051747748,High,17.99,215.00577346913036,Offer targeted discount / personalized content,Low engagement,Premium,Low,Asia,41,1
b93f548e-af61-48f2-9b3e-b3ac52460c91,0.007487009998334822,Low,13.99,1.25691923852045,Maintain engagement / loyalty rewards,Higher plan cost,Standard,High,Asia,60,0
17c2628d-07f1-47e3-9684-dedb7aa86b6c,0.007822937580152074,Low,17.99,1.6888157648032296,Maintain engagement / loyalty rewards,Low recent activity,Premium,Medium,Africa,56,0
12a7aef2-17ed-466d-80e4-e176d2ca52b9,0.007611989678857791,Low,17.99,1.64327633187182,Maintain engagement / loyalty rewards,Higher plan cost,Premium,Medium,Oceania,20,0
a0caf50f-05f2-45a0-8b16-a55f02928a2b,0.007653143746779285,Low,17.99,1.6521606720547117,Maintain engagement / loyalty rewards,Higher plan cost,Premium,High,South America,19,0
06acad39-2870-4b82-be56-ed73b3aa151b,0.007532378278039066,Low,13.99,1.2645356653171984,Maintain engagement / loyalty rewards,Higher plan cost,Standard,High,North America,20,0
71459779-5507-4c55-9b99-c6daee4273f0,0.994416897299676,High,17.99,214.67471978905402,Offer targeted discount / personalized content,Higher plan cost,Premium,Medium,Europe,57,1
23f251da-e126-4afc-88a9-12165a683cde,0.007490413884403159,Low,17.99,1.6170305493649537,Maintain engagement / loyalty rewards,Higher plan cost,Premium,High,Oceania,61,0
d950a7ae-60bd-4f16-ad7e-46c34268c6fd,0.9961413694714361,High,13.99,167.2322131068647,Offer targeted discount / personalized content,Low recent activity,Standard,Low,South America,24,1
9faa53a9-c587-4b26-830b-365ae864c983,0.007489490084592157,Low,13.99,1.2573355954013312,Maintain engagement / loyalty rewards,Higher plan cost,Standard,High,Europe,47,0
68f57553-4bf4-455c-ad2e-ce88ba80449d,0.007587305258515721,Low,13.99,1.2737568067996192,Maintain engagement / loyalty rewards,Higher plan cost,Standard,High,North America,68,0
1fda0f85-9ca8-4a37-b594-0577cc40d107,0.9960418474558376,High,8.99,107.45299450353576,Offer targeted discount / personalized content,Low engagement,Basic,Low,Oceania,40,1
99b75d88-389d-4e15-ae49-2fbda9481a56,0.9961421701271199,High,17.99,215.04717168704263,Offer targeted discount / personalized content,Low engagement,Premium,Low,Europe,42,1
1ff10a52-1dd7-49be-a93f-16d96d69cfe8,0.9961404248002174,High,8.99,107.46362902744744,Offer targeted discount / personalized content,Low recent activity,Basic,Medium,South America,59,1
28750512-060a-4199-bbb4-ffa43bac55b5,0.9961396928972667,High,8.99,107.46355006975713,Offer targeted discount / personalized content,Low engagement,Basic,Low,Europe,59,1
85116642-d67a-44fb-8cf1-193e544d9390,0.9961332988407896,High,17.99,215.04525655374965,Offer targeted discount / personalized content,Low recent activity,Premium,Medium,Asia,33,1
4c85513b-b640-49e2-966a-ecaf69ed1a62,0.9960875884561364,High,13.99,167.2231843500162,Offer targeted discount / personalized content,Low recent activity,Standard,Medium,Oceania,24,1
83ca2b12-f1fd-48b2-886b-c795742478a4,0.995967978456969,High,17.99,215.00956718929046,Offer targeted discount / personalized content,Low recent activity,Premium,Medium,North America,45,1
7003d3e0-38c6-442b-b19e-026dde7d98ea,0.008259910082702143,Low,17.99,1.7831493886537384,Maintain engagement / loyalty rewards,Low recent activity,Premium,Low,Asia,48,0
be26463d-8df5-4f33-aaa9-94fd9b9512f9,0.007489274794748019,Low,13.99,1.2572994525422974,Maintain engagement / loyalty rewards,Higher plan cost,Standard,High,Africa,39,0
476f04d7-1939-44f5-8231-9970934be051,0.9961182132873597,High,13.99,167.22832564668195,Offer targeted discount / personalized content,Higher plan cost,Standard,Medium,Oceania,25,1
8063a1cf-5f45-417e-ac5b-3660ce54cbb3,0.010488428870884798,Low,17.99,2.26424202464661,Maintain engagement / loyalty rewards,Low engagement,Premium,Low,Europe,64,0
bbc95670-f863-4860-9cbb-d7b3dec90199,0.0081822505586027,Low,17.99,1.766384250591151,Maintain engagement / loyalty rewards,Higher plan cost,Premium,Medium,Oceania,25,0
abd53402-72af-47cc-812b-9baa61d4d769,0.007495420779487613,Low,8.99,0.8086059936911238,Maintain engagement / loyalty rewards,Stable usage,Basic,High,Asia,59,0
c3b7f8f2-8065-47c1-b595-aae94c1e9346,0.007510799013803504,Low,17.99,1.6214312910999,Maintain engagement / loyalty rewards,Higher plan cost,Premium,High,North America,64,0
ba0197bb-b5f5-478a-adda-7fc9c9963ae2,0.7688993849991779,High,17.99,165.9899992336225,Offer targeted discount / personalized content,Higher plan cost,Premium,Medium,North America,62,1
dc7b6e36-883c-4d1b-8258-c057e80305e4,0.0077114297924449375,Low,13.99,1.294594833555656,Maintain engagement / loyalty rewards,Higher plan cost,Standard,High,Europe,57,0
82861b0b-5c7d-4251-a211-75c0a5b2ee6c,0.007487029269622783,Low,17.99,1.6162998787261662,Maintain engagement / loyalty rewards,Higher plan cost,Premium,High,Europe,24,0
a6391928-52e9-4141-85d4-5a49f203a0fb,0.007515456837333836,Low,8.99,0.8107674836115744,Maintain engagement / loyalty rewards,Stable usage,Basic,High,North America,51,0
bc638748-782d-4220-8fc7-ed7e6747c894,0.9961407810308106,High,8.99,107.46366745760385,Offer targeted discount / personalized content,Stable usage,Basic,Medium,South America,69,1
d43c645d-181a-41e8-89a1-051dee52867d,0.00812049072158783,Low,13.99,1.363267982340165,Maintain engagement / loyalty rewards,Higher plan cost,Standard,Medium,North America,20,0
5707a108-c200-42ad-af1e-b4653b58d581,0.007491515303081028,Low,13.99,1.257675589081243,Maintain engagement / loyalty rewards,Higher plan cost,Standard,High,Africa,46,0
fd38515a-bac5-4f2e-a993-784b9013fa7b,0.008441904531302984,Low,17.99,1.822438350217688,Maintain engagement / loyalty rewards,Low engagement,Premium,Low,North America,21,0
fea19557-12f5-44ac-a0af-198d9808d92b,0.9954270905357037,High,13.99,167.11229995913394,Offer targeted discount / personalized content,Higher plan cost,Standard,Medium,South America,56,1
86b8e1a7-89e0-4e3e-9888-b7007b775af0,0.99613915837975,High,13.99,167.23184190879243,Offer targeted discount / personalized content,Low recent activity,Standard,Medium,Africa,40,1
75356eca-46e2-4c47-8f88-59c4646c5827,0.007490467181742307,Low,8.99,0.8080715995663601,Maintain engagement / loyalty rewards,Stable usage,Basic,High,North America,21,0
4acacbc6-042b-4dce-aae2-1a5c6d52ce20,0.9961132443717464,High,17.99,215.0409271949726,Offer targeted discount / personalized content,Low engagement,Premium,Low,Asia,18,1
87c00608-c077-4037-9cfe-11d7e7f3f9f2,0.9961408564502374,High,17.99,215.04688809047724,Offer targeted discount / personalized content,Low engagement,Premium,Low,North America,18,1
4ba7f702-5b22-4e31-ac70-272407eb79f8,0.9960631080124273,High,17.99,215.03010375772277,Offer targeted discount / personalized content,Low engagement,Premium,Low,North America,31,1
603d23eb-86c6-449e-83a9-626d45204c7f,0.9958308088602367,High,8.99,107.43022765984234,Offer targeted discount / personalized content,Low engagement,Basic,Low,North America,45,1
79b69ab0-31aa-48b1-a4bb-2987db4fa802,0.0076248880782290975,Low,13.99,1.2800662105731009,Maintain engagement / loyalty rewards,Higher plan cost,Standard,Medium,North America,33,0
5fb82ca0-59b1-4c7a-ace5-9dc04e30c4ab,0.9959720281115526,High,13.99,167.20378407936744,Offer targeted discount / personalized content,Low recent activity,Standard,Low,Oceania,33,1
f42ed003-e8bf-42bd-830e-0286e52956a8,0.9961419999035618,High,17.99,215.0471349391809,Offer targeted discount / personalized content,Low engagement,Premium,Low,Europe,31,1
376b1e05-d9f2-4a64-a5f9-7817933d9c19,0.008451485716606214,Low,17.99,1.8245067365009493,Maintain engagement / loyalty rewards,Low recent activity,Premium,Low,Oceania,18,0
4bd379ac-7088-4f76-8659-5dee42ce681e,0.9961402641105634,High,13.99,167.2320275388814,Offer targeted discount / personalized content,Low recent activity,Standard,Low,Asia,29,1
825c1f34-4c70-4e01-88de-57f51cf6bc99,0.9961418981839973,High,8.99,107.46378797608963,Offer targeted discount / personalized content,Stable usage,Basic,Medium,Oceania,46,1
47f99416-fe67-4680-89a7-d3fb3aad0529,0.007488533289481905,Low,8.99,0.807862971269308,Maintain engagement / loyalty rewards,Stable usage,Basic,High,Europe,60,0
2810911b-db9f-4cf9-97c5-5c22d2d60bee,0.9961378154655705,High,13.99,167.23161646036,Offer targeted discount / personalized content,Low recent activity,Standard,Medium,North America,52,1
114b979d-9555-470b-990f-4f6851855e8f,0.9961344572379701,High,13.99,167.23105268111044,Offer targeted discount / personalized content,Low recent activity,Standard,Medium,Asia,30,1
023b26d4-c93d-4dc3-8397-5f01fd650e10,0.058043108669297364,Low,13.99,9.744277083401641,Maintain engagement / loyalty rewards,Higher plan cost,Standard,Medium,North America,25,0
95b8b913-647a-4cf0-8a1c-12eba4a8ed74,0.9961417482445025,High,8.99,107.46377180061693,Offer targeted discount / personalized content,Low recent activity,Basic,Low,North America,33,1
df48d25d-a147-43c2-a6f4-7995ad062c66,0.00748771490165176,Low,13.99,1.2570375776892972,Maintain engagement / loyalty rewards,Low recent activity,Standard,High,Europe,63,0
e3d1e10c-f5d4-42cb-a0cd-06b860980446,0.9961293265864655,High,8.99,107.46243175214789,Offer targeted discount / personalized content,Low recent activity,Basic,Medium,Asia,21,1
3d604c3a-0b78-4192-8389-dd95566832af,0.9950403755506997,High,13.99,167.04737824745146,Offer targeted discount / personalized content,Low engagement,Standard,Low,South America,46,1
dda88e04-bad3-4755-9aee-584f129d0d86,0.007949301159927858,Low,13.99,1.334528678728689,Maintain engagement / loyalty rewards,Higher plan cost,Standard,Medium,South America,21,0
93880064-9281-4aec-a8f9-0be261a5257c,0.9961414156959385,High,17.99,215.0470088204392,Offer targeted discount / personalized content,Low recent activity,Premium,Low,Europe,49,1
ff06eb31-09ff-48f4-821a-632b3d504124,0.9958227292269528,High,17.99,214.97821078551453,Offer targeted discount / personalized content,Low recent activity,Premium,Low,Asia,55,1
41f6124d-7959-4fc3-83af-7c634c843b10,0.9961415979086828,High,17.99,215.04704815652644,Offer targeted discount / personalized content,Low recent activity,Premium,Low,Europe,39,1
cb4906d4-6473-4dff-a7a6-9188bad17eb7,0.007487111899306173,Low,17.99,1.6163177168222165,Maintain engagement / loyalty rewards,Higher plan cost,Premium,High,North America,67,0
0fb2c3f5-d063-4477-baba-bffd25a2a799,0.007777469105790619,Low,13.99,1.3056815134801292,Maintain engagement / loyalty rewards,Higher plan cost,Standard,High,Asia,55,0
915bdcfc-6d40-4333-a5e2-5af8c8f31566,0.007496935251852993,Low,8.99,0.808769374969901,Maintain engagement / loyalty rewards,Stable usage,Basic,High,Oceania,19,0
414c16e4-7496-4596-b55d-41d8ed0219fe,0.007494414986989606,Low,17.99,1.617894307391316,Maintain engagement / loyalty rewards,Higher plan cost,Premium,High,South America,65,0
cca8b581-77d7-49a1-91e5-6e68aed943a2,0.9961419956523233,High,8.99,107.46379849097264,Offer targeted discount / personalized content,Low recent activity,Basic,Low,Asia,34,1
7136ba96-f288-4279-a5ea-f9e2305f5387,0.007488152142913684,Low,13.99,1.2571109817523491,Maintain engagement / loyalty rewards,Higher plan cost,Standard,High,North America,58,0
7a83aab4-74d0-4981-a8dc-b3efb61412f6,0.007487054125747733,Low,17.99,1.6163052446664206,Maintain engagement / loyalty rewards,Higher plan cost,Premium,High,Oceania,25,0
3d5df00c-915c-489c-8b43-5066e165ee26,0.00751617004005303,Low,13.99,1.2618146263241028,Maintain engagement / loyalty rewards,Higher plan cost,Standard,Medium,Europe,65,0
373bbb0c-fe39-494c-a615-e5066a1a2b6d,0.0074918221273809465,Low,17.99,1.6173345608589988,Maintain engagement / loyalty rewards,Higher plan cost,Premium,High,Asia,65,0
524faae4-641a-4b2f-b59c-1e54ada79b0b,0.007492821064242691,Low,17.99,1.617550211348712,Maintain engagement / loyalty rewards,Higher plan cost,Premium,High,North America,28,0
3a5d46fd-0ca3-44a1-a8be-d7e35a75218e,0.9961413004995483,High,8.99,107.46372349789127,Offer targeted discount / personalized content,Low engagement,Basic,Low,South America,57,1
6b8c4ccd-8bee-4022-94e8-b5f5a0d5bb5f,0.9959514701617836,High,13.99,167.20033281076024,Offer targeted discount / personalized content,Low engagement,Standard,Low,South America,64,1
99a0c45f-205b-4979-b1da-1410233ab47f,0.007487536674598542,Low,13.99,1.2570076569316033,Maintain engagement / loyalty rewards,Higher plan cost,Standard,Medium,North America,66,0
5abf9d55-254b-428f-83be-4bfd21883499,0.007487811965314897,Low,17.99,1.6164688470721797,Maintain engagement / loyalty rewards,Higher plan cost,Premium,High,Asia,29,0
0686a45f-68cd-4b98-94f5-3af6be2adc23,0.007487873262792042,Low,17.99,1.616482079971546,Maintain engagement / loyalty rewards,Higher plan cost,Premium,High,Asia,66,0
73b0db82-374c-43df-a4a6-abebae1c9730,0.9960999199720867,High,8.99,107.45925936658873,Offer targeted discount / personalized content,Stable usage,Basic,Medium,Africa,24,1
53280000-5c09-40ef-a4dc-78d8c0583b19,0.007492909858124283,Low,8.99,0.8083351154944476,Maintain engagement / loyalty rewards,Stable usage,Basic,High,South America,36,0
a7e20d3f-bf41-4628-8052-ba95cff759c1,0.007486994704934924,Low,13.99,1.256916671064475,Maintain engagement / loyalty rewards,Higher plan cost,Standard,High,Africa,51,0
d8e57ff7-d71c-4ffa-8a92-f63fced488de,0.9958708071249915,High,17.99,214.98858984214317,Offer targeted discount / personalized content,Higher plan cost,Premium,Medium,North America,23,1
c701bb39-0cd8-4e31-9b40-944dcc679fcb,0.9961387473231473,High,17.99,215.04643277212102,Offer targeted discount / personalized content,Low recent activity,Premium,Medium,Africa,66,1
18bed870-a69b-40c0-8d97-e03ae32e7de8,0.007928111357845493,Low,13.99,1.3309713347551013,Maintain engagement / loyalty rewards,Higher plan cost,Standard,Medium,Asia,29,0
fa491f04-59eb-4305-83ea-0e1a91ac890f,0.9961412656324964,High,8.99,107.46371973643372,Offer targeted discount / personalized content,Stable usage,Basic,Medium,Oceania,32,1
7be4e423-83bd-4cc9-96d5-a845a5ae728f,0.9952766039033583,High,17.99,214.86031325065696,Offer targeted discount / personalized content,Low engagement,Premium,Low,Africa,43,1
69a8fdc5-cf5b-43c9-bd8d-3fb8299eac10,0.008469812927634867,Low,13.99,1.4219121942913415,Maintain engagement / loyalty rewards,Low recent activity,Standard,Low,Africa,61,0
dcaf88dd-7810-44bb-ab55-d2ad4410ad63,0.9961402718545083,High,8.99,107.46361252766437,Offer targeted discount / personalized content,Low recent activity,Basic,Low,Asia,44,1
a9d14534-5bca-41dd-8d02-0d92570cb764,0.9961409799845453,High,13.99,167.23214771980548,Offer targeted discount / personalized content,Low engagement,Standard,Low,Africa,35,1
179e0f5d-799d-4691-accc-09755ff50aac,0.8552792429682541,High,8.99,92.26752473141525,Offer targeted discount / personalized content,Low recent activity,Basic,Medium,Oceania,67,1
8224eaf1-c683-4c85-a1f9-8bb9c2ef21ec,0.007519785354732256,Low,13.99,1.262421565352451,Maintain engagement / loyalty rewards,Higher plan cost,Standard,Medium,South America,67,0
4d72f986-020f-4c5e-9e76-eb69bea859e6,0.995827298121637,High,13.99,167.1794868086604,Offer targeted discount / personalized content,Low recent activity,Standard,Low,Europe,46,1
39ec453a-2361-4649-b68a-cba07181c4a7,0.007945406870164163,Low,13.99,1.3338749053631598,Maintain engagement / loyalty rewards,Low recent activity,Standard,Medium,North America,41,0
f38cb847-0ed5-4a2d-87bb-e740dd8adef2,0.007951791240070196,Low,8.99,0.8578392389787728,Maintain engagement / loyalty rewards,Stable usage,Basic,High,North America,28,0
9401354d-1498-4eee-a560-19b633a103b3,0.00748704121565927,Low,17.99,1.616302457636523,Maintain engagement / loyalty rewards,Higher plan cost,Premium,High,North America,48,0
ec49d8e7-535d-4732-8fd2-f99e64a19a5f,0.9960722743883139,High,13.99,167.22061342431013,Offer targeted discount / personalized content,Higher plan cost,Standard,Medium,South America,62,1
27ccc5be-9895-4ee0-86b5-8e917c0650e4,0.007593276164491727,Low,8.99,0.8191626326253675,Maintain engagement / loyalty rewards,Stable usage,Basic,Medium,Asia,29,0
cb370c32-624d-42ee-b4c7-d90cd286a11f,0.9961400520842604,High,8.99,107.46358881885001,Offer targeted discount / personalized content,Low engagement,Basic,Low,South America,40,1
0ad1bda0-04dc-4731-9a41-b2c54969004c,0.9919963301162124,High,8.99,107.01656409293699,Offer targeted discount / personalized content,Stable usage,Basic,Medium,Europe,35,1
6a99ebb0-cc9f-45ab-b6e9-4791602ae7c4,0.9961413849448073,High,13.99,167.23221570453427,Offer targeted discount / personalized content,Low engagement,Standard,Low,Europe,35,1
59711c93-38ef-47c5-b728-42fa302cacd0,0.9953044463504714,High,13.99,167.09171045331715,Offer targeted discount / personalized content,Higher plan cost,Standard,Medium,Oceania,42,1
bb67998e-4ac1-45da-b7ca-605ec973e5fe,0.9961398690748341,High,17.99,215.04667493587516,Offer targeted discount / personalized content,Low recent activity,Premium,Low,Asia,24,1
32c0a4d8-3699-4f09-907b-5f303f8274c1,0.9961340328403677,High,17.99,215.04541500957856,Offer targeted discount / personalized content,Low recent activity,Premium,Medium,Oceania,38,1
e090df54-097b-4e77-87c0-f9e8a965c013,0.9958571560525622,High,17.99,214.9856428486271,Offer targeted discount / personalized content,Low recent activity,Premium,Medium,Africa,26,1
ffb75258-7e17-4433-86eb-cca51e35b5de,0.0075118330164391026,Low,17.99,1.6216545115888734,Maintain engagement / loyalty rewards,Higher plan cost,Premium,High,Europe,65,0
b26a4921-90b8-4360-8834-fad7a130bfb4,0.9961382913606899,High,17.99,215.0463343389457,Offer targeted discount / personalized content,Low recent activity,Premium,Low,Europe,24,1
a539900a-d75e-4437-865c-59d6ba1df7f5,0.0074920131600783434,Low,8.99,0.8082383797092518,Maintain engagement / loyalty rewards,Stable usage,Basic,High,Asia,56,0
eaf0471b-e553-4302-a1aa-cf3284f3a3a9,0.9961412157632082,High,8.99,107.4637143565349,Offer targeted discount / personalized content,Low engagement,Basic,Low,Asia,34,1
60fddd3f-fcdd-4d60-9195-d733c67449a0,0.008347648830561495,Low,17.99,1.8020904295416156,Maintain engagement / loyalty rewards,Low engagement,Premium,Low,Asia,26,0
38af7deb-8836-4d80-a9fb-01540432a8b3,0.00794747274715387,Low,17.99,1.7157004166555776,Maintain engagement / loyalty rewards,Higher plan cost,Premium,Medium,Asia,56,0
5826ee1b-74c4-4180-bfd3-f486446f0023,0.9958361750858963,High,13.99,167.18097707342028,Offer targeted discount / personalized content,Low recent activity,Standard,Medium,Asia,57,1
ccfcd4b9-a541-4751-abb4-571a84c4770c,0.007490224549737435,Low,13.99,1.2574588974099206,Maintain engagement / loyalty rewards,Higher plan cost,Standard,High,Africa,54,0
31673a23-132a-46a7-b029-975ac1465c50,0.9959175524711703,High,17.99,214.9986812274762,Offer targeted discount / personalized content,Low recent activity,Premium,Low,Africa,48,1
8c4c751f-f5a4-4ac7-877d-1158db922567,0.9924597540125053,High,8.99,107.06655826286908,Offer targeted discount / personalized content,Stable usage,Basic,Medium,Europe,38,1
90e5aae2-d9c9-4271-afb7-5e4b799ddaa6,0.9961410457851118,High,8.99,107.46369601929786,Offer targeted discount / personalized content,Stable usage,Basic,Medium,Asia,70,1
094c8ee8-4143-4ebf-9ed3-1ad255f30ef5,0.007487664221200232,Low,13.99,1.257029069455095,Maintain engagement / loyalty rewards,Higher plan cost,Standard,High,Asia,53,0
c7429be0-64d2-4995-a915-e1250fbe94ec,0.007487044133371898,Low,17.99,1.616303087512325,Maintain engagement / loyalty rewards,Higher plan cost,Premium,High,North America,48,0
43359fac-cb1f-4e7e-ae5c-990d96bd2200,0.0075016738132794416,Low,8.99,0.8092805709765862,Maintain engagement / loyalty rewards,Stable usage,Basic,High,Asia,63,0
83404a73-33c4-4297-a97c-8a146155e477,0.007499109481957056,Low,17.99,1.6189077549648891,Maintain engagement / loyalty rewards,Higher plan cost,Premium,High,North America,67,0
2c06953e-4bc1-42f4-8769-813f8f36b530,0.9961422229440577,High,8.99,107.46382301120495,Offer targeted discount / personalized content,Low recent activity,Basic,Low,Asia,54,1
9797381e-3100-410c-8d84-6145bc723595,0.9959852780333607,High,17.99,215.01330182184188,Offer targeted discount / personalized content,Low recent activity,Premium,Low,Africa,59,1
32b9cb76-87c9-48c7-a73a-293d09c61937,0.996139013854324,High,8.99,107.46347681460448,Offer targeted discount / personalized content,Stable usage,Basic,Medium,Africa,22,1
ab376d84-3616-480d-b4eb-49efee6f2837,0.00758751193572838,Low,8.99,0.8185407876263777,Maintain engagement / loyalty rewards,Stable usage,Basic,Medium,Asia,24,0
25fd1786-ff5a-45fc-bb97-0ab5ba25bbd4,0.9961383656614015,High,8.99,107.463406887552,Offer targeted discount / personalized content,Low engagement,Basic,Low,South America,69,1
fcc3fddc-5adf-4ff0-9e0e-c84a424d2070,0.995405747585489,High,13.99,167.1087169046519,Offer targeted discount / personalized content,Low engagement,Standard,Low,South America,24,1
73afe00b-3f93-4cd4-b71f-161f6da7d9a8,0.9961406771297288,High,8.99,107.46365624875514,Offer targeted discount / personalized content,Low engagement,Basic,Low,South America,64,1
9f5ad18c-d0a8-4ba0-b642-fa94801265f6,0.007489582080184356,Low,17.99,1.6168509794701986,Maintain engagement / loyalty rewards,Higher plan cost,Premium,High,Asia,57,0
3e8c2562-a487-4d89-a1d8-3fdc53caf638,0.996131488208275,High,8.99,107.4626649479087,Offer targeted discount / personalized content,Low recent activity,Basic,Medium,Asia,45,1
63424808-052e-4e93-a382-1bc16302c1cd,0.9961420110472414,High,8.99,107.46380015177641,Offer targeted discount / personalized content,Low recent activity,Basic,Low,North America,34,1
704f903b-21e4-4101-8321-58d705089b06,0.007496597400891492,Low,17.99,1.618365446904455,Maintain engagement / loyalty rewards,Higher plan cost,Premium,High,Asia,18,0
7ab6446a-575b-4875-ab7a-79bd93c17a64,0.9960982911326267,High,17.99,215.03769908971145,Offer targeted discount / personalized content,Low recent activity,Premium,Medium,South America,21,1
ac7b5aa4-5c89-4616-926f-1b8919909d63,0.008264015316813726,Low,13.99,1.3873628913866884,Maintain engagement / loyalty rewards,Low recent activity,Standard,Low,Asia,63,0
c1d2a88a-570a-4de1-8313-46284c224bee,0.009633205753817462,Low,13.99,1.6172225819508756,Maintain engagement / loyalty rewards,Low recent activity,Standard,Medium,Africa,23,0
45ea1095-e06b-4a1c-a0b7-c3671c9f006a,0.007498548513023,Low,8.99,0.8089434135849212,Maintain engagement / loyalty rewards,Stable usage,Basic,High,Europe,57,0
2e46a8d4-de1a-4340-9c8f-215dc059df43,0.0074888290865811865,Low,8.99,0.8078948818603784,Maintain engagement / loyalty rewards,Stable usage,Basic,High,Europe,63,0
a1fceb9a-0b93-4ab1-8cc5-987d5ec80234,0.9961390115504412,High,8.99,107.46347656606159,Offer targeted discount / personalized content,Stable usage,Basic,Medium,North America,69,1
054b7510-54c8-48f4-bd06-8e2ba58cbd51,0.007493446234221252,Low,13.99,1.2579997538010637,Maintain engagement / loyalty rewards,Higher plan cost,Standard,High,North America,64,0
4a349095-f180-4dbf-981e-94a275412847,0.0075263912374625985,Low,13.99,1.263530560945221,Maintain engagement / loyalty rewards,Higher plan cost,Standard,High,Asia,65,0
1af70b1b-d756-415f-a5b4-3861139559d8,0.9961421697975675,High,17.99,215.0471716158989,Offer targeted discount / personalized content,Low engagement,Premium,Low,South America,32,1
6b9ce9b4-316f-4e82-a0b9-127441795232,0.007506449868749633,Low,17.99,1.6204923976656707,Maintain engagement / loyalty rewards,Higher plan cost,Premium,Medium,Europe,53,0
0d7ac1da-194d-4844-a919-6bfec0989d14,0.9959023821299263,High,13.99,167.19209191197206,Offer targeted discount / personalized content,Low recent activity,Standard,Medium,Asia,23,1
760b70e5-2135-4106-bf18-2df119411aa4,0.9960995220818392,High,17.99,215.0379648270274,Offer targeted discount / personalized content,Higher plan cost,Premium,Medium,Europe,28,1
2a0fdbe4-588b-40fe-ba75-19cebe31bea8,0.9961415415742696,High,17.99,215.0470359950533,Offer targeted discount / personalized content,Low engagement,Premium,Low,Oceania,69,1
53c38b09-0edc-4eaa-b83f-d8227eb19850,0.007495117649511243,Low,13.99,1.2582803509999476,Maintain engagement / loyalty rewards,Higher plan cost,Standard,High,Asia,21,0
825bd557-2be9-4aca-a8d1-eb8a5f1bb037,0.9961399973832353,High,17.99,215.0467026350928,Offer targeted discount / personalized content,Low recent activity,Premium,Low,Europe,29,1
e2975ec5-cdb8-43d8-803a-1ebba615cf15,0.007487070386509515,Low,17.99,1.6163087550396738,Maintain engagement / loyalty rewards,Higher plan cost,Premium,High,North America,21,0
820d7eb0-d64e-4e70-839a-ec9db5bf1969,0.02253118442457297,Low,8.99,2.430664175722932,Maintain engagement / loyalty rewards,Stable usage,Basic,Medium,South America,32,0
14f4e734-af4b-4566-9b26-a78985629df6,0.00749491376496846,Low,13.99,1.2582461228629052,Maintain engagement / loyalty rewards,Higher plan cost,Standard,High,North America,47,0
9e80b9c8-a0b6-48bf-a0c6-44a0bb9a2fd4,0.007890917218121319,Low,13.99,1.324727182578207,Maintain engagement / loyalty rewards,Higher plan cost,Standard,Medium,Oceania,66,0
8c6cf0c3-b47d-4935-8973-e2a6de582b1c,0.9961405243513728,High,8.99,107.46363976702611,Offer targeted discount / personalized content,Stable usage,Basic,Medium,Europe,60,1
00aa6c2a-b291-411e-b240-202fea9bf417,0.008126999313159078,Low,17.99,1.7544566117247817,Maintain engagement / loyalty rewards,Higher plan cost,Premium,Medium,Asia,18,0
dc13c828-eda9-45c8-909b-cb84e3b0b8fb,0.007695158092584933,Low,8.99,0.8301536550280627,Maintain engagement / loyalty rewards,Stable usage,Basic,Medium,Asia,46,0
936b242f-90a4-4a2b-a846-12c531c67df2,0.00748770410166137,Low,17.99,1.6164455614666564,Maintain engagement / loyalty rewards,Higher plan cost,Premium,High,Africa,25,0
ec765c0b-cd27-4e30-b514-9509f020f439,0.007528453956098288,Low,8.99,0.8121696127838833,Maintain engagement / loyalty rewards,Stable usage,Basic,High,South America,51,0
686ac4a2-1ff7-45dc-82a3-e28d5333190b,0.007491029990363408,Low,17.99,1.6171635543196525,Maintain engagement / loyalty rewards,Higher plan cost,Premium,High,South America,39,0
b622cc96-c02c-4990-bba5-d27f32558b77,0.007795881070533611,Low,8.99,0.841019649889166,Maintain engagement / loyalty rewards,Stable usage,Basic,Medium,Europe,69,0
6e13c94b-65dd-4b6b-b353-aa5382a88546,0.01090083497125981,Low,8.99,1.1759820766995084,Maintain engagement / loyalty rewards,Stable usage,Basic,High,Oceania,55,0
c03d3d6b-a16d-4b1d-bf07-788f0372cec5,0.9961414522241112,High,13.99,167.23222699938378,Offer targeted discount / personalized content,Low recent activity,Standard,Low,South America,20,1
7a1d3b12-9be6-46eb-baa5-51803a0a4f10,0.007492410812404119,Low,17.99,1.617461646181801,Maintain engagement / loyalty rewards,Higher plan cost,Premium,High,Europe,20,0
0decc7ea-dece-4638-83c8-b1df7e1e54d2,0.00749049515369402,Low,13.99,1.2575043264021522,Maintain engagement / loyalty rewards,Higher plan cost,Standard,High,South America,31,0
89c2cbb3-f9a7-4eb1-86c3-c5488a62490e,0.007487036685005157,Low,13.99,1.2569237186786657,Maintain engagement / loyalty rewards,Higher plan cost,Standard,High,South America,18,0
9e99bc5e-ff55-4cae-8611-2ce51687be6a,0.009425297468275817,Low,8.99,1.0168010908775953,Maintain engagement / loyalty rewards,Stable usage,Basic,Medium,Oceania,58,0
99b76135-94d0-48e6-9ac7-ada314cc1ad1,0.0074869897096134785,Low,17.99,1.6162913385113575,Maintain engagement / loyalty rewards,Higher plan cost,Premium,High,South America,37,0
225699c5-8b55-456f-95e3-7a5780ffac0a,0.007508178162233084,Low,13.99,1.2604729498756901,Maintain engagement / loyalty rewards,Higher plan cost,Standard,Medium,North America,23,0
e969d3a9-a455-455f-9be8-38e701b1f653,0.9945848844231489,High,13.99,166.97091039695823,Offer targeted discount / personalized content,Higher plan cost,Standard,Medium,Africa,46,1
96de19f9-6aa8-493d-af89-56dbf25535c7,0.996074590436006,High,13.99,167.22100224239668,Offer targeted discount / personalized content,Low recent activity,Standard,Medium,North America,22,1
7cdc323f-67af-48e2-b15b-3e94cf19681f,0.9961264618578098,High,13.99,167.2297104166891,Offer targeted discount / personalized content,Higher plan cost,Standard,Medium,Europe,36,1
fef36da3-13ae-416d-9e67-cfebe1220e24,0.007494438692827207,Low,17.99,1.6178994250075374,Maintain engagement / loyalty rewards,Higher plan cost,Premium,High,Europe,51,0
2a1b3474-38d6-4ca0-8c57-b10eaae5e250,0.9961419040840973,High,13.99,167.23230285763825,Offer targeted discount / personalized content,Low recent activity,Standard,Low,Oceania,60,1
d7ec3b35-329b-4ea1-b9d7-8e8da1ae05bc,0.1385801742385867,Low,13.99,23.264839651173936,Maintain engagement / loyalty rewards,Higher plan cost,Standard,Medium,North America,37,0
38d2d2ab-e9ce-43d7-97bc-c6a2a3d37276,0.007487194861413948,Low,13.99,1.2569502733341735,Maintain engagement / loyalty rewards,Higher plan cost,Standard,High,North America,55,0
b9be612d-c7cc-411f-afac-093196f87239,0.008101367746707711,Low,17.99,1.7489232691592607,Maintain engagement / loyalty rewards,Low recent activity,Premium,Medium,South America,22,0
798c452b-e7e0-48f3-a908-4f639ac8e614,0.007548907774306626,Low,17.99,1.6296582103173143,Maintain engagement / loyalty rewards,Higher plan cost,Premium,Medium,South America,18,0
744ddc65-15bd-4ea4-abe0-e6c0e760796f,0.995935265716614,High,17.99,215.0025051629026,Offer targeted discount / personalized content,Low engagement,Premium,Low,South America,46,1
f9436f14-5021-4177-9206-b79da434105c,0.007495679771523396,Low,17.99,1.6181673490764708,Maintain engagement / loyalty rewards,Higher plan cost,Premium,High,Africa,49,0
dccfb706-58be-4f82-9f92-b806781953e0,0.02556131729862776,Low,8.99,2.757554910175963,Maintain engagement / loyalty rewards,Stable usage,Basic,Medium,Oceania,23,0
9c9899e3-1edf-4b8b-9c6d-ceedbc530a70,0.007555559907646994,Low,8.99,0.8150938028369578,Maintain engagement / loyalty rewards,Stable usage,Basic,High,Oceania,24,0
19e566a9-a789-4194-92eb-1a06b989a8d5,0.007725166484870975,Low,13.99,1.2969009494801393,Maintain engagement / loyalty rewards,Higher plan cost,Standard,Medium,Oceania,31,0
c9f95e61-e079-477f-99b1-1136a2495e2f,0.007493911377927295,Low,13.99,1.2580778421264345,Maintain engagement / loyalty rewards,Higher plan cost,Standard,High,South America,66,0
3bea04a9-f8bc-4696-b3bb-60ebd979b047,0.007488553938605586,Low,8.99,0.8078651988967707,Maintain engagement / loyalty rewards,Stable usage,Basic,High,South America,65,0
23a70fc2-9249-43b1-bef3-ea3121bcc6d4,0.9961405331023491,High,8.99,107.46364071108141,Offer targeted discount / personalized content,Low recent activity,Basic,Medium,Asia,64,1
46f6a6ef-156a-4979-892f-f6912d017577,0.9958016833948496,High,8.99,107.42708560463637,Offer targeted discount / personalized content,Low engagement,Basic,Low,Asia,29,1
f426cb2e-e7cc-4571-bedf-ab5972f5ec5e,0.007487068280471907,Low,17.99,1.6163083003882752,Maintain engagement / loyalty rewards,Higher plan cost,Premium,High,North America,55,0
0017c041-a14b-4780-9d9a-7a99558a0768,0.00749790359756083,Low,8.99,0.8088738401048624,Maintain engagement / loyalty rewards,Stable usage,Basic,High,Europe,62,0
702a602e-e109-4038-b50b-e599b4d7b76f,0.9960681702360219,High,8.99,107.45583420506205,Offer targeted discount / personalized content,Low engagement,Basic,Low,Oceania,59,1
8bbf6861-d17e-4548-bf18-f7f295ce59dd,0.9961422122928558,High,13.99,167.23235459972466,Offer targeted discount / personalized content,Low recent activity,Standard,Low,South America,55,1
5673adfa-c739-4dbb-b371-fd1f3eaeb562,0.007491036328600184,Low,17.99,1.6171649226182074,Maintain engagement / loyalty rewards,Higher plan cost,Premium,High,North America,52,0
7ff1a77b-f219-42d5-97cd-279306d9c7bc,0.9961409882946276,High,8.99,107.46368981722443,Offer targeted discount / personalized content,Low recent activity,Basic,Low,South America,26,1
fbd594ee-94ca-41dd-ac59-144c2ceb26c3,0.007496318085866929,Low,13.99,1.2584818802553401,Maintain engagement / loyalty rewards,Low recent activity,Standard,High,Europe,25,0
8095be8a-3220-40ec-a3ad-6bbc2aee0cc9,0.007722338325376324,Low,8.99,0.8330858585415977,Maintain engagement / loyalty rewards,Stable usage,Basic,High,South America,33,0
17f2ec1d-c875-43da-9307-7012fa87236c,0.995985026648745,High,17.99,215.01324755293103,Offer targeted discount / personalized content,Low recent activity,Premium,Low,Europe,40,1
d694ed01-7f0c-40af-8749-f22aa8dd2ffa,0.996139162209017,High,17.99,215.04652233768257,Offer targeted discount / personalized content,Low engagement,Premium,Low,South America,55,1
33624a15-18f7-4ffc-9315-f18f25909579,0.007489284585735502,Low,8.99,0.807944021109146,Maintain engagement / loyalty rewards,Stable usage,Basic,High,Africa,67,0
c76f1318-9857-4514-8548-3cd20a91f650,0.9959083440886263,High,8.99,107.43859216028099,Offer targeted discount / personalized content,Low engagement,Basic,Low,North America,62,1
68afcc40-9bb4-4903-a7ce-3c64492794f6,0.996142041627299,High,13.99,167.23232594839095,Offer targeted discount / personalized content,Low recent activity,Standard,Low,South America,69,1
6bcde048-341c-45ac-98f5-4d14cb9833fb,0.00813256470204409,Low,17.99,1.755658067877278,Maintain engagement / loyalty rewards,Low recent activity,Premium,Medium,South America,53,0
a21b6747-ba7f-45cf-aac1-1356acb9c8ae,0.007584366075678457,Low,8.99,0.8182014122441919,Maintain engagement / loyalty rewards,Stable usage,Basic,High,Asia,20,0
11d62c4f-c1a0-4356-80eb-394f38d17efe,0.9960839258399652,High,17.99,215.03459791033168,Offer targeted discount / personalized content,Low recent activity,Premium,Medium,South America,60,1
b41e00a2-10d7-46ae-a151-2cc315df1c34,0.9961421695455354,High,8.99,107.46381725057236,Offer targeted discount / personalized content,Low recent activity,Basic,Low,Oceania,56,1
2f6ecf7c-ed0c-4011-8d13-90edf44b305d,0.9961420654337114,High,17.99,215.04714908582957,Offer targeted discount / personalized content,Low engagement,Premium,Low,Asia,65,1
f83a42d7-d5e6-4e72-ad56-651f51927aca,0.9961358805239131,High,8.99,107.46313879091974,Offer targeted discount / personalized content,Low recent activity,Basic,Low,Europe,67,1
8ff31276-200d-4aec-b2e0-6a25c12c51e1,0.9945175097238905,High,8.99,107.28854894901332,Offer targeted discount / personalized content,Stable usage,Basic,Medium,South America,58,1
2649f2e5-179f-4ae9-8280-0dd4aadb0676,0.007495895409259652,Low,8.99,0.8086571967509313,Maintain engagement / loyalty rewards,Stable usage,Basic,Medium,Asia,65,0
dea362ed-393f-43b1-aaff-5195d91b0716,0.007586172450219621,Low,8.99,0.8183962839296927,Maintain engagement / loyalty rewards,Stable usage,Basic,High,Europe,63,0
414e2477-5a33-4de3-9f34-d375ccd27a80,0.007490545178305103,Low,17.99,1.6170588930925054,Maintain engagement / loyalty rewards,Higher plan cost,Premium,High,South America,38,0
0627fc98-d9f7-49b9-a4cf-fd0b49f4e4d0,0.00748829566713548,Low,8.99,0.8078373365705758,Maintain engagement / loyalty rewards,Stable usage,Basic,High,Africa,31,0
05bf2a9f-e720-4d01-8ef5-9110d6fca724,0.9961415048338491,High,13.99,167.2322358315066,Offer targeted discount / personalized content,Low recent activity,Standard,Low,Europe,23,1
819a1e55-0a4e-4467-92b3-74936dc87ecd,0.9961419366347821,High,13.99,167.2323083222472,Offer targeted discount / personalized content,Low engagement,Standard,Low,Africa,27,1
d667d8ed-686c-4d78-b93e-ad2bab070d4a,0.9958101454203685,High,8.99,107.42799848794937,Offer targeted discount / personalized content,Low recent activity,Basic,Low,Europe,46,1
fc8a1ff7-4c98-4ebd-a0cc-0fd7bb0bf243,0.008033156231443414,Low,8.99,0.8666168942481156,Maintain engagement / loyalty rewards,Stable usage,Basic,High,Africa,62,0
1c1a7d6e-6ca7-4b92-9ca2-8497547c5ba1,0.00758122888401737,Low,8.99,0.8178629720077939,Maintain engagement / loyalty rewards,Stable usage,Basic,High,Africa,25,0
3d90379c-6a89-4764-803b-b958c1a4e37a,0.9961411813230441,High,17.99,215.04695822401874,Offer targeted discount / personalized content,Low engagement,Premium,Low,Africa,24,1
8779474b-9c48-4042-ae79-b30c1e583e5d,0.9959533208572735,High,17.99,215.0064029066682,Offer targeted discount / personalized content,Higher plan cost,Premium,Medium,South America,18,1
d2538457-5b62-41a2-98c7-4b3b8e570a97,0.007486970154013052,Low,17.99,1.6162871168483377,Maintain engagement / loyalty rewards,Higher plan cost,Premium,High,Europe,45,0
d35e9995-4a42-438c-a56f-dff2e9acc65e,0.9961411380372922,High,8.99,107.46370597146309,Offer targeted discount / personalized content,Low engagement,Basic,Low,South America,39,1
66d3a92b-4c35-46e6-bf15-cb673be2aee2,0.9960782338482506,High,17.99,215.03336912316033,Offer targeted discount / personalized content,Low engagement,Premium,Low,South America,27,1
5dd447db-64ce-4b28-b902-9ca4fa896a61,0.007542398710844496,Low,8.99,0.8136739729259042,Maintain engagement / loyalty rewards,Stable usage,Basic,High,Asia,33,0
78d39da7-c35a-4a24-a6a2-dcf5627f84f1,0.7921574119154359,High,17.99,171.01094208430428,Offer targeted discount / personalized content,Higher plan cost,Premium,Medium,Oceania,57,1
8fecb4d8-9571-46f5-8773-da640a6481bc,0.007489444510389109,Low,17.99,1.6168212809028009,Maintain engagement / loyalty rewards,Higher plan cost,Premium,High,Asia,32,0
7d3f0d0b-9acd-4f21-88ae-3801eba6cd8b,0.007495330043581059,Low,8.99,0.8085962051015245,Maintain engagement / loyalty rewards,Stable usage,Basic,High,Oceania,42,0
a893ce7f-c8bc-427a-b89d-206a94d5a33a,0.9961421165771964,High,8.99,107.46381153634796,Offer targeted discount / personalized content,Low engagement,Basic,Low,South America,63,1
23b6e829-8591-490b-b518-20b451b14bb1,0.015887004182564033,Low,8.99,1.713890011215008,Maintain engagement / loyalty rewards,Low recent activity,Basic,Medium,Oceania,61,0
d16ade89-0f8a-447e-b492-db632a54e02b,0.9961129545982873,High,17.99,215.04086463867824,Offer targeted discount / personalized content,Higher plan cost,Premium,Low,North America,67,1
713434a0-cfc8-456f-b17e-2f35e330560f,0.008004618666007273,Low,13.99,1.3438153816493013,Maintain engagement / loyalty rewards,Higher plan cost,Standard,Medium,Asia,46,0
d3b99f7e-d0ac-4199-8813-91665f16b3fb,0.007490965657215567,Low,17.99,1.6171496660796962,Maintain engagement / loyalty rewards,Higher plan cost,Premium,High,North America,23,0
9f79dcf6-1ff7-4605-b82c-36cd49b06dd2,0.007492114715656109,Low,13.99,1.2577762184643477,Maintain engagement / loyalty rewards,Higher plan cost,Standard,High,Asia,60,0
e13622fa-d0b3-44c6-b157-38f7a6933d87,0.9961419418835199,High,8.99,107.46379269039413,Offer targeted discount / personalized content,Stable usage,Basic,Medium,Asia,58,1
45c38646-4908-4075-b81d-b90b507bdc9b,0.007487152359872601,Low,13.99,1.2569431381754121,Maintain engagement / loyalty rewards,Higher plan cost,Standard,High,South America,50,0
ceae0c44-3af1-464c-98de-82c6c0a19ae2,0.9959658857556997,High,17.99,215.00911541694046,Offer targeted discount / personalized content,Low recent activity,Premium,Low,Europe,35,1
35fd09b4-e9f0-4d81-9839-c48198d46cf2,0.9961417188722702,High,8.99,107.46376863194051,Offer targeted discount / personalized content,Low engagement,Basic,Low,South America,18,1
92b89aae-d3d2-4715-b669-4634124a6444,0.007678813724372483,Low,8.99,0.8283904245853033,Maintain engagement / loyalty rewards,Stable usage,Basic,High,Europe,62,0
062c9b99-d361-4c0e-b1dd-507fdd20b1e7,0.9959398790313589,High,8.99,107.441994149903,Offer targeted discount / personalized content,Low engagement,Basic,Low,Europe,55,1
ccde27c7-ce46-4ad9-a8b4-8b2e100c2fa1,0.00749104578793061,Low,13.99,1.2575967668777908,Maintain engagement / loyalty rewards,Higher plan cost,Standard,High,Asia,53,0
cc5f3372-1199-4095-b04e-5d731f75390e,0.008530531808540697,Low,17.99,1.8415712068277656,Maintain engagement / loyalty rewards,Low engagement,Premium,Low,North America,27,0
8ea1e41b-df4c-4d34-bb14-d0b5eff7b1e9,0.007496290409004605,Low,13.99,1.2584772338636931,Maintain engagement / loyalty rewards,Higher plan cost,Standard,High,North America,56,0
771523c2-478a-4251-bf5c-8a002d31b068,0.9961420664936129,High,17.99,215.0471493146411,Offer targeted discount / personalized content,Low recent activity,Premium,Low,North America,51,1
4d3b2dc9-926d-4822-bb9d-93eb38181f03,0.007498126516141701,Low,8.99,0.8088978885613667,Maintain engagement / loyalty rewards,Stable usage,Basic,High,Asia,58,0
f77b7449-0c29-440f-a2c0-67cd766eb69b,0.9961401793176456,High,8.99,107.4636025447876,Offer targeted discount / personalized content,Low recent activity,Basic,Medium,Africa,54,1
0c3d6cf4-03ef-4bdc-90c2-4219f71d505a,0.007489233106558464,Low,13.99,1.2572924539290349,Maintain engagement / loyalty rewards,Higher plan cost,Standard,High,Africa,38,0
c7e0f909-6796-452d-a3fd-dc07966ec853,0.015021640117595417,Low,8.99,1.6205345358861936,Maintain engagement / loyalty rewards,Stable usage,Basic,Medium,Africa,21,0
c8a3fc80-5146-415e-b463-45b56f4a9c14,0.008369703579477758,Low,8.99,0.9029236221540606,Maintain engagement / loyalty rewards,Stable usage,Basic,High,North America,40,0
f86bf906-2201-4800-8413-fba4e4e8ae50,0.9961415107379542,High,8.99,107.4637461784105,Offer targeted discount / personalized content,Low recent activity,Basic,Low,North America,59,1
59ddcb4d-d232-4415-a32e-7c13d1b268f5,0.007487821624396859,Low,17.99,1.6164709322747939,Maintain engagement / loyalty rewards,Higher plan cost,Premium,High,Asia,62,0
7016829c-88f3-4821-9fc1-ce5343e53906,0.996141942790349,High,17.99,215.04712260958053,Offer targeted discount / personalized content,Low engagement,Premium,Low,Oceania,31,1
8590233c-8a03-4da7-b235-d889a4ba10a7,0.007489925142858037,Low,17.99,1.6169250398401926,Maintain engagement / loyalty rewards,Higher plan cost,Premium,High,Africa,27,0
b444d608-a7ec-4a3d-b25b-e182bde9cdca,0.9960516558553563,High,17.99,215.0276314660543,Offer targeted discount / personalized content,Low recent activity,Premium,Low,North America,51,1
70c22bdb-e226-4a53-b2da-5f00c9873c5c,0.9961220221692837,High,8.99,107.46164375162232,Offer targeted discount / personalized content,Stable usage,Basic,Medium,Oceania,47,1
e5d91451-1d12-4a01-a042-87b0f22cc66b,0.0081424355595487,Low,17.99,1.7577889885953735,Maintain engagement / loyalty rewards,Low recent activity,Premium,Medium,Asia,42,0
a6d3a561-5aff-4eb2-b18a-60064af4a2c4,0.9961416722854486,High,13.99,167.2322639432811,Offer targeted discount / personalized content,Low recent activity,Standard,Low,South America,60,1
391709dc-2122-409e-9e2c-0bcf6f96d131,0.009728733771491116,Low,17.99,2.100239046589502,Maintain engagement / loyalty rewards,Low engagement,Premium,Low,Asia,19,0
2995e5e8-b8e9-40d6-b211-a261528128d7,0.008232945515379122,Low,17.99,1.7773282778600445,Maintain engagement / loyalty rewards,Higher plan cost,Premium,Medium,Europe,61,0
a1b7828b-5601-4a18-b19c-fe7268dd5a15,0.007494146508568264,Low,17.99,1.6178363482697167,Maintain engagement / loyalty rewards,Higher plan cost,Premium,High,Oceania,68,0
49b003fa-4997-4af1-90e2-c4f8ee1f1779,0.9958033756278777,High,13.99,167.1754707004081,Offer targeted discount / personalized content,Low engagement,Standard,Low,Africa,44,1
30b72525-6af0-428b-a8d9-7451d407f3b9,0.007487001009943523,Low,17.99,1.6162937780266078,Maintain engagement / loyalty rewards,Higher plan cost,Premium,High,Europe,46,0
c5012664-e999-48d6-ba20-5a7c51f6f262,0.996141760228066,High,8.99,107.46377309340374,Offer targeted discount / personalized content,Low recent activity,Basic,Medium,North America,30,1
fc1176e6-bf27-4f67-989e-2bb32af87eb5,0.9961418779040143,High,8.99,107.46378578828507,Offer targeted discount / personalized content,Low engagement,Basic,Low,Europe,60,1
05e3ec87-8fbd-43ef-aa33-05e871060939,0.00748729037749306,Low,17.99,1.6163562466932015,Maintain engagement / loyalty rewards,Higher plan cost,Premium,High,North America,66,0
e76f0da1-9474-47af-a161-0d2f9a8fda76,0.007541256298632287,Low,8.99,0.813550729496451,Maintain engagement / loyalty rewards,Stable usage,Basic,High,Africa,48,0
ff13f6a1-44b1-4c92-b638-17f63606970b,0.017488536978841496,Low,17.99,3.7754253629923022,Maintain engagement / loyalty rewards,Low engagement,Premium,Low,Oceania,46,0
e9ea338a-e635-4d42-ab37-96de2f5656ad,0.00759532570015853,Low,17.99,1.6396789121502233,Maintain engagement / loyalty rewards,Low recent activity,Premium,High,North America,66,0
ddc99c73-7758-4640-aed3-4e11d1f22150,0.9961419934572447,High,8.99,107.46379825416757,Offer targeted discount / personalized content,Low engagement,Basic,Low,Asia,40,1
561b865b-5d18-4836-b50e-f40bde688bcf,0.996142105066893,High,8.99,107.46381029461642,Offer targeted discount / personalized content,Low recent activity,Basic,Low,Africa,35,1
6c9f98ff-4f0f-4639-85d0-5e401d743a4c,0.9961409915214364,High,8.99,107.46369016533257,Offer targeted discount / personalized content,Low recent activity,Basic,Low,Europe,52,1
bf6a8e72-8dbc-4f8c-8e6e-77f94994af64,0.9961389299807157,High,13.99,167.23180356516255,Offer targeted discount / personalized content,Higher plan cost,Standard,Medium,South America,24,1
2f4ee00e-a84b-43e8-bb6d-64c48d0ce757,0.007491793275132276,Low,17.99,1.6173283322355556,Maintain engagement / loyalty rewards,Higher plan cost,Premium,High,Oceania,46,0
d727f89d-d107-459c-a343-4c7c59015831,0.9945751238376582,High,13.99,166.96927178986607,Offer targeted discount / personalized content,Low engagement,Standard,Low,Europe,30,1
101b4ce6-b2f8-41ab-b6f4-2a3ed4dba3eb,0.9955628691689318,High,8.99,107.40132232594436,Offer targeted discount / personalized content,Low engagement,Basic,Low,Europe,36,1
571a05dc-0525-4962-81b2-e2debf902229,0.9961331239594191,High,8.99,107.46284141274214,Offer targeted discount / personalized content,Stable usage,Basic,Medium,Oceania,30,1
01717096-8d78-4952-8e2a-2b736796d452,0.007496633656591619,Low,8.99,0.8087368388731039,Maintain engagement / loyalty rewards,Stable usage,Basic,High,South America,26,0
3d81d442-7bd1-472e-be6c-87d59a39d2d6,0.9959337544933614,High,17.99,215.00217892002684,Offer targeted discount / personalized content,Low recent activity,Premium,Medium,Oceania,46,1
65ff28ce-5167-4737-b5e6-68c27a6a6d8a,0.9948936450213735,High,8.99,107.32912642490577,Offer targeted discount / personalized content,Stable usage,Basic,Medium,Oceania,19,1
235a56c4-10be-43f0-ac08-14a913cd1569,0.007576896017909271,Low,8.99,0.8173955424120521,Maintain engagement / loyalty rewards,Low recent activity,Basic,High,Europe,33,0
05b69fb9-1cd4-4eb2-866b-392801328417,0.9562384434640719,High,8.99,103.15900328090407,Offer targeted discount / personalized content,Stable usage,Basic,Medium,Asia,21,1
daa75c56-1674-4ac3-a470-64524a70d5b5,0.9959752585705541,High,13.99,167.2043264088246,Offer targeted discount / personalized content,Higher plan cost,Standard,Low,North America,69,1
537ac1c5-a609-4780-94eb-517b0e64ae21,0.007500154543382801,Low,17.99,1.6191333628254787,Maintain engagement / loyalty rewards,Higher plan cost,Premium,Medium,Europe,30,0
373df7a9-5e18-427a-982f-59e95851f9d7,0.008787876301563899,Low,8.99,0.9480360954127134,Maintain engagement / loyalty rewards,Low recent activity,Basic,Medium,Oceania,23,0
aaf5f091-7785-48d1-84e9-fa47bf7525e5,0.9961422340244853,High,8.99,107.46382420656147,Offer targeted discount / personalized content,Low recent activity,Basic,Low,South America,70,1
843f9e04-265c-4f69-8cd8-27f093ec3e0f,0.9425202505092678,High,8.99,101.6790846249398,Offer targeted discount / personalized content,Low recent activity,Basic,Medium,South America,62,1
61e49860-703a-4a67-82ad-5749094f5dc2,0.008343316710955884,Low,17.99,1.8011552115611562,Maintain engagement / loyalty rewards,Low engagement,Premium,Low,South America,53,0
bbe915c1-0aba-4b41-befd-ddb68cdd7b58,0.007494279422927609,Low,17.99,1.6178650418216123,Maintain engagement / loyalty rewards,Higher plan cost,Premium,High,North America,63,0
e45d6c09-50d4-44ae-b8f3-408bcd74cada,0.007494597361255353,Low,13.99,1.2581930050075487,Maintain engagement / loyalty rewards,Higher plan cost,Standard,High,South America,55,0
dfc2c37e-28ec-47db-bfd9-87dce42a6384,0.9961415357256145,High,13.99,167.23224101761616,Offer targeted discount / personalized content,Low engagement,Standard,Low,North America,62,1
98b673eb-edbf-4aa3-81d9-b6cb512beb47,0.007487720045720542,Low,17.99,1.6164490034701506,Maintain engagement / loyalty rewards,Higher plan cost,Premium,High,Oceania,21,0
9359e195-d2cd-4e6d-acdf-3cc04acb7545,0.9960092706863289,High,13.99,167.21003636282092,Offer targeted discount / personalized content,Low recent activity,Standard,Medium,South America,29,1
b1990fc7-29ce-4129-a239-b95591db2fe3,0.9959643749593686,High,17.99,215.00878926622846,Offer targeted discount / personalized content,Low recent activity,Premium,Medium,Asia,22,1
ba8c3b67-e723-4833-8515-1909eb090ffc,0.0074870420812690065,Low,13.99,1.2569246246034407,Maintain engagement / loyalty rewards,Higher plan cost,Standard,High,Oceania,28,0
fdf173e9-3cc2-4211-ad97-6a89ab4c992d,0.9961420141703912,High,8.99,107.46380048870179,Offer targeted discount / personalized content,Low recent activity,Basic,Low,North America,60,1
b2dabfea-7d61-4505-8d8b-15194d98a3c1,0.007492327016649383,Low,17.99,1.6174435563542686,Maintain engagement / loyalty rewards,Higher plan cost,Premium,High,Asia,29,0
0a450e9c-d685-4b05-bd36-cb4aab6a21ed,0.9961422257971126,High,8.99,107.46382331899252,Offer targeted discount / personalized content,Low recent activity,Basic,Low,Asia,63,1
e4e9504a-7d5d-47d9-940d-31817782fc8f,0.9953051953460925,High,13.99,167.091836194702,Offer targeted discount / personalized content,Higher plan cost,Standard,Medium,Asia,40,1
20e2e96f-2ac5-4a36-9cfa-9d6738c4e1ee,0.9957735409324414,High,13.99,167.17046205173827,Offer targeted discount / personalized content,Low recent activity,Standard,Low,Europe,54,1
ba93d319-ddd9-4d3e-991a-fdcba85570c3,0.007487159308325471,Low,13.99,1.2569443046816802,Maintain engagement / loyalty rewards,Higher plan cost,Standard,Medium,Europe,63,0
3ae5e0f7-8bff-4310-b002-0d99213fadad,0.9961417970020541,High,8.99,107.46377706058159,Offer targeted discount / personalized content,Low recent activity,Basic,Medium,Europe,31,1
c8a35af6-aa05-410a-85f0-e8ea8e13d69a,0.00940416077446602,Low,13.99,1.5787705108173555,Maintain engagement / loyalty rewards,Higher plan cost,Standard,Medium,South America,26,0
a02f28e9-2264-4b14-b562-3098301b12fd,0.9961420395686975,High,8.99,107.46380322867108,Offer targeted discount / personalized content,Low recent activity,Basic,Low,South America,18,1
e3d31a6c-7408-4ad9-a763-ea9a744f27de,0.9957175839312862,High,13.99,167.1610679903843,Offer targeted discount / personalized content,Higher plan cost,Standard,Medium,North America,28,1
d642d465-d3dc-4c44-89d0-a93e4cc2f65d,0.007883543559982376,Low,13.99,1.3234892928498412,Maintain engagement / loyalty rewards,Higher plan cost,Standard,Medium,Oceania,46,0
dfd1210c-8265-4142-b69e-e4cdb9258776,0.021745011309953398,Low,13.99,3.6505524987149762,Maintain engagement / loyalty rewards,Higher plan cost,Standard,Medium,North America,47,0
ad681c74-e812-4922-a966-89fea4750cd4,0.9961335312197079,High,8.99,107.46288534798208,Offer targeted discount / personalized content,Low recent activity,Basic,Low,Africa,47,1
9ae480fe-dab2-482a-86cc-d7ad530f7704,0.010050577596381793,Low,13.99,1.6872909668805751,Maintain engagement / loyalty rewards,Higher plan cost,Standard,Medium,Europe,29,0
422b2b02-7b3c-4fbf-b594-6e2914e469c5,0.0075378200549615125,Low,13.99,1.2654492308269387,Maintain engagement / loyalty rewards,Higher plan cost,Standard,High,Africa,70,0
6af7638e-274b-40ba-8035-97b8d5181611,0.9959663710818603,High,17.99,215.00922018915196,Offer targeted discount / personalized content,Higher plan cost,Premium,Medium,Oceania,26,1
fd7293ff-a104-4081-b219-8a71ad708cb5,0.9961409812362578,High,17.99,215.04691502928333,Offer targeted discount / personalized content,Low engagement,Premium,Low,Oceania,68,1
892594b0-7698-4b09-9093-39ed12e147ae,0.9957998666880709,High,8.99,107.42688961830909,Offer targeted discount / personalized content,Low recent activity,Basic,Medium,North America,18,1
9f356c38-182c-4951-b612-e9412297b50d,0.9961420089640785,High,8.99,107.46379992704479,Offer targeted discount / personalized content,Low engagement,Basic,Low,Europe,18,1
63daec73-9ae1-4781-ba06-3950acff9ba6,0.9958473135839343,High,8.99,107.43200818943482,Offer targeted discount / personalized content,Stable usage,Basic,Medium,Africa,29,1
dfbbbb1b-d847-42c1-920c-2e08ad6b3481,0.007487171887208303,Low,17.99,1.6163306670105286,Maintain engagement / loyalty rewards,Higher plan cost,Premium,Medium,North America,24,0
7159f13c-01b8-4c3c-8d77-8a60df9e2653,0.007494862211833313,Low,13.99,1.2582374681225765,Maintain engagement / loyalty rewards,Low recent activity,Standard,High,South America,29,0
8329446c-9c38-459b-b296-59f5f19f2a51,0.9923650686902734,High,8.99,107.0563436103067,Offer targeted discount / personalized content,Stable usage,Basic,Low,South America,37,1
7aeada68-2ac1-4864-8292-82cc19d446da,0.9961407522195291,High,17.99,215.04686558915193,Offer targeted discount / personalized content,Low engagement,Premium,Low,Europe,21,1
278c548d-ee93-44b9-aeab-dacd67b66291,0.007582763948112999,Low,8.99,0.8180285747224304,Maintain engagement / loyalty rewards,Stable usage,Basic,High,North America,65,0
242a83be-25ed-4b50-966e-126fa3bda7d0,0.9961420179426306,High,8.99,107.46380089565099,Offer targeted discount / personalized content,Low engagement,Basic,Low,Oceania,44,1
0886815c-00c9-4177-bd6b-86b3d1610606,0.007488222609905027,Low,17.99,1.6165574970262968,Maintain engagement / loyalty rewards,Higher plan cost,Premium,High,Europe,18,0
19f96bab-f769-4ade-9add-63dd0769e499,0.9957592412392626,High,8.99,107.42250694489165,Offer targeted discount / personalized content,Low engagement,Basic,Low,South America,55,1
b586e701-6744-4a21-a4c4-2a434139d2ed,0.9959998442346423,High,13.99,167.20845385011174,Offer targeted discount / personalized content,Low recent activity,Standard,Medium,Europe,47,1
2b17d2bf-926e-4ebf-a591-a9966eed3815,0.9961419695662921,High,17.99,215.04712838997114,Offer targeted discount / personalized content,Low recent activity,Premium,Low,South America,47,1
17ec48bb-58d9-4be7-a2d5-ad5f1bd26c9b,0.9954735834786075,High,17.99,214.90283720136176,Offer targeted discount / personalized content,Higher plan cost,Premium,Medium,Africa,36,1
c4eb2f57-2a9b-405b-b686-e34aa4c1ba65,0.9961370433498076,High,17.99,215.04606491835642,Offer targeted discount / personalized content,Higher plan cost,Premium,Medium,Africa,70,1
71231f4a-6054-4c64-8499-31766c837b61,0.996139538053807,High,17.99,215.04660347505583,Offer targeted discount / personalized content,Higher plan cost,Premium,Medium,Asia,51,1
acbe95b8-be8f-459a-b0e1-2e9f99755a77,0.008332649598695601,Low,13.99,1.3988852146290176,Maintain engagement / loyalty rewards,Higher plan cost,Standard,Medium,Africa,48,0
0a6816a7-f888-47b3-84f4-937bcd1a9023,0.007486980905894132,Low,17.99,1.616289437964425,Maintain engagement / loyalty rewards,Higher plan cost,Premium,High,South America,39,0
2e24691d-31e2-4802-af7a-2e2fd8afbee8,0.9948725920302817,High,13.99,167.01921075004367,Offer targeted discount / personalized content,Higher plan cost,Standard,Medium,Asia,33,1
65cb8d99-164b-4e42-badf-dae7fb16d388,0.007492527665143344,Low,13.99,1.2578455444242644,Maintain engagement / loyalty rewards,Higher plan cost,Standard,High,Europe,63,0
31f8fd87-aea7-4f86-ac51-080bbd39c074,0.9961420986766782,High,8.99,107.46380960524006,Offer targeted discount / personalized content,Low recent activity,Basic,Low,South America,51,1
7d314499-d7e9-4619-a054-c17d976d3aa4,0.9960956867438749,High,13.99,167.22454389056173,Offer targeted discount / personalized content,Low recent activity,Standard,Medium,South America,21,1
22ada47b-5f63-44bc-ac7b-24989a5de212,0.9950528735906534,High,13.99,167.0494764183989,Offer targeted discount / personalized content,Low engagement,Standard,Low,Europe,29,1
3bf8c2a4-b13f-4ce2-9532-440dfd0472a0,0.9959224344337769,High,13.99,167.19545829274247,Offer targeted discount / personalized content,Low recent activity,Standard,Medium,Europe,52,1
0ae85af3-f96d-4d82-a2a0-72b0c0db8529,0.007517778434980119,Low,13.99,1.2620846436644624,Maintain engagement / loyalty rewards,Low recent activity,Standard,High,Africa,20,0
dc684b93-d819-40f9-8e0e-8419b6139db6,0.007491145132160025,Low,8.99,0.8081447368574235,Maintain engagement / loyalty rewards,Stable usage,Basic,High,South America,48,0
7c7cb0de-6a7a-4c38-91df-959c1fa55547,0.9954779063114648,High,8.99,107.39215653288082,Offer targeted discount / personalized content,Stable usage,Basic,Medium,Oceania,25,1
1b03740b-7608-4b96-a78e-b48bebde5337,0.9961412951855333,High,8.99,107.46372292461533,Offer targeted discount / personalized content,Low recent activity,Basic,Low,South America,53,1
4e66e2a1-2aa8-42eb-9372-1a01a6f04a8c,0.010089646418792795,Low,13.99,1.6938498407869342,Maintain engagement / loyalty rewards,Low recent activity,Standard,Low,Europe,27,0
b5f4e9de-96ed-44b6-9ce8-51d81ac90562,0.007488830603976998,Low,13.99,1.2572248817956584,Maintain engagement / loyalty rewards,Higher plan cost,Standard,High,Oceania,50,0
a16251fb-f52b-430e-9bb1-272ebfb4a387,0.9959728249892768,High,8.99,107.44554835984317,Offer targeted discount / personalized content,Stable usage,Basic,Medium,Africa,41,1
f4c785ec-5213-4d09-8dfd-af38ed4cc0b8,0.9961416702184998,High,13.99,167.23226359628174,Offer targeted discount / personalized content,Low recent activity,Standard,Low,South America,47,1
a1cacec9-db50-426d-b7e5-6ec5ccfbc39e,0.007808327496718263,Low,8.99,0.8423623703459662,Maintain engagement / loyalty rewards,Stable usage,Basic,High,North America,59,0
84bb4a72-f675-48ba-a3d6-aa4b8c828fe6,0.9959369433262507,High,17.99,215.00286732527098,Offer targeted discount / personalized content,Low engagement,Premium,Low,Africa,58,1
f29753d3-885d-4d69-a71c-5ac46637749e,0.00748948345728188,Low,17.99,1.616829688758012,Maintain engagement / loyalty rewards,Higher plan cost,Premium,High,North America,24,0
fe26c901-86af-42bf-a9cf-ec1bc66f6a46,0.9961412736484838,High,8.99,107.46372060119845,Offer targeted discount / personalized content,Low recent activity,Basic,Low,Oceania,69,1
cd4e8d09-810c-44a7-a053-37f8f77c0514,0.007487998544953485,Low,8.99,0.8078052830295819,Maintain engagement / loyalty rewards,Stable usage,Basic,High,Asia,54,0
fa40f79b-8e48-448a-98b0-d9064c1b0115,0.0689316298883951,Low,17.99,14.880960260306734,Maintain engagement / loyalty rewards,Higher plan cost,Premium,Medium,Asia,48,0
1b43ab83-77a5-4a8f-b68c-bbb2d21d310f,0.996142178804809,High,13.99,167.23234897775134,Offer targeted discount / personalized content,Low engagement,Standard,Low,North America,18,1
51cf9141-4056-4062-85a8-43eb7e6272bc,0.9959934392011375,High,13.99,167.20737857308697,Offer targeted discount / personalized content,Low recent activity,Standard,Low,South America,27,1
794b6449-c942-4346-82b8-166667e62c6c,0.007523086707527676,Low,13.99,1.2629757964597463,Maintain engagement / loyalty rewards,Higher plan cost,Standard,High,Asia,41,0
df4ef614-eed1-4c6c-8472-b5bf8fe1e6ae,0.007487092374634173,Low,17.99,1.616313501836025,Maintain engagement / loyalty rewards,Higher plan cost,Premium,Medium,Oceania,49,0
cff5d87d-e5d3-46a7-a439-b5d14d3aee6b,0.9961411913332722,High,8.99,107.4637117210334,Offer targeted discount / personalized content,Low recent activity,Basic,Low,North America,45,1
bc14c635-9c82-42e0-9ea1-fb4cba7aacb5,0.007522578678082964,Low,8.99,0.8115357877915903,Maintain engagement / loyalty rewards,Stable usage,Basic,High,North America,63,0
baaa1f32-4ba3-46ed-90ef-d74366522631,0.007572488855164367,Low,8.99,0.8169200976951319,Maintain engagement / loyalty rewards,Stable usage,Basic,Medium,Europe,54,0
1cedb0ea-4404-4bd3-bd08-e1aa6ee85a12,0.0074905565359689825,Low,13.99,1.2575146312584728,Maintain engagement / loyalty rewards,Higher plan cost,Standard,High,South America,38,0
3e453410-a025-42af-b464-f536ad03a150,0.9961028541614294,High,8.99,107.45957590693502,Offer targeted discount / personalized content,Stable usage,Basic,Medium,Asia,24,1
8a558ce9-588b-4840-9e84-5a5d836d430f,0.007487161552687818,Low,13.99,1.256944681465231,Maintain engagement / loyalty rewards,Higher plan cost,Standard,High,North America,41,0
b68c53e7-4c9f-4258-95b7-c73c28850f7c,0.01875922529189981,Low,13.99,3.14929874200414,Maintain engagement / loyalty rewards,Low recent activity,Standard,Medium,Oceania,26,0
07ca6c7a-e7fb-498f-91b1-621fc7effa83,0.0074998366593365205,Low,8.99,0.8090823788092238,Maintain engagement / loyalty rewards,Stable usage,Basic,High,Oceania,27,0
b187ac76-4367-49b1-8c71-afb04eadbc52,0.9958803160473007,High,17.99,214.99064262829125,Offer targeted discount / personalized content,Low engagement,Premium,Low,Oceania,57,1
de1c3060-c7e2-4ddb-b67d-6c80b0cc9f9b,0.9960422725663609,High,8.99,107.45304036445901,Offer targeted discount / personalized content,Stable usage,Basic,Medium,Asia,47,1
b1255159-1199-4d92-925d-2bd1d66f27a8,0.9961348948520019,High,13.99,167.23112614775408,Offer targeted discount / personalized content,Low recent activity,Standard,Low,Europe,46,1
e68dd843-5ad0-4f96-a114-fecf95b5f4d6,0.9961411438015698,High,17.99,215.04695012388288,Offer targeted discount / personalized content,Low engagement,Premium,Low,North America,47,1
f9506e2a-6a22-4945-bb7b-0719c94e9258,0.9948984275000348,High,13.99,167.02354800870583,Offer targeted discount / personalized content,Higher plan cost,Standard,Medium,Asia,23,1
2779629f-a22b-448b-afe0-e9dedee50eff,0.009436685498427572,Low,8.99,1.0180296315703665,Maintain engagement / loyalty rewards,Stable usage,Basic,High,Africa,68,0
fbb0e169-5635-4785-8c4c-d8aca6bc724d,0.9956075804206146,High,13.99,167.1426006010128,Offer targeted discount / personalized content,Higher plan cost,Standard,Medium,South America,19,1
a4e333cf-cc94-4387-ad6a-c182ab9a943a,0.9961363214424486,High,8.99,107.46318635721136,Offer targeted discount / personalized content,Low recent activity,Basic,Low,Europe,69,1
fb521689-6488-481f-b8eb-bacbf056f385,0.007487173501339504,Low,13.99,1.256946687404876,Maintain engagement / loyalty rewards,Higher plan cost,Standard,High,North America,29,0
5a65a314-97bb-4893-b479-fe03c3e20276,0.007507721703331608,Low,17.99,1.6207669613152274,Maintain engagement / loyalty rewards,Low recent activity,Premium,High,South America,36,0
36fdcf0e-96a0-4a84-80e5-92931c07651c,0.9959016334698463,High,13.99,167.1919662269178,Offer targeted discount / personalized content,Low recent activity,Standard,Low,Europe,38,1
d31f19b8-7add-4867-9aee-a9987c498e9d,0.007488752901347609,Low,13.99,1.2572118370782368,Maintain engagement / loyalty rewards,Higher plan cost,Standard,Medium,Asia,38,0
9e12b8bd-a9c9-4bfe-a09d-7df603c13f52,0.007488740783514329,Low,8.99,0.8078853557255257,Maintain engagement / loyalty rewards,Stable usage,Basic,High,Asia,67,0
8c9f805b-1cea-4395-904e-7a5a310e9234,0.0074899567597054,Low,13.99,1.2574139408193425,Maintain engagement / loyalty rewards,Higher plan cost,Standard,High,Asia,31,0
48f3d126-2b72-47ce-a88c-125dbfcea2f6,0.9961357833661486,High,13.99,167.23127531150902,Offer targeted discount / personalized content,Low engagement,Standard,Low,South America,53,1
ee80ddff-0534-48ba-a952-aa9e70933650,0.9961391815067493,High,13.99,167.23184579135307,Offer targeted discount / personalized content,Low engagement,Standard,Low,Europe,44,1
6f90adfd-ddf0-49e9-ac0b-7833fad27958,0.009785719354228593,Low,13.99,1.642826565187896,Maintain engagement / loyalty rewards,Low engagement,Standard,Low,South America,20,0
fdbb7c09-86b4-4a59-9772-021f06656aae,0.00759133670224809,Low,8.99,0.818953403438524,Maintain engagement / loyalty rewards,Stable usage,Basic,High,Africa,22,0
5fd18efb-f1b5-4ecb-a506-7884ac990fcc,0.007488779810525992,Low,17.99,1.6166777854963508,Maintain engagement / loyalty rewards,Higher plan cost,Premium,High,Africa,69,0
7106a199-919c-4dca-bcdd-50de7516208c,0.9961384057159537,High,8.99,107.46341120863707,Offer targeted discount / personalized content,Stable usage,Basic,Medium,Asia,29,1
d2ca8f35-33de-41f7-900d-d56232be43e2,0.008356677515395641,Low,13.99,1.4029190212846203,Maintain engagement / loyalty rewards,Higher plan cost,Standard,High,Asia,65,0
a8a06958-f065-4125-ad8c-1d43312e8635,0.009326928232173043,Low,17.99,2.013497266761516,Maintain engagement / loyalty rewards,Higher plan cost,Premium,Medium,Europe,40,0
8766bf34-0235-4bad-b3d3-4d855393ec68,0.9961263477711769,High,8.99,107.46211039755457,Offer targeted discount / personalized content,Stable usage,Basic,Medium,South America,44,1
376a8158-1184-4952-ad53-914e27bc8d2e,0.9959474374227992,High,17.99,215.00513279083387,Offer targeted discount / personalized content,Low recent activity,Premium,Low,South America,21,1
6a551fc0-60a5-483f-a823-de6ecf0ed3fc,0.007502446942793553,Low,8.99,0.8093639761885685,Maintain engagement / loyalty rewards,Stable usage,Basic,High,Asia,50,0
316b13ff-974f-46ee-a535-0eb0d54dbf08,0.007568255335788618,Low,13.99,1.270558705772193,Maintain engagement / loyalty rewards,Higher plan cost,Standard,Medium,Oceania,69,0
9a579630-34ed-41af-9605-6d16463f51a3,0.995676587409155,High,8.99,107.41359024969965,Offer targeted discount / personalized content,Stable usage,Basic,Medium,Europe,31,1
99d26b54-a532-497d-891a-457988b8a000,0.9961417344573459,High,17.99,215.04707763465183,Offer targeted discount / personalized content,Low recent activity,Premium,Low,North America,66,1
b75b9ecb-d8bf-486e-a896-153a2039cc85,0.007487123320698025,Low,17.99,1.6163201824722893,Maintain engagement / loyalty rewards,Higher plan cost,Premium,High,South America,64,0
c6aa9949-ba46-4793-8045-c6c9f528801d,0.007489652222763915,Low,17.99,1.6168661218502738,Maintain engagement / loyalty rewards,Higher plan cost,Premium,High,North America,69,0
f0d16cce-516b-4b52-b541-146fa115d382,0.0074917509812394865,Low,13.99,1.257715154730485,Maintain engagement / loyalty rewards,Higher plan cost,Standard,High,North America,47,0
26028d11-a0cb-4305-89a4-f481f1dcc51e,0.9961412043592718,High,13.99,167.23218538783456,Offer targeted discount / personalized content,Low engagement,Standard,Low,South America,70,1
866d76de-f261-47fd-a76b-04d26f4354cd,0.007489117996540551,Low,13.99,1.2572731292592276,Maintain engagement / loyalty rewards,Higher plan cost,Standard,High,Africa,44,0
d20f17d4-829d-452f-8b9c-28b86a17ba70,0.9961421087676857,High,13.99,167.2323372199191,Offer targeted discount / personalized content,Low recent activity,Standard,Low,North America,67,1
d28c2ac2-60ec-4630-b868-74ac7e722cf0,0.007493087492833282,Low,13.99,1.2579395282968515,Maintain engagement / loyalty rewards,Low recent activity,Standard,Medium,North America,66,0
51159c3c-65bd-4e2f-be01-7b65fec7cc64,0.007493170747750489,Low,17.99,1.6176257010243753,Maintain engagement / loyalty rewards,Higher plan cost,Premium,High,Oceania,57,0
5ae85ada-ce4a-4e43-9055-cba17bc8e5e9,0.007507413399819973,Low,17.99,1.6207004047531357,Maintain engagement / loyalty rewards,Higher plan cost,Premium,Medium,Asia,53,0
ac609128-c66e-4721-84fe-5bc8669abe15,0.007493820154047021,Low,8.99,0.8084333182185927,Maintain engagement / loyalty rewards,Stable usage,Basic,High,South America,67,0
8a796eb5-411e-4659-8712-f55009816c45,0.99614150370517,High,13.99,167.23223564202394,Offer targeted discount / personalized content,Low engagement,Standard,Low,North America,35,1
c9178b03-a423-4479-8770-a7799b9f3714,0.009915831927691219,Low,13.99,1.6646698640208017,Maintain engagement / loyalty rewards,Higher plan cost,Standard,High,Europe,63,0
0e194852-0ef1-49eb-ace7-3995062e3482,0.9961422347049421,High,8.99,107.46382427996916,Offer targeted discount / personalized content,Low recent activity,Basic,Low,Europe,53,1
8045a861-a968-4b58-89c6-dc15c6fd41e8,0.9960641519047041,High,17.99,215.03032911318752,Offer targeted discount / personalized content,Low engagement,Premium,Low,North America,24,1
ea08302a-40c0-4e80-a0f6-0d4de8353a19,0.009144495172648471,Low,8.99,0.986508139225317,Maintain engagement / loyalty rewards,Stable usage,Basic,High,South America,28,0
3f98db89-eb95-4beb-9376-cb7e68d988cc,0.007487171086627701,Low,17.99,1.616330494181188,Maintain engagement / loyalty rewards,Higher plan cost,Premium,High,Asia,69,0
44e5ebf4-9957-4c99-addf-0966df3b2db4,0.995912073471428,High,8.99,107.43899448609764,Offer targeted discount / personalized content,Stable usage,Basic,Low,Europe,58,1
3ef7aba6-d2db-4bf8-9700-8eaa5f286afe,0.9958796841122213,High,8.99,107.43550032202643,Offer targeted discount / personalized content,Low recent activity,Basic,Low,Asia,50,1
3386b0b9-c2dd-4bc0-aa2f-87fbd712d354,0.9961412869744446,High,8.99,107.46372203880307,Offer targeted discount / personalized content,Low engagement,Basic,Low,Africa,24,1
8b113aca-3087-4316-b980-6925a693dc6e,0.9961404457365213,High,13.99,167.23205803024717,Offer targeted discount / personalized content,Low engagement,Standard,Low,Africa,60,1
ac6e7c60-12d5-49f7-927e-a32412e81b93,0.9948849306714939,High,8.99,107.32818632084076,Offer targeted discount / personalized content,Stable usage,Basic,Medium,Asia,52,1
0566c602-68e3-47c4-baab-f9dd4db9dbea,0.996136812217749,High,13.99,167.2314480351157,Offer targeted discount / personalized content,Higher plan cost,Standard,Low,Asia,70,1
d5146e9c-493c-4165-a588-0340f585331c,0.016446298133454412,Low,8.99,1.7742266426370619,Maintain engagement / loyalty rewards,Stable usage,Basic,Medium,Asia,24,0
d3a4252b-a64c-4b21-99c8-fa78272e30c8,0.9961420761465615,High,13.99,167.23233174348474,Offer targeted discount / personalized content,Low engagement,Standard,Low,North America,40,1
431c392c-36ca-4def-955a-566f02823c23,0.008937883806817665,Low,8.99,0.9642189050794898,Maintain engagement / loyalty rewards,Stable usage,Basic,High,North America,28,0
08cc1c3f-bd03-470e-9ee5-f6206ef8f0ea,0.007975307515828776,Low,17.99,1.7217093865171162,Maintain engagement / loyalty rewards,Higher plan cost,Premium,Medium,North America,36,0
4875bcbf-cc55-419a-8d9d-cec963f0dc03,0.9961419845173088,High,13.99,167.23231636076582,Offer targeted discount / personalized content,Low recent activity,Standard,Low,Europe,39,1
57ffc492-dcb6-416b-a4f3-7109014eb262,0.9961420683575151,High,17.99,215.04714971702035,Offer targeted discount / personalized content,Low recent activity,Premium,Low,Asia,26,1
ecbbc218-4c84-4f64-bb43-ea339a091b4b,0.007837958189593043,Low,17.99,1.6920584139693462,Maintain engagement / loyalty rewards,Higher plan cost,Premium,Medium,North America,25,0
e8f09351-f30e-4e46-9128-fd3307db7769,0.9958098279230987,High,13.99,167.1765539117298,Offer targeted discount / personalized content,Low engagement,Standard,Low,Asia,21,1
c0687495-cb7e-4949-b63f-9532608d32f6,0.996141993062485,High,8.99,107.46379821158088,Offer targeted discount / personalized content,Low recent activity,Basic,Low,South America,46,1
24fae6e6-0303-46ef-835f-1123d6500129,0.9961419856744602,High,17.99,215.04713186740247,Offer targeted discount / personalized content,Low engagement,Premium,Low,South America,45,1
c19ffda9-ff61-4dcc-83a6-1c12abf91b0f,0.007969854674751638,Low,13.99,1.337979202797305,Maintain engagement / loyalty rewards,Higher plan cost,Standard,Medium,South America,54,0
22d0434e-3d72-42d0-a21d-0815d6fed80d,0.9872161300510731,High,8.99,106.50087610990977,Offer targeted discount / personalized content,Stable usage,Basic,Medium,Europe,60,1
815bed6b-02ad-465b-9f68-c07c508524ce,0.010083633504243104,Low,8.99,1.087822382437746,Maintain engagement / loyalty rewards,Stable usage,Basic,Medium,South America,39,0
e9063abe-14f1-4a30-ac69-04109b0bd3a6,0.9961422222293359,High,8.99,107.46382293410076,Offer targeted discount / personalized content,Low recent activity,Basic,Low,Asia,34,1
bc6d4f0a-746b-4b43-b1a9-9a39dac02d85,0.9961388570298997,High,8.99,107.46345989638559,Offer targeted discount / personalized content,Low recent activity,Basic,Medium,Oceania,52,1
0d120f0a-8b1e-4a3f-8f4c-b9da5114d22e,0.007487050875185327,Low,17.99,1.6163045429350085,Maintain engagement / loyalty rewards,Higher plan cost,Premium,High,North America,19,0
4bb417fa-6c40-4649-a180-c6e5c6011565,0.9959600035375988,High,13.99,167.2017653938921,Offer targeted discount / personalized content,Low engagement,Standard,Low,South America,21,1
89c72886-d4cd-472c-82f4-82a56283ff8c,0.008844261037230988,Low,17.99,1.9092990727174255,Maintain engagement / loyalty rewards,Low engagement,Premium,Low,North America,27,0
5cbe23ea-3cac-44b7-b6cb-e6ccd8e6224c,0.9956013456943783,High,17.99,214.93041850850238,Offer targeted discount / personalized content,Higher plan cost,Premium,Medium,South America,66,1
6c7a0786-5bbd-45a6-bf15-a8ca2018cb9f,0.9961163823328538,High,17.99,215.04160461801646,Offer targeted discount / personalized content,Higher plan cost,Premium,Medium,Oceania,35,1
524d67c4-a4d6-46c4-853a-a934c0ccfeea,0.9956071069349063,High,13.99,167.14252111223206,Offer targeted discount / personalized content,Low engagement,Standard,Low,South America,35,1
2eb3cff4-1b23-4d37-a3dd-71e3a5a0e463,0.9961326693995318,High,8.99,107.4627923748215,Offer targeted discount / personalized content,Low recent activity,Basic,Low,Oceania,52,1
57e4fad4-7fad-49ec-aa15-9e560b0fffae,0.9953485712510162,High,17.99,214.87584956166936,Offer targeted discount / personalized content,Low engagement,Premium,Low,Europe,57,1
a9ffad05-0e54-445d-ad0d-a8a8da93f6c1,0.007487160359215939,Low,17.99,1.616328178347537,Maintain engagement / loyalty rewards,Higher plan cost,Premium,Medium,North America,64,0
1d6b8014-2fc0-431e-aa3e-4754e38b957d,0.9945115604428804,High,8.99,107.28790714057794,Offer targeted discount / personalized content,Stable usage,Basic,Medium,South America,31,1
73062adc-8195-4300-838c-e746775a3183,0.007487735944326915,Low,13.99,1.2570411103336023,Maintain engagement / loyalty rewards,Low recent activity,Standard,High,Europe,19,0
a20d885b-6335-48e3-bdd1-e4f60ebe2b61,0.9961354443740522,High,17.99,215.0457197314704,Offer targeted discount / personalized content,Low recent activity,Premium,Medium,Asia,36,1
ec5c1648-1c9b-42ec-932f-3303d2f85fbf,0.007492015769888274,Low,8.99,0.808238661255547,Maintain engagement / loyalty rewards,Stable usage,Basic,High,South America,31,0
992f57db-5fda-457c-84f3-deb78b71d38d,0.996139134543404,High,17.99,215.04651636523005,Offer targeted discount / personalized content,Low recent activity,Premium,Medium,Oceania,35,1
dcea56c8-d72f-4f30-9afb-5b064d171f83,0.009375775463784767,Low,17.99,2.0240424071218555,Maintain engagement / loyalty rewards,Low recent activity,Premium,Low,Asia,65,0
b91f25f0-5c8f-44e4-80ff-f3f3ed4eb2aa,0.9960281193505546,High,13.99,167.21320067657112,Offer targeted discount / personalized content,Low engagement,Standard,Low,Africa,66,1
a2f7e258-4c9b-423f-b78f-23c8f482ef7e,0.9960427271961414,High,8.99,107.45308940991973,Offer targeted discount / personalized content,Low engagement,Basic,Low,Oceania,36,1
ded64a9a-2e56-4024-8a7e-81dc3e63e121,0.9961420855676513,High,13.99,167.2323333250973,Offer targeted discount / personalized content,Low recent activity,Standard,Low,Asia,51,1
fe46b178-30b3-46cf-be44-cac1f583f76c,0.007558442026139071,Low,8.99,0.8154047257798831,Maintain engagement / loyalty rewards,Stable usage,Basic,High,Europe,52,0
f40f674e-adfa-4d99-bff1-f4742c94a88f,0.008093618359832832,Low,13.99,1.3587566502487358,Maintain engagement / loyalty rewards,Higher plan cost,Standard,Medium,South America,37,0
1c2f812e-ae76-46aa-ba56-e47b71e83832,0.007487110048425333,Low,13.99,1.256936034929645,Maintain engagement / loyalty rewards,Higher plan cost,Standard,Medium,North America,28,0
8c571858-a16e-42d9-b4f0-71986f50d67e,0.9960598037492371,High,13.99,167.21851985342192,Offer targeted discount / personalized content,Low recent activity,Standard,Medium,Europe,65,1
29152433-d03d-4d65-bc6a-a13f5319a1d4,0.9958915111384335,High,8.99,107.43677622161421,Offer targeted discount / personalized content,Low engagement,Basic,Low,South America,44,1
5eb87ccc-7ce2-4502-b08e-4329d8b2b0ab,0.008113866059306028,Low,13.99,1.362155834036296,Maintain engagement / loyalty rewards,Higher plan cost,Standard,Medium,Europe,52,0
d292c5c2-afaa-4fa5-b935-feb18b9e3b50,0.007491647010415837,Low,8.99,0.8081988794836605,Maintain engagement / loyalty rewards,Stable usage,Basic,High,Oceania,40,0
268f87dd-8e50-4924-80b5-50821c1a67ed,0.008294438261872188,Low,13.99,1.392470295403103,Maintain engagement / loyalty rewards,Higher plan cost,Standard,Medium,Europe,35,0
88700df7-f82a-4264-9795-7dbce785fddd,0.007493822780945033,Low,13.99,1.2580629684650522,Maintain engagement / loyalty rewards,Higher plan cost,Standard,High,Africa,21,0
54f5cc09-4077-40dc-a4d7-f6fb71e80f17,0.9961412605241818,High,17.99,215.04697532196036,Offer targeted discount / personalized content,Low recent activity,Premium,Low,North America,36,1
5440ff01-6874-4316-a8de-332c14096e93,0.007490701832276297,Low,17.99,1.6170927115518068,Maintain engagement / loyalty rewards,Higher plan cost,Premium,High,Africa,35,0
9659348b-2121-44af-ba88-7d3c1e7f84a7,0.9961419389572643,High,8.99,107.46379237470967,Offer targeted discount / personalized content,Low recent activity,Basic,Low,North America,45,1
a16386a4-1670-4f10-828f-3ac3c2b798b5,0.0074870440106686404,Low,13.99,1.2569249485110514,Maintain engagement / loyalty rewards,Higher plan cost,Standard,Medium,Oceania,51,0
b85a5deb-eba1-4241-a0c4-ad0cc05072b3,0.007492818109280838,Low,17.99,1.617549573431547,Maintain engagement / loyalty rewards,Higher plan cost,Premium,High,Europe,22,0
f979c22f-3961-4834-9f65-00418173b159,0.9960689328900522,High,8.99,107.45591648017884,Offer targeted discount / personalized content,Stable usage,Basic,Medium,Africa,59,1
2df5009f-ba10-43b8-a428-572544188b0a,0.009676060927798755,Low,13.99,1.624417108558855,Maintain engagement / loyalty rewards,Low engagement,Standard,Low,Europe,68,0
dd3c1cea-8f2b-4191-ab60-ecf158741648,0.9961405580346081,High,8.99,107.46364340077352,Offer targeted discount / personalized content,Low recent activity,Basic,Medium,Africa,25,1
d3be3978-5f44-44c2-ba5c-5efda55c0788,0.0075101528463325145,Low,17.99,1.621291796466263,Maintain engagement / loyalty rewards,Higher plan cost,Premium,Medium,South America,68,0
915eb940-938f-4970-8bbf-9030603ae745,0.008011496508685198,Low,17.99,1.7295218662949603,Maintain engagement / loyalty rewards,Higher plan cost,Premium,Medium,Africa,60,0
76d82511-a6f4-4f45-ba69-2717608c288f,0.9959293689053073,High,13.99,167.19662245182298,Offer targeted discount / personalized content,Low recent activity,Standard,Low,Asia,65,1
96dd615f-2a29-4b16-8c77-24d24cfccee9,0.9960498311787056,High,17.99,215.02723755485897,Offer targeted discount / personalized content,Higher plan cost,Premium,Medium,North America,28,1
59c7d7a5-6a3b-4790-9380-f763a497e0fa,0.012371938447812647,Low,8.99,1.3346847197500284,Maintain engagement / loyalty rewards,Stable usage,Basic,Medium,Europe,47,0
980bdfc4-9915-4faf-807d-013d3b374fcd,0.007488189552548791,Low,13.99,1.257117262081891,Maintain engagement / loyalty rewards,Higher plan cost,Standard,High,Europe,64,0
1954befc-d7f8-4599-9ed6-70debad7d22f,0.9961191868896091,High,13.99,167.22848909502758,Offer targeted discount / personalized content,Low engagement,Standard,Low,Asia,30,1
454a2114-082e-4421-9edb-12f83e186686,0.007487018588509425,Low,13.99,1.2569206806389623,Maintain engagement / loyalty rewards,Higher plan cost,Standard,High,South America,27,0
3ed1e81a-004f-4f9a-9c08-516cd36f8f79,0.008351581299253825,Low,13.99,1.4020634685187323,Maintain engagement / loyalty rewards,Higher plan cost,Standard,Medium,Africa,57,0
4e1d4840-8dd1-44ec-8965-b46c39a19d9d,0.007594280097237302,Low,13.99,1.2749277427241983,Maintain engagement / loyalty rewards,Higher plan cost,Standard,High,Africa,66,0
9efa65da-9012-443d-8e26-ec27937ea9d1,0.00750310204617063,Low,17.99,1.6197696697273154,Maintain engagement / loyalty rewards,Higher plan cost,Premium,High,Asia,21,0
654257bf-3f17-4ffd-8a54-3410e94a9954,0.007487660689271985,Low,13.99,1.2570284765149808,Maintain engagement / loyalty rewards,Higher plan cost,Standard,High,Oceania,51,0
a4d2a10a-b24e-4b17-8dc3-095c6a1a2b87,0.9961420567833272,High,8.99,107.46380508578534,Offer targeted discount / personalized content,Low recent activity,Basic,Low,Oceania,70,1
f57ae19e-fab1-45e4-9372-c2574a68aa43,0.9959715066637586,High,17.99,215.01032885857217,Offer targeted discount / personalized content,Low recent activity,Premium,Medium,North America,22,1
27e77aca-ad72-4a6b-bda0-c438d5aa92e9,0.007487069165401342,Low,13.99,1.2569291714875774,Maintain engagement / loyalty rewards,Higher plan cost,Standard,High,North America,29,0
f3848a3d-1201-49b8-bb23-7cbc6a08368b,0.007489242211407299,Low,13.99,1.2572939824510572,Maintain engagement / loyalty rewards,Higher plan cost,Standard,High,Africa,22,0
8f35fbad-1939-4a3c-a811-bbe07ef61935,0.9947824171434781,High,17.99,214.75362821293405,Offer targeted discount / personalized content,Low engagement,Premium,Low,North America,33,1
89f9379b-bb79-4b69-bdc7-b09d9a1fa20c,0.9961409875140124,High,17.99,215.04691638452496,Offer targeted discount / personalized content,Low recent activity,Premium,Low,Oceania,56,1
6138f11f-9232-4a82-bed6-c62b92161da7,0.7975614865533076,High,8.99,86.04093316937083,Offer targeted discount / personalized content,Stable usage,Basic,High,North America,21,1
355644db-e0bf-43b2-8be7-36a1205265c7,0.9961184252767123,High,13.99,167.22836123545449,Offer targeted discount / personalized content,Higher plan cost,Standard,Medium,Africa,32,1
86966fb9-ef7f-481f-a784-e39ac267b56f,0.9956607799855053,High,13.99,167.15153174396664,Offer targeted discount / personalized content,Low engagement,Standard,Low,Europe,22,1
94fc55c1-643c-481f-8545-a970f5e10703,0.9961305804094545,High,8.99,107.46256701457196,Offer targeted discount / personalized content,Stable usage,Basic,Medium,South America,26,1
3eaad6f4-7f15-4c49-87d7-e05105c2eea3,0.008907935398527817,Low,17.99,1.923045093834185,Maintain engagement / loyalty rewards,Low engagement,Premium,Low,Asia,63,0
2a81ec64-9b95-44ac-9bbd-3e77e004436e,0.9961358958337752,High,8.99,107.46314044254768,Offer targeted discount / personalized content,Low recent activity,Basic,Low,Europe,59,1
d4c626a2-6b6f-412f-b35f-453cc57a08b7,0.007494164345093044,Low,13.99,1.2581203102542202,Maintain engagement / loyalty rewards,Higher plan cost,Standard,High,North America,44,0
7a65b354-9f0c-44fa-a680-0e9d3c87c73e,0.9961419828946898,High,17.99,215.04713126730564,Offer targeted discount / personalized content,Low recent activity,Premium,Low,Oceania,59,1
88bacbc1-bb05-43ac-a090-35f31e6074d8,0.0074940042652586105,Low,13.99,1.2580934360516154,Maintain engagement / loyalty rewards,Low recent activity,Standard,High,Asia,70,0
8100db00-7b75-4069-93f5-cf74502a98c4,0.008259268631169566,Low,13.99,1.3865660178007468,Maintain engagement / loyalty rewards,Higher plan cost,Standard,Medium,North America,36,0
21205edc-2ffb-4dce-b6a4-13ad8a8450bf,0.9961256715488623,High,13.99,167.229577739623,Offer targeted discount / personalized content,Low engagement,Standard,Low,Asia,53,1
450b6e68-026e-4d1b-b9bb-597f2a9b1bdc,0.9960772885562029,High,17.99,215.03316505351307,Offer targeted discount / personalized content,Higher plan cost,Premium,Medium,North America,35,1
b266559f-da1e-48d0-a279-c7b37cdc5899,0.8399211498886532,High,8.99,90.61069364998791,Offer targeted discount / personalized content,Stable usage,Basic,Medium,Oceania,24,1
86765856-af6d-4291-8299-8ef70972a583,0.007488768360975395,Low,8.99,0.8078883307820257,Maintain engagement / loyalty rewards,Stable usage,Basic,High,Europe,68,0
b76c94bc-af32-4a71-ae69-9a2c713cb696,0.9958891153935907,High,13.99,167.18986469227602,Offer targeted discount / personalized content,Low recent activity,Standard,Low,Europe,40,1
930be712-ec74-4260-8c2c-c52f7f2327b7,0.007495003254421586,Low,8.99,0.8085609510870008,Maintain engagement / loyalty rewards,Stable usage,Basic,High,South America,36,0
2a290e33-1f4c-4b59-88d5-bb9fb03129ea,0.00750260453663359,Low,8.99,0.8093809774120317,Maintain engagement / loyalty rewards,Stable usage,Basic,High,South America,70,0
a338aff4-ae1a-45ce-bea5-bce572efe8c1,0.9961415483007812,High,17.99,215.0470374471726,Offer targeted discount / personalized content,Low engagement,Premium,Low,North America,68,1
acb287e0-75a9-4889-8eb6-323d15cc7de3,0.9961334627055249,High,8.99,107.46287795667203,Offer targeted discount / personalized content,Low recent activity,Basic,Low,Europe,23,1
087f0011-86fb-4327-a18a-536a08edfb5d,0.9960012776321966,High,17.99,215.01675581523858,Offer targeted discount / personalized content,Low engagement,Premium,Low,Africa,68,1
adf1a226-5359-44e7-8690-bbe814ff2ac3,0.9957950409216112,High,13.99,167.17407146992008,Offer targeted discount / personalized content,Low engagement,Standard,Low,North America,19,1
785e0652-1283-4c68-a635-e96f3140cbcc,0.9961411257919874,High,17.99,215.04694623597425,Offer targeted discount / personalized content,Low engagement,Premium,Low,Asia,62,1
b4147601-494d-43c8-8ff2-1320cc1d525f,0.995984461914633,High,17.99,215.01312563813096,Offer targeted discount / personalized content,Low recent activity,Premium,Medium,South America,60,1
8f340b20-ff03-4b80-9530-ef215931e3b9,0.00810236094923472,Low,17.99,1.749137681720791,Maintain engagement / loyalty rewards,Low recent activity,Premium,Medium,Asia,31,0
7116a96f-6d6e-46d3-8176-93513053d545,0.996142126456431,High,17.99,215.0471622594143,Offer targeted discount / personalized content,Low engagement,Premium,Low,Asia,31,1
b2b8ae31-eb8a-40a3-a5d9-b131324d826b,0.008564132982244923,Low,13.99,1.4377466450592777,Maintain engagement / loyalty rewards,Low engagement,Standard,Low,Europe,37,0
8c10da11-2dd5-4223-888e-117a748f3107,0.996103905870938,High,17.99,215.03891119941807,Offer targeted discount / personalized content,Higher plan cost,Premium,Medium,Europe,20,1
2f5798a1-fb24-4efb-932c-6b0a926a6290,0.9961412877734211,High,17.99,215.04698120452616,Offer targeted discount / personalized content,Low recent activity,Premium,Low,South America,36,1
0f08014b-da6e-4b79-8171-2c51bdce39a2,0.9959626190431292,High,17.99,215.00841019903072,Offer targeted discount / personalized content,Low recent activity,Premium,Medium,Asia,43,1
7abbcd40-0866-480d-9824-635556dbeac1,0.996139703740095,High,8.99,107.46355123948145,Offer targeted discount / personalized content,Low engagement,Basic,Low,North America,25,1
7d2d65f3-ed1f-4425-a325-8f8e43594e69,0.007489605446294925,Low,13.99,1.2573549623239921,Maintain engagement / loyalty rewards,Higher plan cost,Standard,Medium,Europe,50,0
4a8b2fa1-8c5e-47f2-9801-c168aa84121d,0.9961368174912562,High,17.99,215.04601616001236,Offer targeted discount / personalized content,Low engagement,Premium,Low,Asia,70,1
9c2bece6-8c3e-409b-bf83-40e0508a45cc,0.00781724034989368,Low,17.99,1.6875858467350473,Maintain engagement / loyalty rewards,Low recent activity,Premium,Medium,North America,47,0
ed0f871a-c1bc-4b93-9f5d-e2d90206146b,0.9961407735789104,High,8.99,107.46366665369285,Offer targeted discount / personalized content,Low recent activity,Basic,Low,Africa,42,1
b4c3ab7d-546b-4666-9e31-79d34941b0ae,0.007531656508730581,Low,17.99,1.6259340071047577,Maintain engagement / loyalty rewards,Low recent activity,Premium,High,Oceania,57,0
01b3b3ce-2c57-42d6-aca9-497b62a1c66b,0.007599248494804664,Low,13.99,1.275761837307807,Maintain engagement / loyalty rewards,Higher plan cost,Standard,High,Europe,69,0
485931a6-ccb3-4436-9554-430fbc8d189a,0.9959229486071907,High,17.99,214.9998461453203,Offer targeted discount / personalized content,Low engagement,Premium,Low,Europe,55,1
f6bb630e-6a2d-42e4-9371-a598462b1515,0.0074888342506297225,Low,17.99,1.6166895380259443,Maintain engagement / loyalty rewards,Higher plan cost,Premium,High,Europe,40,0
d72a2ac1-389d-4500-8f2a-65253fd4ebc3,0.9957715977423712,High,13.99,167.1701358289893,Offer targeted discount / personalized content,Low recent activity,Standard,Medium,North America,52,1
5ad14c26-01d1-47d0-97d0-c57fe72f84ee,0.008126683628859743,Low,13.99,1.3643076476129736,Maintain engagement / loyalty rewards,Higher plan cost,Standard,Medium,Asia,49,0
4c0287b1-cf45-4107-a454-cd7c56d26948,0.9961411097992844,High,17.99,215.0469427834695,Offer targeted discount / personalized content,Low engagement,Premium,Low,Europe,61,1
f6ab90b9-5e01-429e-aac6-b858b434b20c,0.9961416037038816,High,17.99,215.04704940759396,Offer targeted discount / personalized content,Low engagement,Premium,Low,Asia,63,1
b9ae2a97-9bb7-42f3-b6a9-4c90f221ce64,0.9961329910049365,High,8.99,107.46282706961254,Offer targeted discount / personalized content,Low recent activity,Basic,Medium,Oceania,66,1
c20324f1-17e6-4484-b4bc-8671f89e607e,0.007587314345409194,Low,17.99,1.6379494208869367,Maintain engagement / loyalty rewards,Higher plan cost,Premium,Medium,Africa,65,0
b98db897-f857-4c18-ba27-c667b30c0dfe,0.9961402627672846,High,13.99,167.23202731337176,Offer targeted discount / personalized content,Low engagement,Standard,Low,Asia,47,1
8a229d09-04c2-4922-8645-c46ee272ebd2,0.9961423164396306,High,8.99,107.46383309750735,Offer targeted discount / personalized content,Low recent activity,Basic,Low,Europe,47,1
7d6f9c3e-50e3-4059-b5d0-bbc9fcbd3910,0.007487398179749175,Low,13.99,1.2569844064162914,Maintain engagement / loyalty rewards,Higher plan cost,Standard,High,Oceania,45,0
93b8f61c-4375-49bc-a30d-54b4c319f266,0.9961420575857038,High,8.99,107.46380517234573,Offer targeted discount / personalized content,Low recent activity,Basic,Low,South America,68,1
b28cfde3-38e8-4dac-943d-c148414757b1,0.007493778443296612,Low,13.99,1.2580555250606351,Maintain engagement / loyalty rewards,Higher plan cost,Standard,High,Oceania,70,0
3b478fcf-d4a2-4c33-b050-0b45af3c0679,0.9961422141878696,High,8.99,107.46382206658738,Offer targeted discount / personalized content,Low engagement,Basic,Low,Asia,48,1
ba626d62-c8f5-4f0e-90da-05c8b526e564,0.0074895013436980335,Low,8.99,0.8079674049581438,Maintain engagement / loyalty rewards,Stable usage,Basic,High,Europe,26,0
dda37d3a-c038-448e-894d-630954f9fd3f,0.008168867899097106,Low,17.99,1.7634952020570829,Maintain engagement / loyalty rewards,Higher plan cost,Premium,Medium,North America,66,0
12f3fe4c-c868-4e9e-82de-21f630ec1e46,0.9961420738133857,High,8.99,107.46380692298806,Offer targeted discount / personalized content,Low recent activity,Basic,Low,North America,34,1
2cc87dcd-7955-4ec0-b520-000d68d18181,0.007650307881971805,Low,8.99,0.8253152143071183,Maintain engagement / loyalty rewards,Stable usage,Basic,High,North America,48,0
eb14315f-33e7-4020-b9f6-f94f2b357828,0.007494215610574405,Low,13.99,1.258128916703231,Maintain engagement / loyalty rewards,Higher plan cost,Standard,High,Asia,68,0
a7bcd2d8-77b6-48b7-ba44-4a1939df29fb,0.9961085922523669,High,13.99,167.22671046732734,Offer targeted discount / personalized content,Higher plan cost,Standard,Medium,Africa,36,1
21a8aaa5-6af5-4756-be7d-57b226f5c7f3,0.996138710899847,High,8.99,107.46344413187549,Offer targeted discount / personalized content,Low recent activity,Basic,Medium,South America,67,1
06863a94-2c2d-48b6-8770-af0d3d8a0948,0.9961396391822512,High,13.99,167.23192262591635,Offer targeted discount / personalized content,Higher plan cost,Standard,Low,South America,22,1
2b8002e0-b5f8-48f3-89d2-e7690e565274,0.9961327684329451,High,8.99,107.46280305854611,Offer targeted discount / personalized content,Low recent activity,Basic,Medium,Africa,45,1
16a3e295-eada-4912-a842-8a4ed842d77b,0.9959945800316644,High,13.99,167.20757009571582,Offer targeted discount / personalized content,Low engagement,Standard,Low,Oceania,61,1
4d1caeb4-9ec4-4179-bb9b-ff2fd6206951,0.9952710359110333,High,17.99,214.85911123247382,Offer targeted discount / personalized content,Higher plan cost,Premium,Medium,Asia,70,1
a7f9da07-1c52-4dc2-9ba9-9f3f2b901acd,0.007488264013463748,Low,17.99,1.6165664352265539,Maintain engagement / loyalty rewards,Higher plan cost,Premium,High,Oceania,35,0
483d0f42-e4be-4801-acaa-ece87555fe7e,0.009421512357241825,Low,8.99,1.016392753099248,Maintain engagement / loyalty rewards,Low recent activity,Basic,High,North America,37,0
8b0943cb-2fd8-4ef7-9255-13bf11e0932d,0.9957483834098971,High,17.99,214.96216101052858,Offer targeted discount / personalized content,Higher plan cost,Premium,Medium,Africa,54,1
9b551d02-4450-4882-abca-6fc87f625427,0.007898540212888898,Low,8.99,0.8520945181664543,Maintain engagement / loyalty rewards,Stable usage,Basic,High,Oceania,61,0
c3665e92-e3c1-4f8f-838f-149f8747bf10,0.007488687206931579,Low,8.99,0.8078795758837787,Maintain engagement / loyalty rewards,Stable usage,Basic,High,Africa,20,0
97677cac-6110-4fca-8580-98b42a698b5c,0.9961152021037295,High,8.99,107.46090800295033,Offer targeted discount / personalized content,Stable usage,Basic,Medium,South America,19,1
22d560a5-e928-4526-9802-5c31ca8ae3ca,0.9960650146713143,High,13.99,167.21939466302024,Offer targeted discount / personalized content,Low recent activity,Standard,Low,Europe,18,1
9d8fb170-2207-4356-9a79-049a27db6af1,0.9961419016920485,High,13.99,167.23230245606112,Offer targeted discount / personalized content,Low engagement,Standard,Low,Europe,47,1
e2c388e8-73e3-43f6-930b-1787b2345d9d,0.9958660084835957,High,17.99,214.98755391143862,Offer targeted discount / personalized content,Low recent activity,Premium,Low,Europe,37,1
95b2428f-6c41-4839-99d9-9e87a3ae603e,0.9960719832474385,High,13.99,167.22056454757998,Offer targeted discount / personalized content,Low recent activity,Standard,Low,South America,65,1
4b04bf41-8529-490f-aad3-1c84e6f8b8e7,0.007489387940188516,Low,17.99,1.6168090685278966,Maintain engagement / loyalty rewards,Higher plan cost,Premium,High,South America,26,0
84505d11-f057-48b5-a9ff-b18e99e81dcc,0.0075309336393082574,Low,8.99,0.8124371210085748,Maintain engagement / loyalty rewards,Stable usage,Basic,Medium,Africa,38,0
1bf23e82-0b9d-4e22-92aa-4b8017e43f61,0.007533007551510318,Low,17.99,1.6262256702200473,Maintain engagement / loyalty rewards,Higher plan cost,Premium,High,South America,67,0
984d419a-835e-49dd-be89-bb42da17c25a,0.007490746791004492,Low,13.99,1.2575465712738343,Maintain engagement / loyalty rewards,Higher plan cost,Standard,High,Africa,20,0
532673fd-e1a4-45bd-8652-63aaba3617a6,0.9957390879572243,High,13.99,167.16467808625882,Offer targeted discount / personalized content,Higher plan cost,Standard,Low,South America,38,1
64d4e2f0-b796-4477-a2b9-dcb8d011e50f,0.0082040752828799,Low,8.99,0.8850556415170836,Maintain engagement / loyalty rewards,Stable usage,Basic,High,Asia,59,0
24586107-5506-4471-a0fe-c2f6bdbe3a78,0.9959361571691858,High,17.99,215.00269760968382,Offer targeted discount / personalized content,Low recent activity,Premium,Low,North America,37,1
ec2ed7b8-5675-4d32-b413-406ef8f75e89,0.008738654837624186,Low,13.99,1.4670453741403482,Maintain engagement / loyalty rewards,Higher plan cost,Standard,High,South America,54,0
aa265a76-e810-4938-8736-3d1eedaa4584,0.9958951351751093,High,13.99,167.19087529319737,Offer targeted discount / personalized content,Low recent activity,Standard,Medium,North America,24,1
496b3ef6-6a0a-4f3b-a4e2-5369a458408a,0.007489376952418664,Low,17.99,1.6168066964881411,Maintain engagement / loyalty rewards,Higher plan cost,Premium,High,North America,69,0
ab89e0ee-0f2c-405f-a6f5-2d32d8179218,0.007488537452588197,Low,8.99,0.8078634203852147,Maintain engagement / loyalty rewards,Stable usage,Basic,High,Asia,24,0
5c9b9dd1-47d9-4f4f-9e25-d4e7aaaa27a5,0.0074870532362384945,Low,13.99,1.2569264972997185,Maintain engagement / loyalty rewards,Higher plan cost,Standard,High,Asia,58,0
cdf8f775-0d9f-4cbf-ba73-91ed31fbcf5b,0.007491088652749818,Low,17.99,1.6171762183556306,Maintain engagement / loyalty rewards,Higher plan cost,Premium,High,Asia,44,0
b7d06409-49ad-4e7a-9c82-12205a0a36b2,0.0074969207464827495,Low,13.99,1.258583054919524,Maintain engagement / loyalty rewards,Higher plan cost,Standard,High,North America,50,0
93226922-b654-47d2-bee2-6801bd2f8ced,0.007493477558713048,Low,17.99,1.6176919353749726,Maintain engagement / loyalty rewards,Higher plan cost,Premium,High,South America,66,0
e686a25c-0048-4481-b94e-b2668948bd5a,0.0074878609830564945,Low,8.99,0.8077904428521347,Maintain engagement / loyalty rewards,Stable usage,Basic,High,Asia,40,0
9d51a596-157a-488b-955e-4c821202e8f5,0.9961196642364033,High,13.99,167.22856923200737,Offer targeted discount / personalized content,Higher plan cost,Standard,Medium,Asia,25,1
2fcf265c-b3a8-4d0c-9cb0-3adc351832f6,0.013345635110350954,Low,8.99,1.439727115704661,Maintain engagement / loyalty rewards,Stable usage,Basic,High,Oceania,31,0
6232c7ae-f01e-4ac3-845c-0f5a3f151e40,0.9960961142700462,High,13.99,167.22461566365536,Offer targeted discount / personalized content,Low engagement,Standard,Low,Asia,61,1
1b0a8496-8374-45f8-9d5c-41c5f0749ccf,0.007644946969334795,Low,8.99,0.8247368790518378,Maintain engagement / loyalty rewards,Stable usage,Basic,Medium,Oceania,36,0
309b7813-e5ae-4120-aeae-303993c0136a,0.007487116778849763,Low,13.99,1.256937164833298,Maintain engagement / loyalty rewards,Higher plan cost,Standard,Medium,South America,60,0
259e4b86-1544-4c6b-a093-d429692cdf4d,0.996136870055803,High,17.99,215.04602750764673,Offer targeted discount / personalized content,Low recent activity,Premium,Low,South America,54,1
c5922e16-8d07-4107-bf11-7a7d14353f44,0.9958993305971685,High,17.99,214.99474748931672,Offer targeted discount / personalized content,Low recent activity,Premium,Medium,Europe,57,1
9d5ba8a6-0786-4b13-9c64-881480979699,0.9961419232949449,High,8.99,107.46379068505865,Offer targeted discount / personalized content,Low engagement,Basic,Low,Africa,20,1
fdd9d730-eff6-4c49-86a3-1a8dbf9069f7,0.9960317954510594,High,13.99,167.21381782032387,Offer targeted discount / personalized content,Low recent activity,Standard,Medium,Asia,18,1
0c40bdbb-d30b-489e-ac36-91ab09dfdeab,0.9961422648260759,High,8.99,107.46382752943708,Offer targeted discount / personalized content,Low recent activity,Basic,Low,Europe,57,1
bf7ba12e-d46e-470f-a5b2-ac24e64e1000,0.00748705303143717,Low,13.99,1.2569264629176722,Maintain engagement / loyalty rewards,Higher plan cost,Standard,High,North America,33,0
dd0f0abf-7da7-451d-8303-5c9d4e6c7686,0.007492547647866478,Low,17.99,1.617491186221415,Maintain engagement / loyalty rewards,Higher plan cost,Premium,High,Oceania,68,0
40bdcfc1-aa37-4245-8b1a-5457ee4c3329,0.007631954479235176,Low,17.99,1.6475863329772895,Maintain engagement / loyalty rewards,Higher plan cost,Premium,Medium,South America,66,0
8830a083-de96-4d43-a32b-e3862941a35d,0.9942731332261318,High,8.99,107.26218561243509,Offer targeted discount / personalized content,Stable usage,Basic,Medium,North America,30,1
029a667b-d5e3-4e33-8804-ae8ad6593a7d,0.9959678541890984,High,8.99,107.44501210991993,Offer targeted discount / personalized content,Stable usage,Basic,Medium,South America,38,1
b4c0a5b3-9910-4d8d-a34b-c7ac6672e6c3,0.9961422015380373,High,17.99,215.04717846803146,Offer targeted discount / personalized content,Low recent activity,Premium,Low,Oceania,55,1
7630541e-4db2-42e7-9ec2-cbad37db0b46,0.9957903018074241,High,8.99,107.42585775898492,Offer targeted discount / personalized content,Low recent activity,Basic,Medium,Africa,31,1
0fbffe99-eba0-4a18-b1f4-42b9e249dfae,0.9961380138075221,High,17.99,215.04627442076784,Offer targeted discount / personalized content,Low recent activity,Premium,Low,North America,33,1
18d21cf8-fa88-4759-9ae3-81e1d3fc58fd,0.007495749247750501,Low,13.99,1.2583863837123541,Maintain engagement / loyalty rewards,Higher plan cost,Standard,High,Europe,63,0
8036cdac-84b1-4b10-abd3-f32109c28d1e,0.007491485755568501,Low,8.99,0.8081814833107299,Maintain engagement / loyalty rewards,Stable usage,Basic,High,Europe,45,0
a981b14d-307e-40e0-b1ac-65f5b3b6621d,0.9961409837056655,High,8.99,107.4636893221672,Offer targeted discount / personalized content,Low engagement,Basic,Low,North America,24,1
d65621ad-d7c8-43cb-b2d5-338df3a9e044,0.007490430393667003,Low,8.99,0.8080676308687964,Maintain engagement / loyalty rewards,Stable usage,Basic,High,Oceania,35,0
1afd1afc-9a16-4a59-9391-b5165327d402,0.007590683488776612,Low,8.99,0.8188829347692209,Maintain engagement / loyalty rewards,Stable usage,Basic,High,North America,69,0
6242664e-528e-49c3-bd6d-d0449f66cc35,0.007487191214948899,Low,13.99,1.256949661165621,Maintain engagement / loyalty rewards,Higher plan cost,Standard,Medium,South America,50,0
ce42525a-3f98-4e08-96d5-22881f3069cb,0.008156225854777007,Low,17.99,1.7607660375292602,Maintain engagement / loyalty rewards,Low recent activity,Premium,Low,Europe,69,0
b25014f9-a877-4644-8ca2-3ecc383aede2,0.007493255294815845,Low,17.99,1.6176439530448445,Maintain engagement / loyalty rewards,Higher plan cost,Premium,High,North America,37,0
a92e0986-aa29-4342-a381-38b070a25697,0.007497996657402625,Low,8.99,0.8088838794005953,Maintain engagement / loyalty rewards,Stable usage,Basic,High,Oceania,50,0
72b7cdc5-7d03-4550-8bc6-28db784dc8ca,0.9927025552402554,High,17.99,214.30462762526633,Offer targeted discount / personalized content,Low engagement,Premium,Low,Oceania,56,1
39de63f4-d266-4abf-b0f2-369d426acb2a,0.0075001722371591615,Low,17.99,1.6191371825579195,Maintain engagement / loyalty rewards,Higher plan cost,Premium,High,South America,29,0
2858e12c-4b07-4c7d-98d7-1c54f6e93ae1,0.9961355016047525,High,8.99,107.46309791312069,Offer targeted discount / personalized content,Stable usage,Basic,Medium,South America,48,1
b6b9253b-918d-45e9-8a32-50b03cd7e969,0.9959250514137526,High,17.99,215.0003000992009,Offer targeted discount / personalized content,Higher plan cost,Premium,Medium,Europe,28,1
56e18a3c-3306-426a-87f4-a30881570966,0.008350408472797955,Low,13.99,1.4018665744133207,Maintain engagement / loyalty rewards,Low engagement,Standard,Low,Asia,19,0
924f48da-83dd-4188-81e0-30d3d4b7753a,0.007487225206827275,Low,13.99,1.256955367722163,Maintain engagement / loyalty rewards,Higher plan cost,Standard,Medium,Oceania,35,0
af8f5153-7336-4fda-9255-900c86922fef,0.996142262049059,High,8.99,107.46382722985248,Offer targeted discount / personalized content,Low engagement,Basic,Low,South America,51,1
11c276ad-6bf4-4e1e-bd5c-ae39ed4bad89,0.9961042749373856,High,17.99,215.03899087348282,Offer targeted discount / personalized content,Low recent activity,Premium,Low,Europe,66,1
3f02596b-e0e2-4a15-8142-60d5d4ea59cb,0.007492292880805338,Low,8.99,0.8082685559812798,Maintain engagement / loyalty rewards,Stable usage,Basic,High,Europe,55,0
31ff060b-e65e-4ff9-b663-dc0431f70c17,0.011122490053928572,Low,8.99,1.1998942270178143,Maintain engagement / loyalty rewards,Stable usage,Basic,Medium,Europe,63,0
2033f502-adfa-4ac1-8bfa-151aa1c6b05b,0.007487539308679911,Low,17.99,1.6164099859578192,Maintain engagement / loyalty rewards,Higher plan cost,Premium,High,South America,27,0
0eac3038-33dd-4516-99ec-84d02f68a2c5,0.9961417537877008,High,13.99,167.23227762587922,Offer targeted discount / personalized content,Low engagement,Standard,Low,Oceania,34,1
a819f681-825a-48b6-9554-03c6ca09838b,0.007928011427193392,Low,13.99,1.3309545583972267,Maintain engagement / loyalty rewards,Higher plan cost,Standard,Medium,Europe,39,0
2d0da2af-0c0a-45d2-90e2-09bf79d186b2,0.9961416883300448,High,13.99,167.23226663684792,Offer targeted discount / personalized content,Low engagement,Standard,Low,Europe,34,1
7e1fcb2f-e933-483a-a590-2d30a6f08e1b,0.007581183305369776,Low,13.99,1.2727290533054783,Maintain engagement / loyalty rewards,Higher plan cost,Standard,High,North America,24,0
94096f6c-620a-4bb2-a60e-37dd3f3b1c53,0.9961351754523345,High,8.99,107.46306272779786,Offer targeted discount / personalized content,Low recent activity,Basic,Low,South America,33,1
47bac1f0-d7bf-4c0b-8489-888e89950661,0.9957972150622656,High,8.99,107.42660356091721,Offer targeted discount / personalized content,Low engagement,Basic,Low,South America,62,1
7d3a7eb0-43dc-437f-acb9-23282ba7030d,0.9907939757627906,High,8.99,106.88685410528986,Offer targeted discount / personalized content,Stable usage,Basic,Medium,South America,51,1
0473d552-6b1f-403d-82f0-df9246e4da81,0.9961363426118492,High,8.99,107.46318864096631,Offer targeted discount / personalized content,Low recent activity,Basic,Low,Asia,48,1
f178d493-4e6d-4769-8e2a-fb17b9e3b217,0.9961154284866118,High,17.99,215.04139870168973,Offer targeted discount / personalized content,Low recent activity,Premium,Low,South America,20,1
8ef7eacb-b757-4433-8663-81f540a1f53f,0.9958665022226242,High,17.99,214.9876604998201,Offer targeted discount / personalized content,Low engagement,Premium,Low,Africa,44,1
f51adae7-ef23-404a-a35b-af069595bfc3,0.007500790413680081,Low,8.99,0.8091852698278071,Maintain engagement / loyalty rewards,Stable usage,Basic,High,Europe,62,0
5377482b-2831-42cb-a580-2c8bc3613adc,0.9956840926946654,High,8.99,107.41439991990052,Offer targeted discount / personalized content,Low recent activity,Basic,Low,Africa,41,1
cbd69447-6141-4d27-80e4-3d24b6720c99,0.9959287977829746,High,17.99,215.00110886538857,Offer targeted discount / personalized content,Low recent activity,Premium,Low,South America,51,1
aa5d28fd-4c26-4f47-8fca-552f071cc0b4,0.007487546765272775,Low,13.99,1.2570093509539935,Maintain engagement / loyalty rewards,Higher plan cost,Standard,High,Europe,39,0
651b3e7c-1854-42e0-9a77-5764c9372d8c,0.0075697236944284926,Low,8.99,0.8166217921549457,Maintain engagement / loyalty rewards,Stable usage,Basic,Medium,South America,52,0
f8a4d03b-fdf7-4ee5-86e9-411e45645bae,0.9961410507317584,High,17.99,215.046930031972,Offer targeted discount / personalized content,Low recent activity,Premium,Low,Oceania,22,1
3a24c949-e09e-4bae-830b-2c5462cf12dd,0.995114882668424,High,8.99,107.35299354226957,Offer targeted discount / personalized content,Stable usage,Basic,Medium,Oceania,23,1
e14b47da-804c-4813-9b11-42c5bf7a7966,0.007779678005478874,Low,8.99,0.8392716632310611,Maintain engagement / loyalty rewards,Stable usage,Basic,High,Europe,44,0
2c38e8ff-cf40-454e-b3b0-740af2a79dc4,0.9961417468192808,High,13.99,167.23227645602088,Offer targeted discount / personalized content,Low recent activity,Standard,Low,Europe,58,1
2b91949d-dcf1-41ea-a2d7-4c9314f5279d,0.011615391665651287,Low,13.99,1.9499919528295382,Maintain engagement / loyalty rewards,Low engagement,Standard,Low,Africa,37,0
c6ef4026-e73c-488a-ad6f-9928108317be,0.9960929772439193,High,13.99,167.2240890197092,Offer targeted discount / personalized content,Low recent activity,Standard,Low,Africa,62,1
56a921c2-c213-45f1-9dbb-de2e3301283a,0.9945816607315262,High,8.99,107.29546955971705,Offer targeted discount / personalized content,Stable usage,Basic,Medium,Europe,22,1
ed940bf8-aee8-4084-aea0-c94146d3a17c,0.9961406332159483,High,13.99,167.2320895042934,Offer targeted discount / personalized content,Low engagement,Standard,Low,South America,59,1
9dff2733-4de0-4a36-9c8c-0e7dac7e36da,0.9961374589395937,High,17.99,215.04615463587947,Offer targeted discount / personalized content,Low recent activity,Premium,Low,South America,67,1
f33fab0f-cdc4-4f27-927b-71b8540f1645,0.9961329347429159,High,8.99,107.46282100006576,Offer targeted discount / personalized content,Low engagement,Basic,Low,South America,63,1
63a5e679-c714-4728-b7b1-bd682373e173,0.9961408731762307,High,8.99,107.46367739825178,Offer targeted discount / personalized content,Low recent activity,Basic,Low,South America,23,1
eb856ff3-00f3-44e5-be5b-0d895c9226e5,0.007488656583750905,Low,8.99,0.8078762722550477,Maintain engagement / loyalty rewards,Stable usage,Basic,High,Oceania,68,0
36c1e728-81e6-4d66-99a2-cc8773d2db30,0.996141458550664,High,13.99,167.2322280614855,Offer targeted discount / personalized content,Low engagement,Standard,Low,Europe,42,1
59851cb6-1f00-424c-88b2-e1a5a3320650,0.9961407990070535,High,17.99,215.04687568964272,Offer targeted discount / personalized content,Higher plan cost,Premium,Low,South America,61,1
d1a393f0-9e4c-481a-a923-37ac3b34df3e,0.007491778336116636,Low,17.99,1.6173251072008594,Maintain engagement / loyalty rewards,Higher plan cost,Premium,High,Asia,39,0
351a84a4-4945-4956-a4f9-191886ec3e59,0.9961412414638928,High,13.99,167.23219161695835,Offer targeted discount / personalized content,Low engagement,Standard,Low,Oceania,22,1
4a96d981-4507-4e47-816a-6b5cf721875f,0.9961357113144919,High,8.99,107.46312053660738,Offer targeted discount / personalized content,Stable usage,Basic,Medium,Asia,46,1
deb7873d-1def-45fa-afd9-1cd7a6c3b199,0.007632982820138984,Low,8.99,0.8234461866365935,Maintain engagement / loyalty rewards,Stable usage,Basic,High,Oceania,64,0
f44bb6f9-a8d9-4bac-95fc-6fd46ca8c65c,0.007487480532356759,Low,17.99,1.616397297325177,Maintain engagement / loyalty rewards,Higher plan cost,Premium,High,Europe,35,0
02ec2522-2ad3-47c8-862a-0ecbcd44d536,0.00769467447451094,Low,8.99,0.8301014823102402,Maintain engagement / loyalty rewards,Stable usage,Basic,High,North America,53,0
6308bb89-2d05-4eb5-b8b6-1a29eaa86f65,0.007629423942423256,Low,8.99,0.8230622549086208,Maintain engagement / loyalty rewards,Stable usage,Basic,Medium,Africa,40,0
17eb2d4c-2069-4247-9ced-33e6af1ccd4f,0.9961413066156789,High,17.99,215.04698527219276,Offer targeted discount / personalized content,Low recent activity,Premium,Low,Asia,41,1
04664fb8-2dc2-49fc-8f2f-2783dcbe7443,0.0075155458821860146,Low,13.99,1.2617098427013882,Maintain engagement / loyalty rewards,Higher plan cost,Standard,High,South America,26,0
e401cb19-1807-4c06-99bc-0cc66b195884,0.9961080692545904,High,13.99,167.22662266646063,Offer targeted discount / personalized content,Higher plan cost,Standard,Medium,Asia,53,1
0567aa10-7398-4fb5-9ad7-05bc221ccf7b,0.007579772557565398,Low,8.99,0.8177058635101551,Maintain engagement / loyalty rewards,Stable usage,Basic,High,Africa,70,0
0e38ffca-1f73-4b0d-82c2-e19a2035bab1,0.0074882764341747095,Low,17.99,1.616569116609636,Maintain engagement / loyalty rewards,Higher plan cost,Premium,High,Africa,46,0
a3e71728-f0d7-4b75-adf0-6df1d25f662e,0.007487034215487781,Low,13.99,1.2569233040960888,Maintain engagement / loyalty rewards,Higher plan cost,Standard,High,South America,22,0
153f211f-8482-4da2-89b4-44848fa3ee76,0.007489922862551504,Low,13.99,1.2574082501651465,Maintain engagement / loyalty rewards,Low recent activity,Standard,High,Asia,55,0
25d139fe-79a2-42a1-8a50-519177556977,0.9938763453691747,High,13.99,166.85196086057707,Offer targeted discount / personalized content,Higher plan cost,Standard,Medium,Africa,26,1
a7a5f733-c699-45ee-8aa3-22d484d8dfba,0.9961374525939544,High,17.99,215.04615326598287,Offer targeted discount / personalized content,Low engagement,Premium,Low,Oceania,43,1
c50b4664-7e7c-4c68-8615-0dd35ce09233,0.9934947106187517,High,8.99,107.17820938155094,Offer targeted discount / personalized content,Stable usage,Basic,Medium,Africa,51,1
9a94d32f-e929-4b83-8cb1-b58b14e15500,0.9960199587287597,High,13.99,167.21183067138418,Offer targeted discount / personalized content,Low recent activity,Standard,Medium,North America,41,1
b1fd18d0-3bee-4d64-b41d-20adab557168,0.0075202680052997295,Low,13.99,1.2625025927297187,Maintain engagement / loyalty rewards,Higher plan cost,Standard,Medium,North America,25,0
92880fff-5ea0-438f-b82f-52da83a48a2e,0.9961371987524483,High,17.99,215.04609846667853,Offer targeted discount / personalized content,Low recent activity,Premium,Low,Oceania,27,1
275285d4-3473-42ef-9539-36f58642ca2d,0.00748716362663227,Low,17.99,1.6163288837173744,Maintain engagement / loyalty rewards,Higher plan cost,Premium,Medium,Europe,62,0
c7e04e58-fe88-45e8-9b70-e8325d3c0d77,0.007487539218052971,Low,17.99,1.6164099663932752,Maintain engagement / loyalty rewards,Low recent activity,Premium,High,Oceania,36,0
ed3733c8-fad9-42d2-a075-753a501485c1,0.007542996308614677,Low,13.99,1.2663182202902319,Maintain engagement / loyalty rewards,Higher plan cost,Standard,High,South America,30,0
bb595ca1-75a4-4ff2-b2d5-7bc616908485,0.8629395421034285,High,8.99,93.09391780211786,Offer targeted discount / personalized content,Low recent activity,Basic,Medium,South America,57,1
de6ffcd0-4344-4bc7-9f81-0a47b718b1c6,0.9961415047702433,High,13.99,167.23223582082844,Offer targeted discount / personalized content,Low recent activity,Standard,Low,North America,48,1
7ae75372-d52c-4b9f-81db-187b5df11b8f,0.9960496954256574,High,17.99,215.0272082484909,Offer targeted discount / personalized content,Low recent activity,Premium,Low,Asia,37,1
0961b447-259c-4106-9dfc-b29c18ee3268,0.007488172217102113,Low,17.99,1.616546618228004,Maintain engagement / loyalty rewards,Higher plan cost,Premium,High,North America,31,0
6733fa88-2c22-4289-8f9d-2738f2f223f2,0.9961321389077865,High,8.99,107.46273514537202,Offer targeted discount / personalized content,Low engagement,Basic,Low,Europe,67,1
ba736959-f583-4739-8968-0290afa029e6,0.7873098216427328,High,8.99,84.93498355881802,Offer targeted discount / personalized content,Stable usage,Basic,High,Oceania,49,1
d60d6724-ba88-43d6-b084-1098266795e3,0.9961331272996514,High,17.99,215.0452195214487,Offer targeted discount / personalized content,Higher plan cost,Premium,Medium,North America,63,1
16e5f52c-b9a9-4682-bd78-bab672de433f,0.9961420930771292,High,8.99,107.46380900116068,Offer targeted discount / personalized content,Low recent activity,Basic,Low,North America,48,1
cae083ba-161c-4411-a397-aa999397571f,0.00748786656301712,Low,8.99,0.807791044818287,Maintain engagement / loyalty rewards,Stable usage,Basic,High,Europe,42,0
c7e024a2-a7b1-42de-9ec8-2eface7a42ea,0.007487077509527243,Low,13.99,1.2569305722994337,Maintain engagement / loyalty rewards,Higher plan cost,Standard,Medium,Asia,54,0
d294b97f-cf2d-4d94-a8ae-75b4fbb91cf6,0.008322536336947472,Low,17.99,1.79666914442022,Maintain engagement / loyalty rewards,Higher plan cost,Premium,Low,North America,39,0
658035e4-1ba4-4be1-9ef9-45b5307d06d0,0.996026538650425,High,17.99,215.02220916385374,Offer targeted discount / personalized content,Higher plan cost,Premium,Medium,North America,31,1
581e6697-714a-4270-a0ee-fa3f59b0af0c,0.9961418157664946,High,13.99,167.23228803087912,Offer targeted discount / personalized content,Low recent activity,Standard,Low,Europe,46,1
803ceff0-36a0-4703-bf52-cad1d975542f,0.9961158778182382,High,8.99,107.46098089903154,Offer targeted discount / personalized content,Low engagement,Basic,Low,Africa,53,1
73f751c7-8c61-4e76-83b6-452af6a4ede5,0.995639659513671,High,17.99,214.93868969581126,Offer targeted discount / personalized content,Higher plan cost,Premium,Medium,Oceania,33,1
b599a0ed-bf0a-45bb-aeb6-0722f73a50fa,0.9961411902308541,High,13.99,167.2321830159558,Offer targeted discount / personalized content,Low recent activity,Standard,Low,Asia,67,1
da72bd4b-af88-4044-9054-b1256e865aa1,0.9961398420049449,High,17.99,215.04666909202749,Offer targeted discount / personalized content,Low recent activity,Premium,Low,Europe,37,1
5e38612f-0499-48d1-9b5c-77f3ac880488,0.9961374552662114,High,13.99,167.23155599009158,Offer targeted discount / personalized content,Higher plan cost,Standard,Medium,South America,25,1
0a66cb6f-a8c4-44db-bce7-81a5c9e5e968,0.9959029812793535,High,17.99,214.9955355985868,Offer targeted discount / personalized content,Low recent activity,Premium,Low,South America,54,1
b9444b66-159e-4445-baa3-86b6c67d2a12,0.007488465969448031,Low,8.99,0.8078557087840537,Maintain engagement / loyalty rewards,Stable usage,Basic,High,Africa,29,0
a4493643-2e07-47da-a9aa-2cfd8b95ee3c,0.007488748735222163,Low,17.99,1.6166710769597603,Maintain engagement / loyalty rewards,Higher plan cost,Premium,High,Asia,63,0
9cbb6afa-02d9-4d41-a3a0-2cee0503e9cb,0.007497638819071268,Low,13.99,1.2587036049456846,Maintain engagement / loyalty rewards,Higher plan cost,Standard,High,Europe,30,0
7bab1710-b049-40ab-a51a-d4b81eb796ca,0.007488155541512903,Low,13.99,1.2571115523091863,Maintain engagement / loyalty rewards,Higher plan cost,Standard,High,South America,50,0
34a2c2e6-d37c-441d-a3fa-8e2683608dc9,0.007491932400161999,Low,13.99,1.2577456113391965,Maintain engagement / loyalty rewards,Higher plan cost,Standard,High,Europe,36,0
d2175c8d-2b9d-4e57-8156-d60a6337269d,0.007490082686631805,Low,13.99,1.2574350814317472,Maintain engagement / loyalty rewards,Higher plan cost,Standard,Medium,Oceania,56,0
6c1223e7-81e1-4917-85e5-1a4c20152121,0.9961419216733567,High,8.99,107.46379051012173,Offer targeted discount / personalized content,Low engagement,Basic,Low,Oceania,65,1
5dd87c4e-29ae-4eb3-af0c-170f76727f27,0.007672082843340933,Low,8.99,0.8276642971396198,Maintain engagement / loyalty rewards,Low recent activity,Basic,High,South America,54,0
459f77f9-49ea-4a47-8ef9-eccbcd48f711,0.009183963337315113,Low,8.99,0.9907659648295545,Maintain engagement / loyalty rewards,Stable usage,Basic,High,South America,38,0
593f585f-8c2e-4301-8d4f-9a5072b0521a,0.9958314640070658,High,17.99,214.98009644984535,Offer targeted discount / personalized content,Low recent activity,Premium,Medium,Europe,54,1
fcb2d78a-d7e2-4f45-bf6f-5c9d5be316a1,0.007490878661847613,Low,17.99,1.6171308855196624,Maintain engagement / loyalty rewards,Higher plan cost,Premium,High,Oceania,60,0
9cf92281-2835-407d-8baf-930f65d4a895,0.9961414069104171,High,17.99,215.04700692382085,Offer targeted discount / personalized content,Higher plan cost,Premium,Low,South America,40,1
e0bd7f71-4fed-42d8-9543-838248a460d6,0.007488957280030252,Low,17.99,1.6167160976129304,Maintain engagement / loyalty rewards,Higher plan cost,Premium,High,Oceania,23,0
f391b24a-8f47-4abf-98c6-2b6dc029b507,0.9961390343732838,High,8.99,107.46347902818987,Offer targeted discount / personalized content,Low recent activity,Basic,Medium,North America,25,1
8d62006d-9f79-4c44-8f55-bc75e32a3113,0.007549110729478227,Low,17.99,1.6297020242797595,Maintain engagement / loyalty rewards,Higher plan cost,Premium,Medium,Asia,24,0
58edff7e-fe12-4847-9d63-96fca02927aa,0.9961421125990902,High,8.99,107.46381110718985,Offer targeted discount / personalized content,Low engagement,Basic,Low,South America,34,1
ac249a0b-f687-44e4-8b45-c7e3ca5b62af,0.9961381782417359,High,8.99,107.46338666871847,Offer targeted discount / personalized content,Low recent activity,Basic,Medium,Oceania,37,1
22cf3563-a74a-422c-b504-4ed96bd42adb,0.007487018647590793,Low,13.99,1.2569206905575423,Maintain engagement / loyalty rewards,Higher plan cost,Standard,High,Asia,24,0
a369fdd9-f4e2-4ce1-88b5-8e63a29d3048,0.007570962668430876,Low,8.99,0.8167554526703229,Maintain engagement / loyalty rewards,Low recent activity,Basic,High,Europe,35,0
14fd0c3d-7c20-4f74-b705-fc894aafc0e6,0.996136990402313,High,13.99,167.2314779487403,Offer targeted discount / personalized content,Low engagement,Standard,Low,Africa,69,1
c4e791eb-6ab3-4845-a181-b678fa7fa97a,0.007510845249809652,Low,13.99,1.2609207005380445,Maintain engagement / loyalty rewards,Low recent activity,Standard,High,Oceania,69,0
ffd64028-3f77-4c63-8a5c-42c17cf277db,0.9961382899880334,High,13.99,167.23169612319106,Offer targeted discount / personalized content,Low recent activity,Standard,Low,Africa,67,1
e873479a-1eee-40eb-b0ff-a77512efc64e,0.007492121413644028,Low,13.99,1.2577773429225596,Maintain engagement / loyalty rewards,Low recent activity,Standard,Medium,North America,66,0
ac571168-447d-4a33-9a0e-9ecf66da13a2,0.996141940383057,High,13.99,167.2323089515076,Offer targeted discount / personalized content,Low engagement,Standard,Low,Europe,41,1
ab3d3213-c9c4-4843-abef-94fedd12b6b9,0.008021684453904296,Low,13.99,1.3466803861214531,Maintain engagement / loyalty rewards,Higher plan cost,Standard,Medium,Asia,60,0
5f50140b-1f81-4e05-bf0d-e2efdf9d83d0,0.9961407626710631,High,13.99,167.23211123721808,Offer targeted discount / personalized content,Low recent activity,Standard,Low,Europe,69,1
8ca24125-559b-4d91-b405-46de7915f685,0.9961356314769162,High,13.99,167.23124981234469,Offer targeted discount / personalized content,Higher plan cost,Standard,Medium,South America,65,1
3687107c-7c9b-40ff-86e7-2d0636774a48,0.9961416012415455,High,13.99,167.23225201643066,Offer targeted discount / personalized content,Low engagement,Standard,Low,North America,20,1
97532dfe-a293-4674-8dc1-1a90ca1e2925,0.9961133597750059,High,17.99,215.04095210822828,Offer targeted discount / personalized content,Higher plan cost,Premium,Medium,North America,28,1
a7273326-fb8b-470d-ba98-dc6855d36bda,0.007489450958514582,Low,17.99,1.616822672924128,Maintain engagement / loyalty rewards,Higher plan cost,Premium,High,Oceania,34,0
d2a0854f-8b84-470a-8f81-ce7c2949e216,0.9961420022722332,High,8.99,107.46379920512852,Offer targeted discount / personalized content,Low recent activity,Basic,Low,South America,63,1
0ff5f6d7-dc9b-46c0-b3d3-1a613b6f40dc,0.007487059409842375,Low,13.99,1.256927533724338,Maintain engagement / loyalty rewards,Higher plan cost,Standard,High,North America,46,0
d70e827b-2928-45cb-8c8a-70bb92c01baf,0.9958094899836928,High,17.99,214.97535269767957,Offer targeted discount / personalized content,Low recent activity,Premium,Low,Africa,20,1
aa7a6ff6-6acb-4fa2-80ac-c9df590d99b5,0.007796444395218531,Low,17.99,1.6830964160397763,Maintain engagement / loyalty rewards,Higher plan cost,Premium,Medium,South America,55,0
f28ba34a-da01-4b10-a6e5-f19be9ec4993,0.9961360188322361,High,17.99,215.04584374550313,Offer targeted discount / personalized content,Low recent activity,Premium,Medium,Europe,43,1
f8c37904-7754-4f4f-a0a6-6c300f52d1b9,0.9961421328578851,High,13.99,167.23234126418174,Offer targeted discount / personalized content,Low engagement,Standard,Low,Africa,51,1
13892f24-0399-43e4-81ad-b2683a5937f3,0.009876863827778318,Low,17.99,2.132217363140783,Maintain engagement / loyalty rewards,Low engagement,Premium,Low,Europe,44,0
774601aa-0882-4fa4-a7ee-c107ab9822e5,0.007496354307417264,Low,8.99,0.8087067026841743,Maintain engagement / loyalty rewards,Stable usage,Basic,High,North America,29,0
032e9a3c-7d07-42e6-8dc5-6c7da4996529,0.9961383751799746,High,8.99,107.46340791441567,Offer targeted discount / personalized content,Low engagement,Basic,Low,Asia,29,1
4d6d9b2f-0d81-4d94-9269-e312986bcc5d,0.007487248780647718,Low,13.99,1.256959325295139,Maintain engagement / loyalty rewards,Higher plan cost,Standard,Medium,Asia,33,0
00cf1667-2876-4dc9-978d-c5ab0abbde82,0.007609224174040088,Low,13.99,1.27743655433785,Maintain engagement / loyalty rewards,Low recent activity,Standard,Medium,Africa,27,0
85745954-f001-4b50-a3a8-89081a78fdb3,0.9957181762318094,High,13.99,167.16116742579615,Offer targeted discount / personalized content,Low engagement,Standard,Low,South America,43,1
d7f4bf21-ac26-45bf-91f0-06e1fcfe9bd7,0.011409502387624766,Low,8.99,1.2308571175769598,Maintain engagement / loyalty rewards,Stable usage,Basic,High,Africa,65,0
01e6801b-1fef-42fb-8ef2-ea09b77073a7,0.0074876803285587965,Low,17.99,1.616440429329273,Maintain engagement / loyalty rewards,Higher plan cost,Premium,High,Africa,20,0
ab0f1851-f5da-466f-9a40-39ac5c454128,0.9961402465882756,High,8.99,107.46360980194316,Offer targeted discount / personalized content,Low engagement,Basic,Low,Europe,27,1
671165ba-f196-4285-925f-75d561220775,0.9960944851463344,High,17.99,215.03687745339064,Offer targeted discount / personalized content,Low recent activity,Premium,Low,North America,24,1
d2d40ebb-b8b3-4ad9-ace3-096edd180329,0.009913119072500438,Low,13.99,1.6642144298913735,Maintain engagement / loyalty rewards,Low engagement,Standard,Low,South America,37,0
5c0b46c2-c510-45ff-98bb-beb686d84154,0.0074928280371548365,Low,13.99,1.257895970877554,Maintain engagement / loyalty rewards,Higher plan cost,Standard,High,North America,19,0
58ded57a-ec90-49e9-963f-dfea5dc82a15,0.008964078519395473,Low,8.99,0.9670447906723836,Maintain engagement / loyalty rewards,Stable usage,Basic,Medium,Europe,46,0
66dec43e-1ffc-4923-9e95-3d865f5b8ef2,0.007487789338901577,Low,13.99,1.2570500742147968,Maintain engagement / loyalty rewards,Higher plan cost,Standard,High,Europe,35,0
fde12247-9936-42f7-8be1-77087b2ccb06,0.996137680718187,High,13.99,167.23159383896925,Offer targeted discount / personalized content,Low recent activity,Standard,Medium,Africa,33,1
b54bde1d-fa6b-4376-8f85-5daf9af3baf0,0.007590456204095974,Low,8.99,0.8188584152978737,Maintain engagement / loyalty rewards,Stable usage,Basic,High,Asia,65,0
fa32fedc-ac88-4f28-b1a5-911aa754bb54,0.0074995278035428214,Low,17.99,1.618998062228824,Maintain engagement / loyalty rewards,Higher plan cost,Premium,High,Africa,61,0
4acf70a4-4601-4a7b-ba60-ec429e02ed93,0.007497786680931195,Low,13.99,1.258728427994729,Maintain engagement / loyalty rewards,Low recent activity,Standard,High,North America,57,0
1f93face-05de-4411-bebd-d5f0d5ca63cd,0.007487123395025014,Low,17.99,1.6163201985179998,Maintain engagement / loyalty rewards,Higher plan cost,Premium,High,North America,38,0
e81aef30-e7a7-4aeb-8eef-c4967596a893,0.007883220589803197,Low,13.99,1.3234350726161608,Maintain engagement / loyalty rewards,Higher plan cost,Standard,Medium,North America,24,0
99bc6deb-c00c-4e60-bf79-57535827e446,0.0075449289652758916,Low,8.99,0.8139469367739631,Maintain engagement / loyalty rewards,Stable usage,Basic,High,Oceania,20,0
44ae8a3c-93f0-4ffa-80ab-a04b49d288ce,0.9959153889866116,High,8.99,107.43935216387567,Offer targeted discount / personalized content,Low engagement,Basic,Low,Africa,31,1
0bc417ee-3f71-4373-a8cc-331b1aa4a350,0.9961420249576936,High,8.99,107.46380165243599,Offer targeted discount / personalized content,Low engagement,Basic,Low,Africa,48,1
4cbbe2c6-93a6-4f4a-8a58-cb0568992128,0.007492258426386655,Low,17.99,1.617428749088351,Maintain engagement / loyalty rewards,Higher plan cost,Premium,High,Asia,22,0
842e532f-eafa-43c3-91e1-043216a3a1b9,0.01645949062210391,Low,8.99,1.77564984831257,Maintain engagement / loyalty rewards,Low recent activity,Basic,Medium,Oceania,35,0
ce76d2eb-7452-44f4-bfe8-8f14ea2d179f,0.9961364719442543,High,8.99,107.46320259334615,Offer targeted discount / personalized content,Stable usage,Basic,Medium,Oceania,56,1
b944a82d-8935-4ec4-a9a8-ee375c046361,0.007489702703337814,Low,13.99,1.2573712898363523,Maintain engagement / loyalty rewards,Higher plan cost,Standard,High,Oceania,27,0
56fc1cd3-f46c-45b1-86c8-a8d814b4b01f,0.9961286156930633,High,8.99,107.46235506096768,Offer targeted discount / personalized content,Low recent activity,Basic,Medium,Africa,37,1
eeecc979-d06f-4951-a2cd-655a554aeab5,0.0074870473986630316,Low,17.99,1.6163037924233752,Maintain engagement / loyalty rewards,Higher plan cost,Premium,High,Europe,18,0
8cba73af-fdd2-40c5-a047-ad5892347414,0.9960309785393735,High,17.99,215.02316764707993,Offer targeted discount / personalized content,Low recent activity,Premium,Medium,Africa,68,1
ce9e2886-8929-4783-b4c6-606c0b390a67,0.9961387939681934,High,17.99,215.04644284185355,Offer targeted discount / personalized content,Low recent activity,Premium,Medium,Oceania,28,1
de4b41a5-0849-4e62-8e1a-8a8402d632bc,0.9960163664647139,High,17.99,215.02001319240242,Offer targeted discount / personalized content,Low recent activity,Premium,Low,Oceania,52,1
2def8921-9bc9-4018-94e5-e01583cb4a8a,0.10111177178487582,Low,8.99,10.907937940152404,Maintain engagement / loyalty rewards,Stable usage,Basic,Medium,Oceania,45,0
c6866d13-0b06-4e37-9951-7419fe48f070,0.007487132414868572,Low,13.99,1.256939789808136,Maintain engagement / loyalty rewards,Higher plan cost,Standard,High,Europe,30,0
35f91264-6cc8-4a3a-ba35-f41a1f8845b8,0.9935310652621009,High,8.99,107.18213132047546,Offer targeted discount / personalized content,Stable usage,Basic,Medium,South America,29,1
6322cad7-9bab-45ba-974b-e2761a226ff6,0.0077658051832773575,Low,13.99,1.3037233741686027,Maintain engagement / loyalty rewards,Higher plan cost,Standard,Medium,Asia,30,0
0c62aef7-ef41-42aa-8500-89a6c481df76,0.007488010898244593,Low,17.99,1.6165117927130426,Maintain engagement / loyalty rewards,Higher plan cost,Premium,High,South America,63,0
37791795-8e12-4220-89b1-1fcdde816eba,0.007488328448787565,Low,17.99,1.6165803455242596,Maintain engagement / loyalty rewards,Higher plan cost,Premium,High,Africa,34,0
48b9de50-6724-44ad-a0d2-d78beb2554c4,0.9959737879498537,High,13.99,167.20407952102144,Offer targeted discount / personalized content,Low recent activity,Standard,Medium,Asia,55,1
0c872601-857c-425d-813a-07043f66be87,0.9961420908268156,High,8.99,107.46380875839687,Offer targeted discount / personalized content,Low engagement,Basic,Low,North America,62,1
9c36838f-6eaf-4bb4-9024-1e2b376b94ab,0.007487444427464346,Low,17.99,1.616389503001003,Maintain engagement / loyalty rewards,Low recent activity,Premium,High,Oceania,45,0
3a184b71-300b-4893-b4aa-92cff705b7c7,0.00748754874317086,Low,13.99,1.257009683003524,Maintain engagement / loyalty rewards,Higher plan cost,Standard,High,Africa,60,0
d1eea60c-8922-461e-97b9-7c8c3634e4a8,0.007488002303931253,Low,17.99,1.6165099373726788,Maintain engagement / loyalty rewards,Higher plan cost,Premium,High,Oceania,46,0
ad4116a1-d841-48bb-b96d-4474cbf84c68,0.9960770212473505,High,17.99,215.033107346878,Offer targeted discount / personalized content,Low recent activity,Premium,Low,Asia,44,1
1ee48ca0-f336-47e8-bc94-950b8fb7b8e4,0.996139637377355,High,13.99,167.23192232291035,Offer targeted discount / personalized content,Higher plan cost,Standard,Low,Africa,39,1
e256a69a-08fe-4384-91d9-c1bc7bb74c96,0.9957978583092514,High,8.99,107.42667295440205,Offer targeted discount / personalized content,Stable usage,Basic,Medium,Europe,69,1
01b9a552-c129-4000-a259-2125118a2d05,0.9961235589504718,High,8.99,107.46180953957689,Offer targeted discount / personalized content,Stable usage,Basic,Medium,North America,44,1
f3763f9d-ced2-4983-9cfa-203770b1f23d,0.9961422914131554,High,8.99,107.46383039765121,Offer targeted discount / personalized content,Low engagement,Basic,Low,South America,60,1
5f4ae876-26fa-4e2d-a50c-06cc47a357a5,0.9951835501076172,High,13.99,167.07141439206677,Offer targeted discount / personalized content,Low engagement,Standard,Low,Africa,18,1
23701bff-2f61-4efb-8367-a2b937e0a8c4,0.9956224371289911,High,13.99,167.14509474521503,Offer targeted discount / personalized content,Low recent activity,Standard,Medium,Oceania,58,1
6065d8f7-08e7-421c-ab2c-0f3401c1007e,0.9958759247333534,High,17.99,214.9896946314363,Offer targeted discount / personalized content,Higher plan cost,Premium,Medium,North America,54,1
38c98f6f-3535-415c-bfba-78244c1ba199,0.007488512258072576,Low,13.99,1.257171437885224,Maintain engagement / loyalty rewards,Higher plan cost,Standard,High,North America,61,0
7af0ed2d-08ed-400c-a8e7-b764ab1e1b78,0.008567495540247742,Low,17.99,1.8495509372286825,Maintain engagement / loyalty rewards,Low recent activity,Premium,Low,North America,68,0
14ce19c7-ffce-41b5-b4a1-67314cd5974a,0.9961366742214898,High,8.99,107.46322441501431,Offer targeted discount / personalized content,Low recent activity,Basic,Medium,Oceania,35,1
46849fbb-5a52-4e73-bb8f-ae01b6fb599c,0.007488746480048554,Low,13.99,1.2572107590705512,Maintain engagement / loyalty rewards,Higher plan cost,Standard,High,Africa,45,0
c916c9b4-1164-4387-81e7-0c2d0565b9b1,0.007488658972928773,Low,8.99,0.8078765299995561,Maintain engagement / loyalty rewards,Stable usage,Basic,High,North America,32,0
44cc0ae8-cb94-4b3f-9d0d-0c24c1a57267,0.008010722299487313,Low,13.99,1.3448400596379302,Maintain engagement / loyalty rewards,Higher plan cost,Standard,Medium,Africa,63,0
4b3a58cf-f92e-40ab-bfe3-9203f6b813ea,0.9960790394201998,High,13.99,167.22174913786313,Offer targeted discount / personalized content,Low engagement,Standard,Low,Europe,53,1
7e08b75e-d8c2-4370-917d-99e19d660ed3,0.9961411752768967,High,8.99,107.46370998887161,Offer targeted discount / personalized content,Low engagement,Basic,Low,Africa,52,1
ecd05571-5133-452b-a15c-58b1d6fcf55b,0.9961416015936706,High,13.99,167.23225207554543,Offer targeted discount / personalized content,Low recent activity,Standard,Low,Europe,70,1
ad1386aa-c4a6-4fef-ac7d-8d017bc1834d,0.007836676842848023,Low,13.99,1.315621308377326,Maintain engagement / loyalty rewards,Higher plan cost,Standard,Medium,Oceania,46,0
5c0d251e-ecf0-42b1-a8a3-92879c7759d2,0.007491594585780479,Low,8.99,0.8081932239139982,Maintain engagement / loyalty rewards,Stable usage,Basic,High,Asia,19,0
1c50a915-b685-4954-b75e-50696b67585c,0.007489741140142519,Low,13.99,1.2573777426071262,Maintain engagement / loyalty rewards,Higher plan cost,Standard,High,Europe,24,0
0dbd65af-cebd-466e-8dae-0faefae015d0,0.008009655401815769,Low,17.99,1.729124408143988,Maintain engagement / loyalty rewards,Higher plan cost,Premium,Medium,Africa,59,0
b0e1e6b6-595d-40f5-9190-bda8ffaf670c,0.996140928388997,High,13.99,167.23213905794483,Offer targeted discount / personalized content,Low engagement,Standard,Low,Europe,49,1
af3333ad-218a-4c59-a505-0bdc6c3a8ff9,0.007487443945953265,Low,13.99,1.256992089646634,Maintain engagement / loyalty rewards,Higher plan cost,Standard,High,Africa,43,0
b86d66cb-9189-4291-b58a-ff82f1400a1b,0.9957750572757675,High,17.99,214.9679193646927,Offer targeted discount / personalized content,Higher plan cost,Premium,Medium,Africa,31,1
8792f856-e6dc-4e01-9e66-5da330500bb1,0.932116157332213,High,8.99,100.55669105299916,Offer targeted discount / personalized content,Low recent activity,Basic,Medium,North America,70,1
9ee323d9-03fd-4243-b725-0799969eebe5,0.007507714984683686,Low,13.99,1.260395191628697,Maintain engagement / loyalty rewards,Higher plan cost,Standard,Medium,Oceania,56,0
ed30d9dc-3b8b-4568-90b0-9a4ab37c0b43,0.9899525880662704,High,13.99,166.19324048456548,Offer targeted discount / personalized content,Higher plan cost,Standard,Medium,South America,33,1
5fd52a5c-0e8a-4c1f-bce7-fb565f654413,0.9961416853502323,High,8.99,107.46376501558305,Offer targeted discount / personalized content,Low recent activity,Basic,Low,Oceania,58,1
646fdaf5-1306-44f0-b02d-00ae75a929ae,0.9961082549886087,High,8.99,107.46015854817111,Offer targeted discount / personalized content,Stable usage,Basic,Medium,South America,31,1
a29a6a04-1baa-41ca-a6f8-8975da13ccac,0.9961387115774482,High,17.99,215.0464250553395,Offer targeted discount / personalized content,Low engagement,Premium,Low,Europe,29,1
35687a5e-84aa-4fd3-8a35-6d2c4ede909e,0.9955483450908191,High,17.99,214.91897673820603,Offer targeted discount / personalized content,Higher plan cost,Premium,Medium,North America,46,1
092b1c55-371b-4499-a9ba-03a34d3efd9e,0.9961305732082618,High,8.99,107.46256623770728,Offer targeted discount / personalized content,Stable usage,Basic,Medium,Asia,50,1
30f6ab29-5f0d-44e0-b094-8a26164d5303,0.9961356928119163,High,8.99,107.46311854054953,Offer targeted discount / personalized content,Low recent activity,Basic,Low,Africa,23,1
5709d5c3-d7e3-44cb-a414-0401be7a414d,0.996126819256293,High,8.99,107.46216126136889,Offer targeted discount / personalized content,Low engagement,Basic,Low,North America,43,1
ff149146-918e-4a05-802a-08e696b05ca5,0.9961303990072192,High,17.99,215.04463053767847,Offer targeted discount / personalized content,Low engagement,Premium,Low,South America,28,1
8d3f248e-ed7c-42cd-b3d4-60774b897d71,0.9960342165942369,High,13.99,167.21422428184047,Offer targeted discount / personalized content,Higher plan cost,Standard,Medium,Oceania,28,1
f0d90afa-ac9b-4248-9f1f-d262d266696b,0.9961415059545112,High,13.99,167.23223601964332,Offer targeted discount / personalized content,Low recent activity,Standard,Low,Asia,44,1
efe7aef5-61d4-4046-b949-8ebb253ea4df,0.008160944926768601,Low,13.99,1.370059434305913,Maintain engagement / loyalty rewards,Higher plan cost,Standard,Medium,Oceania,62,0
5f99dc80-0876-4938-9f32-32f8121def1d,0.9961320548062998,High,8.99,107.46272607250363,Offer targeted discount / personalized content,Low engagement,Basic,Low,Asia,54,1
7dcf21e0-1891-4a67-8762-5475e064b562,0.9958934541650223,High,8.99,107.43698583532262,Offer targeted discount / personalized content,Stable usage,Basic,Medium,South America,24,1
8891ec31-2a81-4f19-a0fb-9f092f2fa076,0.995839762538241,High,8.99,107.43119358262544,Offer targeted discount / personalized content,Stable usage,Basic,Medium,Africa,27,1
b253557e-7e9f-42e7-a964-08409512972c,0.9961267979054707,High,8.99,107.46215895804217,Offer targeted discount / personalized content,Low engagement,Basic,Low,South America,52,1
80fa0811-9079-4a4e-bee3-27d5d809118c,0.9961420741709904,High,8.99,107.46380696156645,Offer targeted discount / personalized content,Low recent activity,Basic,Low,South America,55,1
e0ed8133-983b-499f-aaa2-d55fed500c39,0.007488744803937258,Low,13.99,1.2572104776849868,Maintain engagement / loyalty rewards,Higher plan cost,Standard,High,Africa,62,0
0742f86e-5f2d-44ef-99e9-17701ba583e9,0.9961381239225797,High,17.99,215.04629819240648,Offer targeted discount / personalized content,Low recent activity,Premium,Low,Europe,64,1
b75366bb-d3d5-426f-bf5e-c38759e966bc,0.007499558259211033,Low,17.99,1.6190046369984779,Maintain engagement / loyalty rewards,Higher plan cost,Premium,High,Oceania,31,0
394cb1e4-055f-4966-83e6-243beaeb3aca,0.0075506084147780594,Low,8.99,0.8145596357862571,Maintain engagement / loyalty rewards,Stable usage,Basic,High,Africa,47,0
3a9ecfb2-33d3-4bee-a44a-630de00fbd01,0.9830515752571614,High,13.99,165.03469845417226,Offer targeted discount / personalized content,Higher plan cost,Standard,Medium,Oceania,37,1
38e8f595-7ae2-478a-ad6b-449334d7fc96,0.00749016023201082,Low,13.99,1.2574480997499766,Maintain engagement / loyalty rewards,Higher plan cost,Standard,High,Asia,65,0
24796c47-3ab2-4476-834f-b8ee3062a37e,0.00748990525035601,Low,17.99,1.6169207454468553,Maintain engagement / loyalty rewards,Higher plan cost,Premium,High,Oceania,20,0
41816b3f-56f6-43bf-9115-971ba7dc242f,0.996142253557427,High,8.99,107.46382631377523,Offer targeted discount / personalized content,Low engagement,Basic,Low,Africa,45,1
5cde086f-eb25-4291-b2ee-0c6d1c6b5459,0.0074903218909987595,Low,8.99,0.8080559256009462,Maintain engagement / loyalty rewards,Stable usage,Basic,High,North America,67,0
1dfb56be-d12c-4739-aab0-0f6cd8c3031c,0.9961367345279862,High,8.99,107.46323092087914,Offer targeted discount / personalized content,Low recent activity,Basic,Low,Oceania,70,1
d8653e82-a487-4adf-9ac9-64f6664ed08c,0.9961417829989149,High,8.99,107.46377554992294,Offer targeted discount / personalized content,Stable usage,Basic,Medium,North America,67,1
0cb3b1b4-f56d-4937-a509-b7c79a125bc7,0.010037491401914142,Low,8.99,1.0828445724384976,Maintain engagement / loyalty rewards,Stable usage,Basic,Medium,Oceania,28,0
e33b05be-fc1b-4cf1-9fcc-185be5525bac,0.9959070961352264,High,17.99,214.99642391367263,Offer targeted discount / personalized content,Higher plan cost,Premium,Medium,Africa,53,1
e674aba0-35ab-4d84-9283-901a58d5ece9,0.007496139796530405,Low,8.99,0.8086835612497001,Maintain engagement / loyalty rewards,Stable usage,Basic,High,Europe,36,0
98504084-75ee-40c1-a61e-c01ebf8377d5,0.9961417737485899,High,8.99,107.46377455199789,Offer targeted discount / personalized content,Low engagement,Basic,Low,Africa,48,1
db86ffd3-430d-4f21-99a0-d0c002b24dfb,0.008729095072405997,Low,13.99,1.4654404807555188,Maintain engagement / loyalty rewards,Higher plan cost,Standard,Medium,North America,19,0
f2148f5b-1c1c-4924-8f23-c2781fe5c869,0.007928620474096988,Low,17.99,1.7116305879480578,Maintain engagement / loyalty rewards,Higher plan cost,Premium,Medium,Africa,25,0
6b12da3c-c538-4257-b3a8-6ecaaeb07210,0.008244973107087852,Low,13.99,1.3841660852179085,Maintain engagement / loyalty rewards,Higher plan cost,Standard,Medium,Africa,31,0
4419096c-eab3-4723-920e-eac48bdbf287,0.007629660277239858,Low,8.99,0.8230877507086358,Maintain engagement / loyalty rewards,Stable usage,Basic,High,South America,56,0
6579bce5-dc6a-481c-b1fe-a22518a7a609,0.008026489477252683,Low,13.99,1.3474870534411805,Maintain engagement / loyalty rewards,Higher plan cost,Standard,Medium,North America,51,0
891cf0f4-f86f-4ad3-9336-c08226ab832f,0.007575817661711652,Low,8.99,0.817279209345453,Maintain engagement / loyalty rewards,Stable usage,Basic,High,South America,23,0
3a412682-0c12-4379-8613-f752dadfc41d,0.00749854612959074,Low,13.99,1.2588559242356934,Maintain engagement / loyalty rewards,Higher plan cost,Standard,High,North America,67,0
3ea62e22-d039-4d10-bdfb-ff1b821675bb,0.007487008954026436,Low,17.99,1.616295492995227,Maintain engagement / loyalty rewards,Higher plan cost,Premium,High,South America,29,0
71e228f4-5b7f-4806-8a29-28bf53814d83,0.008140697972494119,Low,17.99,1.7574138783020303,Maintain engagement / loyalty rewards,Higher plan cost,Premium,Medium,South America,25,0
422bf1a4-f0ed-4bab-a1ff-8269c1c70ecc,0.9601449214739217,High,8.99,103.58043412860667,Offer targeted discount / personalized content,Stable usage,Basic,Medium,Asia,37,1
963809c1-1498-4951-b893-a42cd0b8038a,0.007922480133938009,Low,17.99,1.7103050113145373,Maintain engagement / loyalty rewards,Low recent activity,Premium,Medium,Africa,69,0
32c89f45-a6e5-450a-991b-ca55e7d3bc65,0.9961401186953234,High,8.99,107.46359600485148,Offer targeted discount / personalized content,Low recent activity,Basic,Medium,South America,37,1
25c15fc4-5df8-45a4-a8f3-4477b6549bb9,0.9957197087693241,High,17.99,214.95597072912167,Offer targeted discount / personalized content,Higher plan cost,Premium,Medium,South America,31,1
f80d6eaf-dae4-43ce-8c83-bd1c6ae38c81,0.007496377592770459,Low,17.99,1.6183179947272865,Maintain engagement / loyalty rewards,Higher plan cost,Premium,High,Asia,39,0
6861742f-e225-4a48-a899-10515f5fe14a,0.9960166332864537,High,13.99,167.21127239612986,Offer targeted discount / personalized content,Low recent activity,Standard,Medium,Oceania,26,1
3d12f279-fec1-42b9-8628-9191b773a7f4,0.00749057905126168,Low,13.99,1.2575184111258109,Maintain engagement / loyalty rewards,Higher plan cost,Standard,High,Africa,49,0
36490c08-2bed-473e-b421-f79d03e44d36,0.9959198831656904,High,13.99,167.1950299858561,Offer targeted discount / personalized content,Low engagement,Standard,Low,Asia,34,1
952c3b4f-7921-4f45-bb74-2b229a8312d4,0.011038319611991684,Low,8.99,1.190813919741663,Maintain engagement / loyalty rewards,Stable usage,Basic,High,Africa,64,0
b8fdc9d1-5b33-44ff-8112-c60df62d6f32,0.00748708005040862,Low,13.99,1.2569309988625992,Maintain engagement / loyalty rewards,Higher plan cost,Standard,High,Europe,60,0
0fe47c7b-385a-478d-bda2-22b84a8712a2,0.995896881606844,High,8.99,107.43735558774632,Offer targeted discount / personalized content,Low recent activity,Basic,Medium,Oceania,29,1
18f6b306-a34c-4cfc-9798-99a919a0992f,0.007491527282541391,Low,13.99,1.2576776001930488,Maintain engagement / loyalty rewards,Higher plan cost,Standard,High,South America,30,0
e975682c-48c9-49b9-8381-1fe0f4943c3b,0.007487265946583502,Low,13.99,1.2569622071124384,Maintain engagement / loyalty rewards,Higher plan cost,Standard,High,Europe,67,0
b041cc34-ff46-4f7c-8983-f68f29c0d3ef,0.9961419304129369,High,17.99,215.04711993754478,Offer targeted discount / personalized content,Low recent activity,Premium,Low,North America,23,1
dd14a766-3108-4397-9422-525fac071e57,0.9953634481526507,High,13.99,167.101615675867,Offer targeted discount / personalized content,Higher plan cost,Standard,Medium,South America,34,1
f7e212bf-14ed-4017-ad80-dacd5d6b7be5,0.007489273142185936,Low,8.99,0.8079427865790187,Maintain engagement / loyalty rewards,Stable usage,Basic,High,Oceania,57,0
c33f8bd1-b44c-4e7b-af87-b85574c2bec5,0.007495879532056891,Low,17.99,1.6182104733804414,Maintain engagement / loyalty rewards,Low recent activity,Premium,High,Africa,52,0
d96d507e-5f27-43fc-b25e-c80f3e52f49d,0.008211302334351743,Low,13.99,1.3785134358909705,Maintain engagement / loyalty rewards,Low recent activity,Standard,Medium,North America,59,0
2224f87a-30da-4c5e-9ff3-dbdac8e1592e,0.009770810319866855,Low,17.99,2.1093225318528566,Maintain engagement / loyalty rewards,Higher plan cost,Premium,High,North America,26,0
3cb33869-2004-4ce2-8d6d-bcfe4432e0cf,0.007497337429212448,Low,8.99,0.8088127618634389,Maintain engagement / loyalty rewards,Stable usage,Basic,High,North America,40,0
1accc892-44fa-4be9-bfc4-c9168ec4417a,0.9958956633925515,High,13.99,167.19096397034156,Offer targeted discount / personalized content,Low engagement,Standard,Low,Asia,28,1
f06a4e35-9aad-42e2-97b8-88c0876364ae,0.9960264316319352,High,13.99,167.21291734236928,Offer targeted discount / personalized content,Low recent activity,Standard,Medium,Asia,50,1
07c019ac-78fd-4f04-99b3-ed1efce17ed2,0.9952437319940879,High,13.99,167.08151772716747,Offer targeted discount / personalized content,Higher plan cost,Standard,Medium,Africa,37,1
2114f4a9-f892-40f2-ad83-1f6431f06ad6,0.007876704396021426,Low,17.99,1.7004229450131052,Maintain engagement / loyalty rewards,Higher plan cost,Premium,Medium,Europe,26,0
eeafbbe8-c130-4215-98cb-2c50590d4c36,0.9961421064557958,High,8.99,107.46381044445125,Offer targeted discount / personalized content,Low engagement,Basic,Low,Asia,64,1
b6c7f41f-f9fd-4915-a4b5-eb9eddfcca2f,0.996142081177403,High,8.99,107.46380771741823,Offer targeted discount / personalized content,Low recent activity,Basic,Low,North America,69,1
b60244ce-c9ab-4ca7-af7b-a752e7569f20,0.0074876929023570266,Low,17.99,1.6164431437608346,Maintain engagement / loyalty rewards,Higher plan cost,Premium,High,Europe,29,0
a6af82cf-a6a1-4305-a839-e70b51783c32,0.007547288086462253,Low,8.99,0.8142014387675478,Maintain engagement / loyalty rewards,Stable usage,Basic,Medium,South America,36,0
a70da997-2a45-4bb6-bb24-e40964941eff,0.996140969559734,High,13.99,167.23214596968813,Offer targeted discount / personalized content,Low engagement,Standard,Low,North America,55,1
c306dc87-45f3-4bee-bfbc-2e928cd8c63f,0.007957608553391624,Low,17.99,1.7178885345061836,Maintain engagement / loyalty rewards,Higher plan cost,Premium,Medium,North America,35,0
f898a1fd-293e-40b3-9a40-e21de4828852,0.007823113846232984,Low,17.99,1.6888538171247764,Maintain engagement / loyalty rewards,Low recent activity,Premium,Medium,Oceania,62,0
b47423e0-fc07-4c45-93e9-5de5f180c69b,0.9961410173540042,High,8.99,107.46369295214997,Offer targeted discount / personalized content,Low recent activity,Basic,Low,Africa,44,1
4bb2258b-b1bf-4e4a-8e25-5738517e9917,0.9961412578848163,High,17.99,215.04697475217415,Offer targeted discount / personalized content,Low recent activity,Premium,Low,Africa,35,1
4ca18b96-1fce-4bcc-9b1e-85c0f699523e,0.007751338552446486,Low,17.99,1.6733589667021473,Maintain engagement / loyalty rewards,Higher plan cost,Premium,Medium,Oceania,64,0
45cd4327-0de3-43a8-a581-0bdd0432030d,0.9961247151113989,High,13.99,167.22941717290166,Offer targeted discount / personalized content,Low engagement,Standard,Low,Europe,45,1
d263f088-0d09-494b-83b1-268d497cbcd0,0.007487506017307193,Low,17.99,1.6164027990162766,Maintain engagement / loyalty rewards,Higher plan cost,Premium,High,Oceania,55,0
7e16b964-d803-4cb8-94da-29f5660c1027,0.9961390703002101,High,13.99,167.2318271219993,Offer targeted discount / personalized content,Higher plan cost,Standard,Medium,South America,45,1
672a8d38-e6ed-4649-8b8f-e31ceedeea37,0.9959135598058813,High,17.99,214.99781929089363,Offer targeted discount / personalized content,Low engagement,Premium,Low,North America,52,1
3cffe3c7-6583-4e5a-b615-1fdf922642f9,0.9961085269965484,High,13.99,167.22669951218055,Offer targeted discount / personalized content,Low recent activity,Standard,Medium,Europe,63,1
744bf5e8-5096-4082-8903-70e4cfdd1e64,0.007501854306886704,Low,8.99,0.8093000426269377,Maintain engagement / loyalty rewards,Low recent activity,Basic,High,Oceania,33,0
b9802ea9-5c98-4d4a-a77c-6de878d22ea4,0.996141757866433,High,17.99,215.04708268820553,Offer targeted discount / personalized content,Low engagement,Premium,Low,Oceania,34,1
9363bef2-c9cb-4a76-971e-f1a5bb357d58,0.9961375426870829,High,13.99,167.23157066630748,Offer targeted discount / personalized content,Low recent activity,Standard,Medium,South America,37,1
349f7e43-7477-4e48-860d-b838ad415b1c,0.9961227908399085,High,13.99,167.22909412620385,Offer targeted discount / personalized content,Low engagement,Standard,Low,Africa,25,1
9cc41b86-9e5f-40f1-91f1-5c431290571a,0.007498374546584527,Low,17.99,1.6187490971166674,Maintain engagement / loyalty rewards,Low recent activity,Premium,High,North America,46,0
6f5a2958-cb64-47b5-af53-1d70ba016494,0.007503804154609518,Low,13.99,1.2597386414758458,Maintain engagement / loyalty rewards,Higher plan cost,Standard,High,Asia,63,0
887de878-c150-46f7-9bf5-58c7ef8ce74e,0.9955828578587038,High,8.99,107.40347870579697,Offer targeted discount / personalized content,Stable usage,Basic,Medium,Asia,55,1
291d76b3-d8c3-406e-803f-c9e04fb283de,0.9961223587011798,High,8.99,107.46168005668328,Offer targeted discount / personalized content,Low engagement,Basic,Low,Europe,55,1
46b5db3d-c2b2-4188-9424-4f7172f15112,0.0075004264377136805,Low,13.99,1.2591715903633727,Maintain engagement / loyalty rewards,Higher plan cost,Standard,High,Oceania,61,0
aaa4f493-b841-42d0-a7ca-644ad0512c3a,0.9961420109907729,High,8.99,107.46380014568459,Offer targeted discount / personalized content,Low recent activity,Basic,Low,Asia,28,1
43c97b11-0e8d-4947-9bdb-12af35174f31,0.007499008464973154,Low,8.99,0.8089930332013039,Maintain engagement / loyalty rewards,Stable usage,Basic,High,Europe,62,0
565b0478-0a6f-4900-b6b6-285e6656bb91,0.9961323152901779,High,8.99,107.46275417350438,Offer targeted discount / personalized content,Low engagement,Basic,Low,Africa,66,1
2240c2c4-f736-4caa-bc9f-6500eb1501ba,0.00749757097854829,Low,8.99,0.8088379571657897,Maintain engagement / loyalty rewards,Stable usage,Basic,High,Europe,63,0
c9ca7e43-bb03-4e5c-82be-057200bc6f32,0.007488023933854659,Low,17.99,1.6165146068405436,Maintain engagement / loyalty rewards,Higher plan cost,Premium,High,North America,46,0
32f97948-ac90-446f-ba8f-0da203d8d523,0.9961418059633408,High,8.99,107.4637780273252,Offer targeted discount / personalized content,Stable usage,Basic,Low,South America,34,1
501823e6-8ea5-433b-b0f6-d8c5f53c8907,0.009310693487003618,Low,13.99,1.5630792225981673,Maintain engagement / loyalty rewards,Low recent activity,Standard,Low,Europe,56,0
c4c39eed-21ee-4f06-be68-f9f4899be76b,0.9957558195250209,High,8.99,107.42213781035926,Offer targeted discount / personalized content,Stable usage,Basic,Medium,Oceania,35,1
16c333fc-47cb-49f9-819b-b9853c0254d7,0.9944877659658292,High,8.99,107.28534019239368,Offer targeted discount / personalized content,Stable usage,Basic,Medium,Africa,52,1
3790887a-7a19-4201-9f39-fec333345e97,0.996140504317782,High,8.99,107.46363760580232,Offer targeted discount / personalized content,Stable usage,Basic,Medium,North America,54,1
7bd51ef6-d0f6-4894-ade9-af2b4f2f45b1,0.007487534263732884,Low,13.99,1.2570072521954767,Maintain engagement / loyalty rewards,Higher plan cost,Standard,High,Asia,42,0
67db947c-f035-417e-8883-71b4780b4fc0,0.9961274604548225,High,8.99,107.46223043386625,Offer targeted discount / personalized content,Low recent activity,Basic,Medium,North America,39,1
3d394651-d7f9-455c-b308-058cb52f8df8,0.007491741096854719,Low,17.99,1.6173170679889965,Maintain engagement / loyalty rewards,Higher plan cost,Premium,High,South America,65,0
356a678e-8341-481b-b1dd-c3bf8085cdf3,0.9961421607593373,High,8.99,107.4638163027173,Offer targeted discount / personalized content,Low recent activity,Basic,Low,Asia,70,1
af9ce006-0bc4-48ee-ad39-730a74359d03,0.00749336844160124,Low,17.99,1.6176683791728756,Maintain engagement / loyalty rewards,Higher plan cost,Premium,High,South America,23,0
466baf83-d1b8-4d98-9f30-06b1e654f463,0.9961421307708441,High,8.99,107.46381306755866,Offer targeted discount / personalized content,Low recent activity,Basic,Medium,South America,54,1
a902ec06-7bed-4c3d-b664-5e26fc183d7c,0.9961422063110492,High,8.99,107.46382121683598,Offer targeted discount / personalized content,Low engagement,Basic,Low,Europe,30,1
32484385-55d4-4c6a-ad1a-834abeaaa883,0.99614154928061,High,13.99,167.23224329322883,Offer targeted discount / personalized content,Low recent activity,Standard,Low,North America,44,1
1227b01e-1600-46ac-b14f-3991a895796a,0.995940608912403,High,8.99,107.44207288947004,Offer targeted discount / personalized content,Low engagement,Basic,Low,North America,56,1
64f688c6-0b4c-451a-94f9-48a66dd0139d,0.9961409224487427,High,17.99,215.04690233823456,Offer targeted discount / personalized content,Low engagement,Premium,Low,Africa,48,1
d20c3cd3-e949-4026-a0af-1b9392f4d466,0.9961241751364213,High,8.99,107.46187601371713,Offer targeted discount / personalized content,Low engagement,Basic,Low,North America,56,1
16baff30-d637-4241-9b5f-1d0451f30375,0.9959385863309917,High,17.99,215.00322201713448,Offer targeted discount / personalized content,Low engagement,Premium,Low,North America,40,1
8b811175-e9c7-4a47-9e23-1b92a6a498aa,0.9961420770621169,High,17.99,215.04715159616978,Offer targeted discount / personalized content,Low recent activity,Premium,Low,Africa,58,1
a2796611-e145-4000-823c-16e30e8f2d03,0.009872990911049966,Low,8.99,1.0650982594840703,Maintain engagement / loyalty rewards,Stable usage,Basic,High,Africa,20,0
d1f48191-4dfa-474e-b7ca-3b935aee6531,0.00750419679645742,Low,17.99,1.6200060044192277,Maintain engagement / loyalty rewards,Higher plan cost,Premium,Medium,Europe,44,0
e724e4f3-9542-43f8-ab8f-e817d88999a3,0.9961418035616398,High,8.99,107.46377776822972,Offer targeted discount / personalized content,Low recent activity,Basic,Low,Africa,58,1
45c7566b-3b5b-4112-8ed2-89a4d20a3eae,0.007488147916325292,Low,13.99,1.2571102721926901,Maintain engagement / loyalty rewards,Higher plan cost,Standard,High,Europe,58,0
6b1bb258-a4c9-41c1-abb5-811dbb60701a,0.0074870634800239064,Low,17.99,1.6163072640675606,Maintain engagement / loyalty rewards,Higher plan cost,Premium,High,Oceania,46,0
d13f6fc0-7d6e-4dce-9798-93a1c6162887,0.9961421324233676,High,13.99,167.23234119123495,Offer targeted discount / personalized content,Low recent activity,Standard,Low,Asia,51,1
8018cc4c-3924-46b3-8fc8-a31de1b42fc2,0.00872797047837423,Low,13.99,1.4652516839094658,Maintain engagement / loyalty rewards,Higher plan cost,Standard,Medium,Oceania,19,0
00108bd6-c0ee-42f0-8809-e5be2b6cd12a,0.9961381420084414,High,17.99,215.0463020967823,Offer targeted discount / personalized content,Low engagement,Premium,Low,North America,25,1
a7607adf-e66d-431e-ad89-61a216125690,0.9894902745909953,High,13.99,166.11562729833628,Offer targeted discount / personalized content,Higher plan cost,Standard,Low,Oceania,25,1
5a5cf094-cda6-4488-9171-9747ec590ad0,0.007893667230891369,Low,8.99,0.8515688208685608,Maintain engagement / loyalty rewards,Stable usage,Basic,High,North America,50,0
5254de27-f444-44d4-bc79-08efebefaa4b,0.9961396006062193,High,13.99,167.2319161497721,Offer targeted discount / personalized content,Low recent activity,Standard,Low,Europe,30,1
c6d7aa04-5235-4214-b413-8a53f966b119,0.008212513147723217,Low,17.99,1.772917338330488,Maintain engagement / loyalty rewards,Low recent activity,Premium,Low,South America,41,0
fde18152-cb7b-433c-98b4-cc7b6016b750,0.008531737514258963,Low,13.99,1.4323080938937947,Maintain engagement / loyalty rewards,Higher plan cost,Standard,Medium,Oceania,40,0
3155d3e9-2213-4d16-8587-5137a087ef3b,0.008803941450298645,Low,13.99,1.4780056906761365,Maintain engagement / loyalty rewards,Low recent activity,Standard,Low,North America,23,0
104484a9-8ace-4877-a90c-bf2c7e79be7b,0.007589742021476148,Low,8.99,0.8187813692768469,Maintain engagement / loyalty rewards,Stable usage,Basic,High,South America,28,0
65fcb9c7-6e5a-4058-86ee-93af0d7bd2fb,0.9959881371511585,High,8.99,107.44720023586699,Offer targeted discount / personalized content,Low recent activity,Basic,Low,South America,56,1
94b1c205-4fe9-431a-bba7-ca1d0d013436,0.0074885966648763,Low,17.99,1.6166382480134955,Maintain engagement / loyalty rewards,Higher plan cost,Premium,High,Asia,52,0
55725796-857e-4b59-b253-187bd5f07d1b,0.007487044943810542,Low,13.99,1.2569251051669137,Maintain engagement / loyalty rewards,Higher plan cost,Standard,High,Europe,40,0
d2f0f6e0-fa3c-4b50-97fd-a84f8b4707fe,0.9960783213651568,High,17.99,215.03338801631003,Offer targeted discount / personalized content,Low recent activity,Premium,Low,Asia,69,1
ddb275d9-4e72-4fa7-8ce6-d3d458a81cf3,0.9961420110594714,High,13.99,167.23232081666407,Offer targeted discount / personalized content,Low recent activity,Standard,Low,Asia,67,1
606adbe6-dd8a-4eb8-8ddf-baf3d62da553,0.007499005729373777,Low,8.99,0.8089927380848432,Maintain engagement / loyalty rewards,Stable usage,Basic,High,Oceania,63,0
c172eab0-fd92-44ea-aed5-4119fdf3d104,0.007490255399620116,Low,13.99,1.2574640764882252,Maintain engagement / loyalty rewards,Higher plan cost,Standard,High,South America,48,0
6e118d2b-80ba-4226-8a1a-cdacad3f4448,0.996141582065459,High,8.99,107.46375387322172,Offer targeted discount / personalized content,Low engagement,Basic,Low,Africa,27,1
ca6c9e3c-8993-450d-b1fb-49cc7afd440e,0.9961411469460177,High,17.99,215.0469508027063,Offer targeted discount / personalized content,Low engagement,Premium,Low,South America,18,1
e4e34065-9917-4bec-9673-b0f75e992985,0.0074979526072858045,Low,17.99,1.6186580088608595,Maintain engagement / loyalty rewards,Low recent activity,Premium,High,Africa,61,0
0512ed5b-de30-4681-8b7c-8f2aeaf80725,0.007495357130155705,Low,13.99,1.2583205550105399,Maintain engagement / loyalty rewards,Higher plan cost,Standard,High,Asia,24,0
1257021f-5cd1-4213-821c-e0a323d6e2ee,0.007515201109808535,Low,17.99,1.6223816155854665,Maintain engagement / loyalty rewards,Higher plan cost,Premium,Medium,Asia,60,0
9356ab66-a890-48cf-86d8-a569664d9b56,0.008054853051027272,Low,17.99,1.738881676655767,Maintain engagement / loyalty rewards,Higher plan cost,Premium,Medium,North America,19,0
3daa3b0c-08d0-4763-876b-dc2c86533963,0.007487323133935797,Low,17.99,1.6163633181540598,Maintain engagement / loyalty rewards,Higher plan cost,Premium,High,Africa,50,0
47366ae4-467f-4bec-b49d-a7f22b794f59,0.9957377439103385,High,17.99,214.95986415536385,Offer targeted discount / personalized content,Low recent activity,Premium,Low,North America,62,1
1b077aeb-57d0-438b-adab-48691727b847,0.007487071332425363,Low,13.99,1.25692953528757,Maintain engagement / loyalty rewards,Higher plan cost,Standard,High,North America,53,0
49725105-8575-4217-87f4-5733bd288d03,0.007487819374844075,Low,17.99,1.6164704466413389,Maintain engagement / loyalty rewards,Higher plan cost,Premium,High,South America,18,0
6b2ff669-1b0a-4f76-acfe-421153087710,0.007999421400752259,Low,13.99,1.3429428647582893,Maintain engagement / loyalty rewards,Higher plan cost,Standard,Medium,Oceania,52,0
a22669d5-6da6-4097-a4e4-4ff4655a0d38,0.9957978477180781,High,8.99,107.42667181182627,Offer targeted discount / personalized content,Low recent activity,Basic,Low,Asia,40,1
aef0ea56-6758-44c7-88b6-32d7ca0556ca,0.9961404703764298,High,17.99,215.04680474486366,Offer targeted discount / personalized content,Low engagement,Premium,Low,Oceania,51,1
fb963246-a793-4d70-a015-0402e3173f5a,0.9961414652413438,High,13.99,167.2322291847168,Offer targeted discount / personalized content,Low engagement,Standard,Low,North America,36,1
b1806254-48df-4ade-8024-ce14aab30781,0.008195789268550224,Low,13.99,1.3759091024042116,Maintain engagement / loyalty rewards,Low recent activity,Standard,Medium,Asia,30,0
cfce115a-0bc5-4aac-bf51-59898240c4a1,0.007487841189539507,Low,13.99,1.2570587788998924,Maintain engagement / loyalty rewards,Higher plan cost,Standard,High,North America,54,0
4c6ba635-f6a3-47b0-b165-d6654655de23,0.007496381422747491,Low,8.99,0.8087096278859993,Maintain engagement / loyalty rewards,Stable usage,Basic,High,Europe,31,0
5fe4f40a-4055-446d-8d46-e7cb6a540c72,0.0074870042805190344,Low,13.99,1.2569182786135356,Maintain engagement / loyalty rewards,Higher plan cost,Standard,High,Asia,26,0
266be772-0a13-4114-bd1b-dc40b0516ce2,0.007487105729242568,Low,13.99,1.2569353098252423,Maintain engagement / loyalty rewards,Higher plan cost,Standard,High,South America,30,0
fc9cfb2b-7e44-456d-ad56-cb91f2b276fb,0.007488797044008006,Low,8.99,0.8078914251075837,Maintain engagement / loyalty rewards,Stable usage,Basic,High,South America,67,0
1c1ef7b5-72cc-4aa6-95d8-7b26897e9a21,0.013578712502896412,Low,13.99,2.27959425498625,Maintain engagement / loyalty rewards,Higher plan cost,Standard,Medium,North America,60,0
baa40e1d-e279-4770-b5fa-1da71e3ab2e2,0.007581144369395855,Low,8.99,0.8178538545704248,Maintain engagement / loyalty rewards,Stable usage,Basic,High,North America,67,0
edd9b3d1-bdde-4f75-a7f9-8012744512ba,0.9961357922302904,High,8.99,107.46312926580373,Offer targeted discount / personalized content,Stable usage,Basic,Low,Europe,51,1
255dd7cf-6113-435a-a958-00f25e1987e5,0.007490197085960172,Low,13.99,1.2574542867909937,Maintain engagement / loyalty rewards,Higher plan cost,Standard,High,Africa,31,0
0fa1ce67-73cf-4d9b-a171-81ef2ba271fd,0.008450095489854221,Low,13.99,1.4186020308367266,Maintain engagement / loyalty rewards,Low recent activity,Standard,Low,Europe,70,0
23e2a122-9e50-41d8-a434-c25675765f79,0.007499549496865793,Low,8.99,0.8090513997218818,Maintain engagement / loyalty rewards,Stable usage,Basic,High,Asia,42,0
7ec26427-23a6-4cc3-a188-ac08968e6f3e,0.008158943048182567,Low,17.99,1.7613526252416527,Maintain engagement / loyalty rewards,Low recent activity,Premium,Low,South America,63,0
e012b536-8421-45de-a8ca-caab61d9b1e4,0.9961420353259884,High,8.99,107.46380277096762,Offer targeted discount / personalized content,Low recent activity,Basic,Low,North America,58,1
7069b89a-b443-4895-89a4-44b719c1e347,0.007487068398361632,Low,13.99,1.2569290427169508,Maintain engagement / loyalty rewards,Higher plan cost,Standard,High,Asia,28,0
1dcf08f8-357b-4740-98c1-bb768f842126,0.007504577794521855,Low,17.99,1.6200882542813777,Maintain engagement / loyalty rewards,Higher plan cost,Premium,High,Africa,67,0
9ffd0956-8b70-4483-ac93-63f2e5e101cc,0.007493041975921907,Low,13.99,1.2579318869177698,Maintain engagement / loyalty rewards,Higher plan cost,Standard,High,South America,21,0
bfbe5804-1dc1-452b-b92b-a483c5eeb76b,0.9959868984115771,High,17.99,215.0136516290912,Offer targeted discount / personalized content,Low engagement,Premium,Low,Africa,67,1
7bf23b3d-ab59-48e0-a558-db5c48b1a206,0.0074870208030112465,Low,13.99,1.256921052409528,Maintain engagement / loyalty rewards,Higher plan cost,Standard,High,Europe,64,0
02ec20f5-ed7f-4f0e-8c1c-e95b386c28b5,0.009093584962338313,Low,8.99,0.9810159457370573,Maintain engagement / loyalty rewards,Stable usage,Basic,High,North America,40,0
7954dfc1-63a1-4207-b3e0-4d55b73f564f,0.9936074824732805,High,8.99,107.1903752092175,Offer targeted discount / personalized content,Stable usage,Basic,Medium,Africa,20,1
48692c47-9278-4198-be47-f921a8ab8299,0.0074942471341083285,Low,13.99,1.2581342088741063,Maintain engagement / loyalty rewards,Low recent activity,Standard,High,Oceania,37,0
57a8fb5f-c293-4702-ad9e-71cbdb4aa6e8,0.9954930331264433,High,17.99,214.90703599133658,Offer targeted discount / personalized content,Low recent activity,Premium,Medium,Oceania,30,1
3fe822d8-7078-4018-a420-b4496d29ccf2,0.007991516554885687,Low,8.99,0.8621248059410679,Maintain engagement / loyalty rewards,Low recent activity,Basic,High,Africa,33,0
fcd90302-e7f6-4679-ac49-cffe71a7ee46,0.9961419525581914,High,17.99,215.04712471826235,Offer targeted discount / personalized content,Low engagement,Premium,Low,Oceania,54,1
aae4b13b-2247-4c8b-bdfd-f94dc5ac45e9,0.9961388951525489,High,17.99,215.04646468553227,Offer targeted discount / personalized content,Higher plan cost,Premium,Medium,Oceania,48,1
5d298906-96ce-4a2a-b1f1-8e7b18bbbd25,0.996137461694594,High,8.99,107.4633093676128,Offer targeted discount / personalized content,Low recent activity,Basic,Low,Europe,41,1
ba02bc00-8be5-478d-92ba-eb993ed9e571,0.0078056038565616475,Low,13.99,1.3104047754395693,Maintain engagement / loyalty rewards,Higher plan cost,Standard,Medium,South America,48,0
05f5d068-70f9-45f7-a440-2eca2e0af6df,0.008291204323923562,Low,13.99,1.3919273819002875,Maintain engagement / loyalty rewards,Higher plan cost,Standard,Medium,Oceania,57,0
f57d69c1-f51d-4ec3-b0f7-7cfcc5f49e3b,0.007491194595592797,Low,17.99,1.6171990892965726,Maintain engagement / loyalty rewards,Higher plan cost,Premium,High,North America,36,0
403d8e8c-bc7b-4d0a-8339-07365f767b62,0.9959894820542388,High,17.99,215.01420938586904,Offer targeted discount / personalized content,Higher plan cost,Premium,Medium,Europe,47,1
792136ad-a56c-4505-abf3-22d4b8fe35d9,0.010881453050252543,Low,13.99,1.8267783380763967,Maintain engagement / loyalty rewards,Low engagement,Standard,Low,Europe,57,0
82eb568e-1658-4648-8809-2a53fafc3dc7,0.9810365882651778,High,8.99,105.83422714204738,Offer targeted discount / personalized content,Stable usage,Basic,High,Oceania,39,1
8ff8e23b-ac00-4e86-9748-01556e3ecc32,0.9960667141464186,High,8.99,107.45567712211563,Offer targeted discount / personalized content,Low recent activity,Basic,Medium,Africa,48,1
5626606a-8708-469e-a1c9-d0d93478c2e1,0.007504976371193237,Low,8.99,0.8096368509243265,Maintain engagement / loyalty rewards,Stable usage,Basic,High,Oceania,41,0
b3b8b32a-3b18-4ef3-86ff-424d50eef43f,0.9961417300562962,High,13.99,167.232273641851,Offer targeted discount / personalized content,Low recent activity,Standard,Low,Europe,68,1
ee0c0189-40a6-4894-a64a-5c23b3f6b5a2,0.9961416848560269,High,13.99,167.23226605362981,Offer targeted discount / personalized content,Low recent activity,Standard,Low,Asia,48,1
d20a61c2-fa3d-4e57-8b09-3e19ade44d10,0.007633253269468421,Low,8.99,0.8234753627102532,Maintain engagement / loyalty rewards,Stable usage,Basic,High,Oceania,46,0
0301a4b5-7475-4b89-bac5-00093859216d,0.9961097035393198,High,13.99,167.22689703018102,Offer targeted discount / personalized content,Higher plan cost,Standard,Medium,Oceania,31,1
6236413f-44f4-4429-85ba-6ba5dbf37e89,0.9960944009876055,High,17.99,215.03685928520423,Offer targeted discount / personalized content,Higher plan cost,Premium,Medium,Asia,61,1
154ec30a-7a10-4161-9386-87abd5a14b98,0.9961362885837757,High,8.99,107.46318281241773,Offer targeted discount / personalized content,Stable usage,Basic,Low,Asia,38,1
88848d87-d7aa-4f30-85e6-af72905dd402,0.9960973889264375,High,8.99,107.45898631738407,Offer targeted discount / personalized content,Stable usage,Basic,Medium,Africa,40,1
e4768262-43e0-4321-929d-d7ac85194afa,0.00748705387700124,Low,17.99,1.6163051909670276,Maintain engagement / loyalty rewards,Higher plan cost,Premium,Medium,North America,31,0
fd0ebde2-f8c0-4963-a1af-402dd9fe9fb6,0.007885014020708838,Low,13.99,1.3237361537965997,Maintain engagement / loyalty rewards,Higher plan cost,Standard,Medium,South America,62,0
60d8375e-e90b-4db1-827d-29f59ee209a7,0.9956509930843185,High,17.99,214.94113638704266,Offer targeted discount / personalized content,Higher plan cost,Premium,Medium,Asia,66,1
dd57db1b-a539-458a-a190-1fa9d3961f20,0.007898500009789429,Low,17.99,1.7051281821133417,Maintain engagement / loyalty rewards,Higher plan cost,Premium,Medium,South America,20,0
54089806-c774-4d4b-b323-e5f2d42fbb5c,0.007491205293227543,Low,17.99,1.6172013987019618,Maintain engagement / loyalty rewards,Higher plan cost,Premium,High,Europe,68,0
f6c76b05-75ec-4bf4-a63d-e8eede4026c6,0.007774557100679126,Low,8.99,0.8387192200212641,Maintain engagement / loyalty rewards,Stable usage,Basic,High,South America,39,0
2d1781ac-2416-4df0-8681-e86766db1d33,0.9958303423781386,High,8.99,107.4301773357536,Offer targeted discount / personalized content,Stable usage,Basic,Medium,Asia,32,1
838bc2fe-a146-4520-97ba-0f710f7b1ea3,0.00749133030798748,Low,17.99,1.617228386888337,Maintain engagement / loyalty rewards,Higher plan cost,Premium,High,North America,51,0
38dde078-8a79-4e50-8d44-dad952e9ae22,0.007495581710776117,Low,8.99,0.8086233549585276,Maintain engagement / loyalty rewards,Stable usage,Basic,High,Africa,38,0
c0b4153b-d0b1-4974-90f4-28dbb8c88ff8,0.9961419620733485,High,8.99,107.46379486847283,Offer targeted discount / personalized content,Low recent activity,Basic,Low,Europe,57,1
b5c5a9ff-0db7-466e-b0cd-e2948bd83e94,0.9961415297385529,High,8.99,107.46374822819509,Offer targeted discount / personalized content,Low recent activity,Basic,Low,Europe,54,1
aeff1496-6b97-4258-870d-670cd28f4ada,0.008636055414102261,Low,13.99,1.4498209829194877,Maintain engagement / loyalty rewards,Low recent activity,Standard,Medium,Europe,55,0
c71e9898-65ce-47bd-918c-3ebdd3ffcac9,0.9958347409054624,High,17.99,214.98080386667124,Offer targeted discount / personalized content,Low recent activity,Premium,Medium,Africa,63,1
1f9e775f-0ade-4083-9cb5-11b1324985ec,0.008199623430167413,Low,17.99,1.7701347061045412,Maintain engagement / loyalty rewards,Higher plan cost,Premium,Low,Africa,18,0
a577834a-41c6-489f-9666-5eafe78530a5,0.007488268444802828,Low,13.99,1.2571305065134988,Maintain engagement / loyalty rewards,Higher plan cost,Standard,High,North America,40,0
796a5f77-018a-451d-abc9-46948b6456b2,0.007522893817442153,Low,8.99,0.8115697850256596,Maintain engagement / loyalty rewards,Stable usage,Basic,High,Africa,35,0
dc518d2a-a7f9-4120-8407-01ccb6efe5cb,0.9961416716734265,High,17.99,215.0470640808593,Offer targeted discount / personalized content,Low recent activity,Premium,Low,Oceania,47,1
49ff3afb-cb6c-4dfc-8468-530f9c0abfd6,0.007488740518899473,Low,13.99,1.2572097583128437,Maintain engagement / loyalty rewards,Higher plan cost,Standard,High,Africa,39,0
6c561eec-2d63-4ef6-9d9a-18c9c6f1bac1,0.0074923905227968325,Low,8.99,0.8082790895993223,Maintain engagement / loyalty rewards,Stable usage,Basic,High,South America,52,0
560576d9-5dd5-4ce5-9c25-319ce946f39e,0.007488708169671833,Low,8.99,0.8078818373441974,Maintain engagement / loyalty rewards,Stable usage,Basic,High,Africa,68,0
3ab879fb-d01a-4c51-b3f9-625d2c4e1860,0.0074942698439882435,Low,8.99,0.8084818307694518,Maintain engagement / loyalty rewards,Stable usage,Basic,High,Europe,47,0
ee70356f-8d7b-4674-bdc8-ee84bf93e296,0.9961408983976995,High,17.99,215.04689714609538,Offer targeted discount / personalized content,Low engagement,Premium,Low,Africa,45,1
d43ee357-4a11-411a-be89-1e938a2b03c5,0.00866288806749794,Low,17.99,1.870144276011455,Maintain engagement / loyalty rewards,Higher plan cost,Premium,Medium,Asia,18,0
950d7dad-d93e-43ae-ab6f-1e24d330f4b3,0.9961222887748405,High,13.99,167.22900983952022,Offer targeted discount / personalized content,Higher plan cost,Standard,Medium,Oceania,46,1
a085a33f-40ea-44f0-a592-3869a8fb76d6,0.9961160320116145,High,13.99,167.22795945410985,Offer targeted discount / personalized content,Low recent activity,Standard,Low,Oceania,44,1
f1bf566a-dde7-4e4f-8895-4e30277b67fe,0.9961418791299991,High,8.99,107.4637859205443,Offer targeted discount / personalized content,Low recent activity,Basic,Low,Europe,36,1
ff0381b1-21b5-4e1c-9f32-a33104814ce9,0.007487814148535149,Low,13.99,1.2570542392560808,Maintain engagement / loyalty rewards,Higher plan cost,Standard,High,South America,35,0
b02aafea-c911-43ca-8034-748cdba41d79,0.007489162060381918,Low,17.99,1.6167603055952484,Maintain engagement / loyalty rewards,Higher plan cost,Premium,High,North America,43,0
58d12b76-d7ee-481e-b9f8-6d8513ea063d,0.008423277493699952,Low,13.99,1.414099825642348,Maintain engagement / loyalty rewards,Higher plan cost,Standard,High,North America,57,0
08141b17-2f86-464f-ac79-eac660142aab,0.9956982580594073,High,13.99,167.1578235630133,Offer targeted discount / personalized content,Low recent activity,Standard,Low,Asia,58,1
1560ad96-084e-4aee-9acd-5e46ee8105e4,0.9961114211143496,High,8.99,107.46050010981605,Offer targeted discount / personalized content,Stable usage,Basic,Medium,Europe,65,1
0d26aff1-5dcd-4c72-8853-ac6efd34ca2a,0.007487083219775115,Low,17.99,1.616311525485052,Maintain engagement / loyalty rewards,Higher plan cost,Premium,High,Asia,22,0
84080a5b-af89-4c17-b1f8-6859842d4e5b,0.9961414845036337,High,8.99,107.463743348252,Offer targeted discount / personalized content,Stable usage,Basic,Medium,South America,68,1
c0d31bac-2ab7-4f02-a3b0-d9b5a0e1c03d,0.9961396621810644,High,8.99,107.46354675609324,Offer targeted discount / personalized content,Low engagement,Basic,Low,Africa,68,1
8196f9c1-0f8f-4a56-9eb3-baa2012b65d4,0.9961410821322362,High,17.99,215.04693681070714,Offer targeted discount / personalized content,Low recent activity,Premium,Low,Oceania,28,1
01e7ba0e-23f7-4c43-91c2-97ccea703e51,0.007547251617100377,Low,13.99,1.2670326014788114,Maintain engagement / loyalty rewards,Higher plan cost,Standard,High,Oceania,23,0
4fe787fa-8786-4d56-93d0-ed72f11b7241,0.007903900678062707,Low,13.99,1.3269068458331672,Maintain engagement / loyalty rewards,Higher plan cost,Standard,Medium,Oceania,51,0
a9284906-2f35-4b1c-85bb-7eb60338cc2d,0.996138807684494,High,13.99,167.23178303407286,Offer targeted discount / personalized content,Higher plan cost,Standard,Medium,North America,36,1
26b2ed27-68f5-4d21-a1f2-1cd87d048e06,0.007677677696642573,Low,17.99,1.6574570611511987,Maintain engagement / loyalty rewards,Higher plan cost,Premium,Medium,North America,68,0
92c683ff-034e-4bdd-8c27-d196a4676bed,0.9961420288674017,High,17.99,215.04714119189464,Offer targeted discount / personalized content,Low engagement,Premium,Low,Asia,25,1
64a5562b-1eeb-4de7-90d8-9eba0b1c09ff,0.9961396778241223,High,8.99,107.4635484436663,Offer targeted discount / personalized content,Low recent activity,Basic,Medium,North America,25,1
1524b909-0e45-44be-8e93-1855b614339c,0.19813037269506265,Low,17.99,42.772384857410124,Maintain engagement / loyalty rewards,Higher plan cost,Premium,Medium,South America,56,0
693f8ac0-ef10-4a05-9f43-07e089edab75,0.9911122200131548,High,13.99,166.38791949580843,Offer targeted discount / personalized content,Higher plan cost,Standard,Medium,South America,51,1
c31b9740-ad76-4178-9256-2c00a1c7290a,0.007502835001668273,Low,8.99,0.8094058399799734,Maintain engagement / loyalty rewards,Stable usage,Basic,High,South America,57,0
c7f1727b-e0a3-4f06-86ba-cc1a3dedfa85,0.007935477800743286,Low,13.99,1.3322080131887828,Maintain engagement / loyalty rewards,Higher plan cost,Standard,Medium,North America,24,0
f376f532-f75b-4c60-b56e-08527a7facca,0.9961418611067281,High,13.99,167.2322956425975,Offer targeted discount / personalized content,Low recent activity,Standard,Low,Europe,23,1
4a212db8-6b5d-4f86-96c6-027c1d4c5a60,0.007530325208637542,Low,17.99,1.6256466060406725,Maintain engagement / loyalty rewards,Higher plan cost,Premium,Medium,Europe,66,0
16993e91-870b-47d2-9098-b687b2f20336,0.008585227344633352,Low,17.99,1.8533788791594479,Maintain engagement / loyalty rewards,Higher plan cost,Premium,Medium,Europe,36,0
5b5ea547-92ab-40fa-8576-69d92d37557b,0.9961416253187002,High,8.99,107.46375853938139,Offer targeted discount / personalized content,Low recent activity,Basic,Low,North America,23,1
80545107-3bf0-4bad-8c8e-98950b1e8738,0.9961378319537963,High,17.99,215.04623516218555,Offer targeted discount / personalized content,Low recent activity,Premium,Medium,Oceania,69,1
0376ecc1-f7bd-41b0-bb41-719f1cdf0853,0.008203106988060777,Low,13.99,1.3771376011556433,Maintain engagement / loyalty rewards,Higher plan cost,Standard,Medium,Asia,21,0
e7aeeddd-1450-47d9-a18a-0e209f5af835,0.9959780956338287,High,17.99,215.01175128543093,Offer targeted discount / personalized content,Low recent activity,Premium,Medium,North America,27,1
19646dbb-a0c8-44c8-a262-169801a59f2f,0.00750708012194575,Low,17.99,1.6206284567256484,Maintain engagement / loyalty rewards,Higher plan cost,Premium,High,North America,58,0
ae7779f6-13a0-43e7-a356-45a7c3965e23,0.007752327197545726,Low,13.99,1.3014606899239767,Maintain engagement / loyalty rewards,Higher plan cost,Standard,Medium,North America,37,0
2dc2f017-c762-4922-8704-ed47a421afb6,0.007490311513171896,Low,17.99,1.6170084494635486,Maintain engagement / loyalty rewards,Higher plan cost,Premium,High,Europe,45,0
d34b78fd-e9fd-4af2-8185-ecad66520d4b,0.007492856798290243,Low,17.99,1.6175579256148973,Maintain engagement / loyalty rewards,Low recent activity,Premium,High,Europe,25,0
910ccab4-1c1a-4591-94c7-8399939f3480,0.996126588090474,High,17.99,215.04380783697155,Offer targeted discount / personalized content,Higher plan cost,Premium,Medium,Europe,58,1
cb2b7b7c-60aa-4222-a711-cb109e2aa2b8,0.9961303224318938,High,8.99,107.4625391839527,Offer targeted discount / personalized content,Low recent activity,Basic,Medium,Europe,64,1
a7b3553d-e719-4b4d-802d-33622723dd5d,0.007876981576349026,Low,13.99,1.3223876670374746,Maintain engagement / loyalty rewards,Low recent activity,Standard,Medium,Europe,19,0
d2f0f59a-fd2c-4f32-9da0-a09c7b877025,0.007487774972090718,Low,8.99,0.8077811639891468,Maintain engagement / loyalty rewards,Stable usage,Basic,High,Oceania,44,0
6e99dfd5-3046-4724-8933-41ed69d81932,0.9961419793734482,High,8.99,107.4637967348076,Offer targeted discount / personalized content,Low engagement,Basic,Low,North America,57,1
97bb6237-30a3-4795-b9dd-036113d4b3b3,0.9961414908843136,High,17.99,215.0470250521056,Offer targeted discount / personalized content,Low recent activity,Premium,Low,South America,26,1
efba9209-3221-4892-8d96-23146aef4424,0.996140518984598,High,8.99,107.46363918805844,Offer targeted discount / personalized content,Stable usage,Basic,Medium,South America,37,1
8eb5037d-cf60-465e-a7b6-fc940311b87b,0.9961421446591349,High,13.99,167.23234324537557,Offer targeted discount / personalized content,Low engagement,Standard,Low,Asia,63,1
a9aa274f-d581-457a-ad8e-94d886058ed8,0.007495873201156168,Low,8.99,0.8086548009407275,Maintain engagement / loyalty rewards,Stable usage,Basic,Medium,Asia,59,0
92ba884c-d467-4b97-aba0-7032878c1e03,0.6035661122835094,Medium,8.99,65.112712193145,Send re-engagement campaign,Stable usage,Basic,Medium,Oceania,65,1
0a8bc259-eb14-4cdf-8add-0d96ac8f1646,0.9961410522002291,High,17.99,215.04693034898543,Offer targeted discount / personalized content,Low engagement,Premium,Low,Africa,18,1
748be132-1b1e-4306-ba23-735a539d422e,0.007488331367809073,Low,8.99,0.8078411879592429,Maintain engagement / loyalty rewards,Stable usage,Basic,High,Europe,49,0
298435d0-1f7a-4dd4-b065-7801de7e23fd,0.9961211478824454,High,8.99,107.46154943355822,Offer targeted discount / personalized content,Stable usage,Basic,Medium,Europe,59,1
07bb46a2-c255-4133-8fec-c0b3ac944990,0.9961417781961199,High,17.99,215.04708707697836,Offer targeted discount / personalized content,Low recent activity,Premium,Low,North America,25,1
92c53048-5882-489d-856d-aa142eaf9d80,0.0075429425540563255,Low,8.99,0.8137326427315964,Maintain engagement / loyalty rewards,Stable usage,Basic,High,Oceania,25,0
8f16a933-2d0f-43f7-af59-63dba7b6db8d,0.9961173877366128,High,13.99,167.22818705322257,Offer targeted discount / personalized content,Higher plan cost,Standard,Medium,North America,48,1
a673ecc2-3f9e-49c8-a8a0-33518170fc75,0.9961417367825083,High,8.99,107.463770564097,Offer targeted discount / personalized content,Low recent activity,Basic,Low,North America,26,1
e4c0bdd0-8887-4794-83d0-90bcf550e7f8,0.9961420980771454,High,13.99,167.23233542519117,Offer targeted discount / personalized content,Low engagement,Standard,Low,North America,25,1
e1400ac9-2fdf-4207-8c65-82d322a55539,0.014535744071685374,Low,13.99,2.4402607147545408,Maintain engagement / loyalty rewards,Low engagement,Standard,Low,Europe,42,0
f6271f82-73c1-4c68-94f0-00a8c7ee3ec1,0.9961418881902484,High,8.99,107.463786897964,Offer targeted discount / personalized content,Low engagement,Basic,Low,South America,33,1
2af3f4c7-9797-4e72-b0e8-7005376ce267,0.996098663390413,High,13.99,167.22504360998252,Offer targeted discount / personalized content,Higher plan cost,Standard,Medium,Oceania,58,1
246e7b39-0755-4a0a-9d9b-dfe34ab133cb,0.007490761053650557,Low,17.99,1.617105496262082,Maintain engagement / loyalty rewards,Higher plan cost,Premium,High,Africa,66,0
9fb45fe7-6937-4239-8548-115936dfce77,0.9936905120852314,High,8.99,107.19933244375476,Offer targeted discount / personalized content,Stable usage,Basic,Medium,Europe,42,1
bae9ac0c-dcd5-429b-88df-2af895fc1f3e,0.0075085248561111585,Low,17.99,1.6209403459372766,Maintain engagement / loyalty rewards,Higher plan cost,Premium,Medium,North America,50,0
fbeabb4d-6f7e-4465-881f-bcb265b21ca0,0.007491563890592615,Low,8.99,0.8081899125171315,Maintain engagement / loyalty rewards,Stable usage,Basic,High,Europe,40,0
db369245-5a2d-4fd1-8463-4679d35d7cd2,0.007948808290965958,Low,17.99,1.715988733853731,Maintain engagement / loyalty rewards,Low recent activity,Premium,Medium,Africa,36,0
fbdfea76-1ced-4cf1-96dd-6c38e159ddbb,0.9961372804485832,High,17.99,215.04611610324014,Offer targeted discount / personalized content,Low engagement,Premium,Low,Asia,48,1
df1f5e40-48f8-4501-b220-53ba2a1001d3,0.9958880780356785,High,8.99,107.436405858489,Offer targeted discount / personalized content,Low recent activity,Basic,Medium,Oceania,60,1
fe420cef-9ccb-473e-9ae5-d7ca920ec4fc,0.9958383560257145,High,13.99,167.18134320959695,Offer targeted discount / personalized content,Higher plan cost,Standard,Medium,Oceania,42,1
9b8878c6-238f-44c8-9dfe-4676c66e11f7,0.008069218941037595,Low,13.99,1.3546604758213914,Maintain engagement / loyalty rewards,Higher plan cost,Standard,Medium,Asia,31,0
3cdcd810-39e5-4f28-989b-378a9b976a5d,0.007489334150551363,Low,13.99,1.257309417194563,Maintain engagement / loyalty rewards,Low recent activity,Standard,High,South America,34,0
c95f2368-372e-46c4-9f3d-1c82a301fd78,0.9961410583221634,High,8.99,107.46369737179499,Offer targeted discount / personalized content,Low recent activity,Basic,Low,Asia,21,1
c43449fd-4ad5-429d-89c4-74d268dcb6bc,0.9961306161591936,High,8.99,107.4625708712538,Offer targeted discount / personalized content,Stable usage,Basic,Medium,Europe,67,1
365dc778-c1e5-4ab8-8687-f9583f9308e1,0.007772294466192817,Low,13.99,1.3048127949844501,Maintain engagement / loyalty rewards,Higher plan cost,Standard,High,North America,30,0
639cda74-2249-449f-a7f2-64228302647b,0.007981550102349879,Low,17.99,1.723057036095292,Maintain engagement / loyalty rewards,Higher plan cost,Premium,Medium,North America,55,0
4fd24bc2-10ac-4a18-96cd-1f062ba5024c,0.9957460692813399,High,13.99,167.16585011095134,Offer targeted discount / personalized content,Higher plan cost,Standard,Medium,South America,20,1
7fa02534-0dd1-455f-84ac-dcbef3aa4168,0.008063515399716184,Low,17.99,1.7407517044907297,Maintain engagement / loyalty rewards,Higher plan cost,Premium,Medium,Africa,52,0
27fd0327-3305-449e-b4df-20aeb99d6ea2,0.9958924347073417,High,17.99,214.9932588046209,Offer targeted discount / personalized content,Higher plan cost,Premium,Medium,North America,45,1
66284077-a6c7-4460-9cc9-df93097a5fb5,0.9961367501506728,High,8.99,107.46323260625459,Offer targeted discount / personalized content,Low recent activity,Basic,Low,Europe,31,1
9f1d9e64-d5eb-4014-a291-033be9ad6031,0.0074885840526441524,Low,13.99,1.2571834907579005,Maintain engagement / loyalty rewards,Higher plan cost,Standard,High,Asia,68,0
81f9ef23-4a14-44ac-9c0d-8322b1588958,0.9961408007525204,High,8.99,107.46366958518189,Offer targeted discount / personalized content,Low recent activity,Basic,Low,Africa,44,1
fd89085e-0ec9-40aa-8b8b-b72b7ca501da,0.9961413690140827,High,17.99,215.04699874276014,Offer targeted discount / personalized content,Low recent activity,Premium,Low,South America,29,1
b3aa4ed8-5a94-461b-8446-d653fc705466,0.0074898387784058966,Low,13.99,1.257394134118782,Maintain engagement / loyalty rewards,Higher plan cost,Standard,High,Oceania,34,0
099bd55e-eb92-4b54-b33a-c148619d6148,0.007487092922012125,Low,17.99,1.6163136200039774,Maintain engagement / loyalty rewards,Higher plan cost,Premium,Medium,North America,35,0
90ad70cd-6152-4d45-a6a3-9289f33ed606,0.007487459207392093,Low,17.99,1.6163926936918052,Maintain engagement / loyalty rewards,Higher plan cost,Premium,Medium,Asia,49,0
1a69031e-2a84-46b5-a375-e94e60ab0bc7,0.9961386244803127,High,8.99,107.46343480893614,Offer targeted discount / personalized content,Stable usage,Basic,Medium,South America,54,1
065606ab-5f1f-428f-b2c5-c6da4baf9597,0.008951575386825575,Low,17.99,1.932466094507905,Maintain engagement / loyalty rewards,Low recent activity,Premium,Low,Africa,27,0
1660ae96-d64f-496c-91cb-bdac9b7722aa,0.9959277648436151,High,13.99,167.1963531619461,Offer targeted discount / personalized content,Low recent activity,Standard,Medium,Asia,44,1
eb8761bc-db4a-4e20-951a-e00522afcb18,0.9959769323322728,High,17.99,215.01150015189103,Offer targeted discount / personalized content,Low recent activity,Premium,Low,South America,50,1
c7d025b0-f633-4505-8793-1401f9c0f412,0.9961422436316398,High,8.99,107.46382524298132,Offer targeted discount / personalized content,Low engagement,Basic,Low,South America,49,1
4585284f-5848-44b3-83e5-aac36e6bfe1e,0.007489157150196856,Low,17.99,1.6167592455844972,Maintain engagement / loyalty rewards,Higher plan cost,Premium,High,Europe,32,0
ab1a4a62-5d67-4e91-bceb-bfd5cf9779c9,0.9953985513302526,High,8.99,107.38359571750765,Offer targeted discount / personalized content,Stable usage,Basic,High,North America,45,1
a29e03cc-8960-45b2-b2dd-608515080f08,0.0075100600843235055,Low,8.99,0.8101852818968198,Maintain engagement / loyalty rewards,Low recent activity,Basic,High,Asia,27,0
f0e1c2de-9251-4a9a-a28d-083519f93a99,0.0074989911012182334,Low,8.99,0.8089911599994231,Maintain engagement / loyalty rewards,Stable usage,Basic,High,Asia,43,0
b7da6db6-172a-4970-b38a-4a375cfa375b,0.007491079628601037,Low,17.99,1.6171742702223915,Maintain engagement / loyalty rewards,Low recent activity,Premium,Medium,North America,64,0
a9876912-824c-4e5a-846e-819e55d8269f,0.008019194521994639,Low,17.99,1.7311837134082024,Maintain engagement / loyalty rewards,Low recent activity,Premium,Medium,Africa,58,0
94f9f356-3b73-4a86-95d0-d27829bd0717,0.9956044874622002,High,17.99,214.93109675333974,Offer targeted discount / personalized content,Low engagement,Premium,Low,Europe,23,1
a1e0529c-84b2-4403-b3c1-6c64aa9e23cc,0.9961421490463156,High,8.99,107.46381503911653,Offer targeted discount / personalized content,Low recent activity,Basic,Low,Africa,21,1
2e278144-386b-48ff-9777-dbe15a249e13,0.996142026361482,High,13.99,167.2323233855656,Offer targeted discount / personalized content,Low engagement,Standard,Low,Oceania,44,1
5675244b-3663-4d14-9b6b-b076128889a5,0.9961409081912421,High,8.99,107.46368117567121,Offer targeted discount / personalized content,Low recent activity,Basic,Low,Asia,57,1
6b0cde7d-0f34-41bc-bc64-a3254a2d7561,0.00803066284758804,Low,17.99,1.7336594955373061,Maintain engagement / loyalty rewards,Higher plan cost,Premium,Medium,Africa,34,0
d3911e59-4ea8-4fa9-aeef-5bfb155c103b,0.9961412105451466,High,17.99,215.04696453248624,Offer targeted discount / personalized content,Low recent activity,Premium,Low,Oceania,63,1
8c796d6a-ee93-4640-b9a9-7556b5a1a07d,0.9958556738541346,High,17.99,214.98532287163056,Offer targeted discount / personalized content,Low recent activity,Premium,Low,Oceania,57,1
1241fd90-c3c5-4a10-a69b-708ba8b4633e,0.996138894231677,High,17.99,215.0464644867344,Offer targeted discount / personalized content,Low recent activity,Premium,Low,North America,56,1
eab99641-f7e9-4cba-a913-e1880044e640,0.9961371473722034,High,13.99,167.2315043008455,Offer targeted discount / personalized content,Low engagement,Standard,Low,North America,22,1
5acce646-5752-40e2-bc51-1c308240464e,0.9961266905773003,High,13.99,167.22974881411716,Offer targeted discount / personalized content,Higher plan cost,Standard,Medium,South America,63,1
b76c3506-251d-4836-a3f7-f3bb62d02ad1,0.9931813967513466,High,8.99,107.14440908153529,Offer targeted discount / personalized content,Stable usage,Basic,Medium,Europe,62,1
bbcb20f1-75b4-4393-95dd-6e2b65d5ff4f,0.011203685749509727,Low,17.99,2.4186516796041593,Maintain engagement / loyalty rewards,Low recent activity,Premium,Medium,Oceania,63,0
59cbff4b-2d9f-4539-b6d6-0d89eddde6bc,0.008281221152431672,Low,17.99,1.7877500223869491,Maintain engagement / loyalty rewards,Low engagement,Premium,Low,Oceania,21,0
d8f3a1ce-a034-4298-bdec-7a1edd116231,0.007487011524243009,Low,13.99,1.2569194946899165,Maintain engagement / loyalty rewards,Higher plan cost,Standard,High,South America,52,0
cd82c04b-852d-4e0c-8d5e-68645248bd6f,0.007495072774866246,Low,17.99,1.618036310638125,Maintain engagement / loyalty rewards,Higher plan cost,Premium,High,Europe,33,0
c3335df7-3db5-44c4-bc70-1b03ba03048a,0.9959902125235984,High,13.99,167.2068368784617,Offer targeted discount / personalized content,Higher plan cost,Standard,Medium,Europe,39,1
dbdbfa7c-7932-46fa-ad10-d53bbd798cf5,0.007494847808902405,Low,8.99,0.8085441816243915,Maintain engagement / loyalty rewards,Stable usage,Basic,High,Africa,48,0
f608833d-8f7e-4184-a3fc-665f57aba3b0,0.01496215123711012,Low,17.99,3.2300292090673324,Maintain engagement / loyalty rewards,Low recent activity,Premium,Medium,Asia,46,0
ef61f409-a614-4271-986a-5d40d27e053c,0.007491792948527695,Low,8.99,0.8082146232871678,Maintain engagement / loyalty rewards,Stable usage,Basic,High,Europe,25,0
aad6f51a-1c6f-46b7-aa7b-768352ed8d1c,0.9959291786413556,High,8.99,107.44083979182943,Offer targeted discount / personalized content,Low engagement,Basic,Low,North America,57,1
2723dca3-d1e9-4198-829f-f9ed1fb396b4,0.007489916456161164,Low,17.99,1.6169231645560718,Maintain engagement / loyalty rewards,Higher plan cost,Premium,High,Oceania,18,0
7984e2c6-c353-4a41-b094-e1dafb4edf8b,0.9961396191632998,High,8.99,107.4635421153368,Offer targeted discount / personalized content,Low recent activity,Basic,Medium,Africa,62,1
07dbcfe6-abc1-4d18-8461-eb3989c5462b,0.007488288393128868,Low,13.99,1.2571338554384743,Maintain engagement / loyalty rewards,Higher plan cost,Standard,High,South America,57,0
132aaf5f-1300-43ed-bae5-4887a7e7e6aa,0.007496478595220006,Low,8.99,0.8087201108523343,Maintain engagement / loyalty rewards,Stable usage,Basic,High,South America,54,0
08b55574-a0b5-45c8-abea-e84eb7b32975,0.9961323975446185,High,8.99,107.46276304711344,Offer targeted discount / personalized content,Stable usage,Basic,Medium,North America,38,1
09f04fe7-9954-4df3-9431-cd35713dbc1a,0.007490400210921866,Low,8.99,0.8080643747542511,Maintain engagement / loyalty rewards,Stable usage,Basic,High,North America,68,0
f078167b-f855-4987-bfda-6527e54e8d44,0.007489849422402504,Low,17.99,1.6169086933082524,Maintain engagement / loyalty rewards,Higher plan cost,Premium,High,Oceania,36,0
cabf84bd-b268-4013-af9d-cbe9ffc044af,0.9954504844300309,High,8.99,107.38919826031173,Offer targeted discount / personalized content,Stable usage,Basic,Medium,Asia,38,1
da313250-0337-4225-a411-b5b75ca190d9,0.9960663934189224,High,17.99,215.03081301127696,Offer targeted discount / personalized content,Higher plan cost,Premium,Medium,North America,40,1
a7cc0271-0b4c-4da5-869b-7b59ce57d0bd,0.996019571878995,High,13.99,167.21176572704567,Offer targeted discount / personalized content,Higher plan cost,Standard,Medium,Africa,54,1
cd0e79d8-3857-4dfb-b7f9-8d7106aa1fce,0.007497562918793249,Low,8.99,0.8088370876794158,Maintain engagement / loyalty rewards,Stable usage,Basic,High,Asia,59,0
954dcb74-100f-4ceb-8eed-376103cf5436,0.9961419209663367,High,8.99,107.4637904338484,Offer targeted discount / personalized content,Stable usage,Basic,Medium,Asia,46,1
a4c72480-839c-4b10-9139-e602b10215b8,0.007487948274162151,Low,17.99,1.6164982734261248,Maintain engagement / loyalty rewards,Higher plan cost,Premium,High,South America,65,0
06768e6d-9118-44cd-852c-32cce8bfe898,0.0074870029131299766,Low,13.99,1.2569180490562606,Maintain engagement / loyalty rewards,Higher plan cost,Standard,High,Africa,35,0
d0885607-812a-49f6-b5a4-dbc7a59549f4,0.007516938495518423,Low,13.99,1.261943634627633,Maintain engagement / loyalty rewards,Higher plan cost,Standard,Medium,Asia,22,0
4bc6206b-a4ee-4f43-a69f-13a03aa8adbe,0.00748925938165898,Low,8.99,0.8079413020933708,Maintain engagement / loyalty rewards,Stable usage,Basic,High,North America,53,0
6afbc377-c531-4b4b-ba2d-f616107bea3e,0.008076742820749461,Low,17.99,1.7436072401433935,Maintain engagement / loyalty rewards,Low recent activity,Premium,Medium,North America,18,0
e7069522-df6f-43e5-acd7-050d7c3f1fe3,0.007772032841867052,Low,8.99,0.8384469029806176,Maintain engagement / loyalty rewards,Stable usage,Basic,High,South America,22,0
9d8871fd-6726-4bdd-b846-4a19c7d197bc,0.9949759182978992,High,13.99,167.03655716385134,Offer targeted discount / personalized content,Low engagement,Standard,Low,South America,18,1
fd485b3c-f7bd-4eb2-a742-1d2431bcbb2a,0.007546044598913798,Low,8.99,0.8140672913308207,Maintain engagement / loyalty rewards,Stable usage,Basic,High,Asia,53,0
efb1d2d1-e437-4a9d-a0e4-6b1da652541e,0.9961422163239682,High,17.99,215.04718166001823,Offer targeted discount / personalized content,Low recent activity,Premium,Low,Oceania,47,1
d553a8df-d604-4a85-b7cc-c11980bd7ce2,0.00819268472205061,Low,8.99,0.8838268278148199,Maintain engagement / loyalty rewards,Stable usage,Basic,High,South America,69,0
7f73a9ec-fb82-4eb0-bc55-bff60ca0afc4,0.008133149111215949,Low,13.99,1.3653930727909334,Maintain engagement / loyalty rewards,Low recent activity,Standard,Medium,Africa,42,0
cd3e92be-8dbb-4f0f-a7b7-80be21d85db8,0.9960221010040078,High,17.99,215.0212511647452,Offer targeted discount / personalized content,Higher plan cost,Premium,Low,Europe,41,1
7843f07d-f2c8-4ebc-8dc1-9a25d28b8d28,0.00800956504996124,Low,17.99,1.7291049029856322,Maintain engagement / loyalty rewards,Low engagement,Premium,Low,South America,19,0
8b92d68f-3baa-431c-b556-472d9638ce45,0.007487855045029429,Low,8.99,0.8077898022577747,Maintain engagement / loyalty rewards,Stable usage,Basic,High,Oceania,45,0
6c580d81-de0f-4db3-b8dd-bd1ab10919e4,0.008648407505406991,Low,17.99,1.8670182122672612,Maintain engagement / loyalty rewards,Higher plan cost,Premium,Medium,Africa,41,0
3997f8f9-ed0e-4bda-94b0-6f06372c9506,0.0074895000252709915,Low,17.99,1.6168332654555018,Maintain engagement / loyalty rewards,Higher plan cost,Premium,High,Europe,25,0
8f556804-a1d0-41b1-930d-96be4a33e606,0.007494257465787762,Low,13.99,1.2581359433564496,Maintain engagement / loyalty rewards,Higher plan cost,Standard,High,Asia,23,0
369b918f-c741-4cd7-8f5a-74eaebb3ba16,0.9958263373070857,High,13.99,167.17932550711353,Offer targeted discount / personalized content,Low recent activity,Standard,Medium,North America,21,1
ebd6f9c6-f04e-402a-b3b5-e35e3d1752ca,0.9961404927998,High,8.99,107.46363636324244,Offer targeted discount / personalized content,Low recent activity,Basic,Low,Africa,29,1
d26a52b3-d9f5-4b5d-8aca-afa2484875ee,0.008128298244939094,Low,13.99,1.3645787093603752,Maintain engagement / loyalty rewards,Higher plan cost,Standard,Medium,South America,34,0
6a3430a2-4a88-41a8-beaf-fccdd1d45517,0.007486983049007244,Low,13.99,1.256914714267336,Maintain engagement / loyalty rewards,Higher plan cost,Standard,High,Oceania,36,0
03572a83-a989-4602-bb89-d6ed424bb61a,0.008612826968742403,Low,17.99,1.8593370860121097,Maintain engagement / loyalty rewards,Low recent activity,Premium,Medium,Oceania,35,0
a0338b15-ee5a-46b7-9ff5-6efb2eb8f5ab,0.007487121939844433,Low,13.99,1.2569380312610834,Maintain engagement / loyalty rewards,Higher plan cost,Standard,Medium,Europe,31,0
30d8cd44-a1a8-4ab7-87f1-99111c75cb6f,0.007487460536616036,Low,17.99,1.6163929806446697,Maintain engagement / loyalty rewards,Higher plan cost,Premium,High,Asia,57,0
4efe87f8-2bf7-48e1-85cf-5c1457df9d9d,0.013616468167146711,Low,8.99,1.4689445858717871,Maintain engagement / loyalty rewards,Stable usage,Basic,High,North America,46,0
0fc80a72-2d05-4c3c-8136-f544df2093c3,0.008566901105595865,Low,13.99,1.4382113576074338,Maintain engagement / loyalty rewards,Higher plan cost,Standard,Low,South America,26,0
5bde9c98-533b-4ba8-8d0d-aed2782d2684,0.9961416788632725,High,8.99,107.46376431576984,Offer targeted discount / personalized content,Low recent activity,Basic,Low,Africa,30,1
074974ed-7713-4edf-abcc-5e200bc8537d,0.008180551480318581,Low,17.99,1.766017453571175,Maintain engagement / loyalty rewards,Higher plan cost,Premium,Medium,Oceania,57,0
5bb7086d-a632-48c5-9b57-a2ff4dc934f8,0.9961419779015677,High,8.99,107.46379657602111,Offer targeted discount / personalized content,Low recent activity,Basic,Low,Asia,24,1
b48455fa-fbdf-4a42-aa4e-cbf8da5d9ee1,0.007491631195866386,Low,8.99,0.8081971734100658,Maintain engagement / loyalty rewards,Stable usage,Basic,High,Africa,20,0
fcd98704-3381-4da8-a9d0-85206456ca0b,0.9961411523674284,High,17.99,215.0469519730804,Offer targeted discount / personalized content,Low engagement,Premium,Low,Africa,22,1
03473cbb-116f-4f83-86c0-50d5889eff11,0.9961420799800838,High,8.99,107.46380758825143,Offer targeted discount / personalized content,Low engagement,Basic,Low,Africa,62,1
1cec8e1a-078f-4340-ba27-a583a615df39,0.9961415534293673,High,8.99,107.46375078396014,Offer targeted discount / personalized content,Low engagement,Basic,Low,North America,56,1
9a1b7476-d0e7-436f-ae1b-959aafbad559,0.9945551789582663,High,8.99,107.29261270601776,Offer targeted discount / personalized content,Stable usage,Basic,High,Africa,22,1
e8ba80fd-2a67-4540-bd98-b356fd9e2dd2,0.00748857930690904,Low,8.99,0.8078679356293473,Maintain engagement / loyalty rewards,Stable usage,Basic,High,North America,43,0
d5959062-3681-408a-a01a-53c7403a89be,0.0212144831734633,Low,13.99,3.561487435161019,Maintain engagement / loyalty rewards,Higher plan cost,Standard,Medium,Oceania,46,0
33fa6e25-f271-47d9-8a29-de91bc1af0d5,0.9960114766620262,High,13.99,167.21040670202098,Offer targeted discount / personalized content,Low engagement,Standard,Low,North America,38,1
cdfc45e7-7f97-429e-bb8b-09a7c29b9bd0,0.007494400439603903,Low,17.99,1.6178911669016904,Maintain engagement / loyalty rewards,Higher plan cost,Premium,High,North America,36,0
85a4f95c-60cc-4cb9-814d-d8f745f82325,0.9958685228543465,High,13.99,167.18640761678768,Offer targeted discount / personalized content,Higher plan cost,Standard,Medium,Europe,41,1
8388cf02-9398-4b74-b67b-56d7a074612e,0.9961420192942916,High,8.99,107.46380104146817,Offer targeted discount / personalized content,Low recent activity,Basic,Low,Oceania,39,1
ab956cd0-1819-451c-b8c1-d22b4b6796b2,0.007666950195217415,Low,8.99,0.8271105870600548,Maintain engagement / loyalty rewards,Stable usage,Basic,High,North America,31,0
5d77fa6c-4508-4088-9722-5a2902285a19,0.007487700609244509,Low,17.99,1.6164448075237046,Maintain engagement / loyalty rewards,Higher plan cost,Premium,High,Oceania,29,0
2312ef5d-8274-4e8c-90e6-0f5c3eadd031,0.9961419938364591,High,8.99,107.4637982950772,Offer targeted discount / personalized content,Stable usage,Basic,Medium,North America,33,1
5a7ab9d8-b064-4994-8477-3a606aad924c,0.007513284265203561,Low,13.99,1.2613301624423738,Maintain engagement / loyalty rewards,Higher plan cost,Standard,Medium,Oceania,30,0
3c779e4e-ccc4-4d72-b98e-a1757ac6797f,0.9961325899561098,High,8.99,107.46278380446513,Offer targeted discount / personalized content,Low recent activity,Basic,Low,Oceania,51,1
eca1d876-576b-4434-b47b-1bebd8f426d2,0.007491852728710823,Low,13.99,1.2577322360959728,Maintain engagement / loyalty rewards,Higher plan cost,Standard,High,Oceania,40,0
cb4b90e7-5dcc-4e06-92b4-2aeb4db98cdf,0.0074904533232007815,Low,17.99,1.6170390634125844,Maintain engagement / loyalty rewards,Low recent activity,Premium,High,Europe,36,0
08a14bb8-ab48-4170-bccf-ef04ab15c43a,0.0075577880709352206,Low,8.99,0.8153341770924916,Maintain engagement / loyalty rewards,Stable usage,Basic,High,North America,65,0
05eaae1b-e321-499c-be9b-b6599ad1a880,0.007490068188682401,Low,17.99,1.6169559205727566,Maintain engagement / loyalty rewards,Higher plan cost,Premium,High,North America,58,0
1a594ae9-af38-4c31-a00b-a1cf439139bc,0.9961421274789023,High,8.99,107.46381271242399,Offer targeted discount / personalized content,Low engagement,Basic,Low,Asia,43,1
ead812db-d371-4bc2-abb4-ca8c8471ca77,0.0074891594313756926,Low,8.99,0.8079305194568097,Maintain engagement / loyalty rewards,Stable usage,Basic,High,Asia,70,0
a3dfcf7d-3765-40d2-8a11-2111df14899b,0.0074971976543585965,Low,13.99,1.2586295422137213,Maintain engagement / loyalty rewards,Higher plan cost,Standard,High,Europe,49,0
46bdbd12-f628-49d0-850d-40ed37757cdc,0.008007681918120213,Low,13.99,1.3443296404140215,Maintain engagement / loyalty rewards,Higher plan cost,Standard,High,Oceania,30,0
7dca795d-ec1e-44b2-a87c-daa04461915a,0.007946622439619865,Low,8.99,0.8572816287861911,Maintain engagement / loyalty rewards,Stable usage,Basic,High,Asia,43,0
ea9dd8be-c392-42e1-8ccc-ace56b211966,0.9961419345675765,High,8.99,107.46379190115016,Offer targeted discount / personalized content,Low engagement,Basic,Low,North America,47,1
6d7cc8e5-2cc5-46a0-84c8-43c7f87daf9a,0.007489025121700353,Low,17.99,1.616730743272672,Maintain engagement / loyalty rewards,Higher plan cost,Premium,High,Africa,47,0
1b88d370-7853-4579-99af-dc942e3f248f,0.007488711583718041,Low,13.99,1.2572049006745847,Maintain engagement / loyalty rewards,Higher plan cost,Standard,High,Asia,51,0
b8c06b97-66a7-492f-9ee4-a115b51e9dcf,0.9958009029247632,High,17.99,214.97349892339784,Offer targeted discount / personalized content,Higher plan cost,Premium,Medium,North America,38,1
ee89f93f-b2ff-459e-93a2-ea8bfa7992f6,0.007488622152082137,Low,8.99,0.8078725577666209,Maintain engagement / loyalty rewards,Stable usage,Basic,High,Africa,48,0
4473c5da-f69b-4fd8-9a33-1838c1e09fc6,0.007631199686521942,Low,13.99,1.2811258033733037,Maintain engagement / loyalty rewards,Higher plan cost,Standard,Medium,Europe,28,0
6b31ebd3-0df5-4c2f-a137-a81d2c18e90a,0.996141618976955,High,13.99,167.2322549938512,Offer targeted discount / personalized content,Low recent activity,Standard,Low,Africa,32,1
cadbece8-fd1a-4fcf-a4f5-3dd2e6bdd969,0.007487630530590065,Low,17.99,1.616429678943783,Maintain engagement / loyalty rewards,Higher plan cost,Premium,High,South America,57,0
33a69d90-e90a-45af-a9ce-eda2a1ab0d7c,0.9955758920784887,High,13.99,167.1372807621367,Offer targeted discount / personalized content,Low recent activity,Standard,Low,South America,44,1
a59ad549-bbaa-4fee-9eb0-10d7e64b5e3b,0.008174286519605788,Low,13.99,1.3722992209114198,Maintain engagement / loyalty rewards,Higher plan cost,Standard,Medium,Africa,18,0
837a5bb7-7d0f-4315-8528-d5a30bf12108,0.9961415289579577,High,8.99,107.46374814398447,Offer targeted discount / personalized content,Low recent activity,Basic,Medium,Europe,18,1
396f6900-f042-44d8-be21-0b167b912ff9,0.9961125317595542,High,13.99,167.22737183179396,Offer targeted discount / personalized content,Higher plan cost,Standard,Medium,Oceania,21,1
c8fb5434-5cc6-4b80-85f4-3bcd5205a7a8,0.8014909837020069,High,17.99,173.0258735615892,Offer targeted discount / personalized content,Higher plan cost,Premium,Medium,Europe,29,1
59512720-e88a-468c-adda-27695b946960,0.007507519010056278,Low,17.99,1.620723203890949,Maintain engagement / loyalty rewards,Higher plan cost,Premium,High,Africa,63,0
7b7aa94d-7978-405d-874b-593805447b56,0.007578818139112256,Low,8.99,0.8176029008474301,Maintain engagement / loyalty rewards,Stable usage,Basic,High,Africa,64,0
8134248c-be39-48b8-ae98-f9e508dbb240,0.007490450208274234,Low,17.99,1.6170383909622412,Maintain engagement / loyalty rewards,Higher plan cost,Premium,High,Africa,21,0
c86981de-a762-42d2-8576-c52e61cf46b6,0.9955955902133606,High,8.99,107.40485227221734,Offer targeted discount / personalized content,Low recent activity,Basic,Low,Europe,50,1
435e0df1-9dc6-4dbc-8a22-d98d9287743f,0.00749674350992322,Low,13.99,1.2585533004459102,Maintain engagement / loyalty rewards,Higher plan cost,Standard,High,North America,23,0
4e273869-ee28-46a6-b32d-41c1b291af1e,0.007506295065182656,Low,13.99,1.2601568155428644,Maintain engagement / loyalty rewards,Higher plan cost,Standard,High,Africa,65,0
c93b183b-6934-4630-b9b9-727cf3a44d9f,0.007491285357445617,Low,13.99,1.2576369858079701,Maintain engagement / loyalty rewards,Higher plan cost,Standard,High,North America,49,0
984f7f4a-0e12-47d7-8f25-00433e9a81ab,0.9959369918468253,High,13.99,167.19790219124502,Offer targeted discount / personalized content,Low engagement,Standard,Low,Oceania,29,1
2c7ccf0f-852f-4359-a5bf-1e15605d2411,0.008353605861347773,Low,8.99,0.9011870003221978,Maintain engagement / loyalty rewards,Stable usage,Basic,High,South America,55,0
e0203e9a-2724-4032-b679-6c33795c4d13,0.008484327658934216,Low,17.99,1.8315966550107186,Maintain engagement / loyalty rewards,Low engagement,Premium,Low,North America,63,0
b2976ddf-b2bb-4870-8fcf-2377c119d2cd,0.9961382751529302,High,17.99,215.04633084001455,Offer targeted discount / personalized content,Low engagement,Premium,Low,Asia,66,1
4b4e57f2-0dce-4598-885f-71fa5662cf0e,0.9961420773878544,High,8.99,107.46380730860174,Offer targeted discount / personalized content,Low recent activity,Basic,Low,Oceania,24,1
521d1f0d-3f5f-438f-8c6d-6c9aab0299af,0.052037823256645174,Low,8.99,5.613840372926882,Maintain engagement / loyalty rewards,Stable usage,Basic,Medium,Africa,22,0
c8a08658-20ab-4f89-a0e7-3f614340eb78,0.007487624517435905,Low,17.99,1.616428380824063,Maintain engagement / loyalty rewards,Higher plan cost,Premium,High,Oceania,34,0
b010be93-76b2-4b4d-bdbc-a420fc96aeaf,0.007487260025658485,Low,17.99,1.6163496943391535,Maintain engagement / loyalty rewards,Higher plan cost,Premium,Medium,Asia,64,0
7e4e462c-f211-4671-b964-ee732464853e,0.9961420236540338,High,8.99,107.46380151179717,Offer targeted discount / personalized content,Low engagement,Basic,Low,North America,67,1
35cdcfe1-c48a-43b6-8533-8f70aa35c713,0.996140209476402,High,13.99,167.2320183668984,Offer targeted discount / personalized content,Low recent activity,Standard,Low,Europe,38,1
1df5b1e8-8112-471d-80aa-74af1982324f,0.9961411749396951,High,8.99,107.46370995249431,Offer targeted discount / personalized content,Low recent activity,Basic,Low,Europe,57,1
eb295874-e3cf-4c03-8fcc-0d20f7002487,0.9961421709291699,High,8.99,107.46381739983886,Offer targeted discount / personalized content,Low recent activity,Basic,Low,South America,31,1
b46fb518-339f-4c79-a429-f00e662c7085,0.00878031442190769,Low,8.99,0.9472203198354017,Maintain engagement / loyalty rewards,Stable usage,Basic,High,Oceania,43,0
d6b8270f-7185-40df-9965-535dc995fafb,0.9961409254014558,High,17.99,215.04690297566626,Offer targeted discount / personalized content,Low recent activity,Premium,Low,Oceania,69,1
5f8bdd64-2a4f-404d-9cdc-a1ada06cafe8,0.9961338463198665,High,8.99,107.46291934098718,Offer targeted discount / personalized content,Stable usage,Basic,Medium,Asia,55,1
cb5d5d80-7f94-421c-a76a-fb560beeb1ba,0.007487156327949783,Low,13.99,1.2569438043362096,Maintain engagement / loyalty rewards,Higher plan cost,Standard,High,South America,43,0
1de5ede5-f00c-473f-9a4c-adb67defa9a2,0.007491808530955957,Low,17.99,1.6173316256627719,Maintain engagement / loyalty rewards,Higher plan cost,Premium,High,Asia,46,0
31cd336c-f793-4bec-bc4c-039d941c2490,0.0074870154197028095,Low,17.99,1.6162968888054425,Maintain engagement / loyalty rewards,Higher plan cost,Premium,High,Europe,60,0
29208590-743a-425b-9077-67234e055f13,0.007490441426302066,Low,17.99,1.61703649511009,Maintain engagement / loyalty rewards,Higher plan cost,Premium,High,Oceania,32,0
3db1dae5-386e-4bcd-8696-37840c900ccf,0.9961419554715498,High,8.99,107.46379415627081,Offer targeted discount / personalized content,Stable usage,Basic,Medium,Oceania,42,1
7ba75cd9-df14-4e14-a22c-3ddc259ef325,0.00748762767322628,Low,13.99,1.257022933781228,Maintain engagement / loyalty rewards,Higher plan cost,Standard,High,North America,32,0
8109f1c7-ba4f-46ec-b3c5-46243b944811,0.007487010748078668,Low,13.99,1.2569193643874468,Maintain engagement / loyalty rewards,Higher plan cost,Standard,High,Africa,35,0
06465985-0b74-4942-bae3-5d65186df92b,0.9961303830112357,High,8.99,107.4625457192521,Offer targeted discount / personalized content,Stable usage,Basic,Medium,Oceania,60,1
ca45e25e-8bdd-4799-8c0c-2eccdcb6bbf2,0.9961406487347995,High,13.99,167.23209210959814,Offer targeted discount / personalized content,Low engagement,Standard,Low,South America,68,1
b2b6a0a2-6478-467c-b4f6-901fde495cec,0.00749276958723515,Low,13.99,1.257886158305037,Maintain engagement / loyalty rewards,Higher plan cost,Standard,High,North America,43,0
9181fa02-7760-4f1e-a008-1a54d063fb9b,0.9960185648469186,High,13.99,167.2115966665007,Offer targeted discount / personalized content,Low recent activity,Standard,Medium,South America,64,1
bb097e87-3e4e-40ad-b791-cd342f7ad67b,0.9957785190946801,High,8.99,107.42458663993409,Offer targeted discount / personalized content,Stable usage,Basic,Medium,South America,56,1
1c813952-7e02-4264-a834-416e29ccb810,0.007487045177684437,Low,17.99,1.616303312958516,Maintain engagement / loyalty rewards,Higher plan cost,Premium,High,North America,56,0
f4d7fadf-5c3b-41d9-b4fb-f6df2bfaaa2d,0.9960116689982328,High,17.99,215.0189991033385,Offer targeted discount / personalized content,Higher plan cost,Premium,Medium,Africa,57,1
7b2aae74-2b75-4973-93ec-b657bff5a9a1,0.007486995192332746,Low,13.99,1.2569167528888214,Maintain engagement / loyalty rewards,Higher plan cost,Standard,High,Africa,38,0
09263d5f-674e-482d-a8c0-324762193672,0.007487023533168091,Low,17.99,1.6162986403403274,Maintain engagement / loyalty rewards,Higher plan cost,Premium,High,Asia,35,0
3dd65018-61b5-4329-a9cc-bac8c15a6b25,0.9961414188717053,High,8.99,107.46373626787957,Offer targeted discount / personalized content,Low recent activity,Basic,Medium,Asia,35,1
516e93d4-bbed-4673-9afd-e3e853754100,0.007517267413789925,Low,13.99,1.2619988534270528,Maintain engagement / loyalty rewards,Higher plan cost,Standard,Medium,Africa,58,0
42466881-a58b-4057-a0ea-615af204f9a6,0.9961420204917386,High,8.99,107.46380117064876,Offer targeted discount / personalized content,Stable usage,Basic,Medium,North America,38,1
6dde2c86-7593-4d49-aee0-38ae33b01060,0.9961345009236389,High,13.99,167.2310600150605,Offer targeted discount / personalized content,Higher plan cost,Standard,Medium,North America,69,1
1a0feffc-117c-4e7c-a2cf-8c2c3548f658,0.9961386923230137,High,8.99,107.46344212780673,Offer targeted discount / personalized content,Low recent activity,Basic,Medium,Europe,47,1
a0acfed2-3ecb-4404-a39e-2fc473381219,0.009460380080116612,Low,17.99,2.042306851695574,Maintain engagement / loyalty rewards,Higher plan cost,Premium,Medium,Europe,49,0
3cef2ed3-dfec-427e-ba70-5d08fa92a631,0.9961072291764894,High,13.99,167.22648163414905,Offer targeted discount / personalized content,Higher plan cost,Standard,Medium,Africa,26,1
25c3f6c6-d0d4-4135-b2e8-67e3d423fa2d,0.007500096168996681,Low,17.99,1.6191207609630034,Maintain engagement / loyalty rewards,Higher plan cost,Premium,High,South America,28,0
fa6410af-b085-4a71-9789-00ccefdeb848,0.9959837591184778,High,13.99,167.20575348081005,Offer targeted discount / personalized content,Low recent activity,Standard,Medium,Europe,36,1
ea172916-31b9-429f-b590-a746507bb20e,0.9961419888816728,High,17.99,215.0471325597755,Offer targeted discount / personalized content,Low engagement,Premium,Low,Europe,28,1
b36b2e7d-ddd2-41ee-8a2f-00154f07b184,0.007509942426083893,Low,17.99,1.6212463709429907,Maintain engagement / loyalty rewards,Higher plan cost,Premium,Medium,Oceania,24,0
1b82995d-cc3f-4f27-a87f-2dd1b6c9fc2e,0.00748781452791634,Low,17.99,1.6164694002865794,Maintain engagement / loyalty rewards,Higher plan cost,Premium,High,Asia,59,0
eb0149c4-6c4f-4467-92f1-32a3745766f7,0.996142142921892,High,8.99,107.4638143784137,Offer targeted discount / personalized content,Low recent activity,Basic,Low,South America,69,1
eb6c6692-bbc5-40f1-b191-88b47869c368,0.007487485932893684,Low,17.99,1.6163984631930886,Maintain engagement / loyalty rewards,Higher plan cost,Premium,High,Asia,46,0
181aa143-101d-4965-9ab4-80edcaedd194,0.007528858553543784,Low,13.99,1.2639447739689305,Maintain engagement / loyalty rewards,Low recent activity,Standard,High,North America,62,0
0066a45e-d10f-4519-9e4a-15e32388ad00,0.9959939928748526,High,13.99,167.20747152383024,Offer targeted discount / personalized content,Low engagement,Standard,Low,Africa,60,1
41750832-10d6-4ce6-ae6c-494a1d849b0a,0.9961420975995091,High,13.99,167.2323353450056,Offer targeted discount / personalized content,Low engagement,Standard,Low,South America,33,1
e55e1e83-d28d-4691-a909-185781512ae0,0.007486999592857613,Low,17.99,1.6162934721061015,Maintain engagement / loyalty rewards,Higher plan cost,Premium,High,Oceania,51,0
1ad376c4-db63-48e2-92ea-1f2f94d583ce,0.99606374453999,High,8.99,107.45535676097413,Offer targeted discount / personalized content,Low engagement,Basic,Low,Oceania,32,1
79d11806-228a-4fab-8270-a7d65c9cecf7,0.9958383272694322,High,13.99,167.18133838199228,Offer targeted discount / personalized content,Low recent activity,Standard,Medium,Asia,40,1
b69ffd1c-443e-47a7-ac67-b304ee8ece03,0.007558798443031303,Low,17.99,1.6317934078815977,Maintain engagement / loyalty rewards,Higher plan cost,Premium,Medium,Asia,62,0
cff04a7a-b133-49e2-9a12-16c9c89c1a7a,0.007489298822561573,Low,17.99,1.6167898298145924,Maintain engagement / loyalty rewards,Higher plan cost,Premium,High,Oceania,56,0
2d6e45f9-c626-4f26-b7ca-7fbea55a3773,0.9957990593501078,High,17.99,214.97310093250124,Offer targeted discount / personalized content,Low recent activity,Premium,Medium,Europe,22,1
78a91b6f-0e0a-4432-b7cf-170f0d378356,0.0074888797757204795,Low,13.99,1.2572331367479541,Maintain engagement / loyalty rewards,Higher plan cost,Standard,High,Africa,31,0
ce4be12e-c15f-46e0-8026-f3e4935d04b4,0.007859850475863165,Low,17.99,1.6967845207293397,Maintain engagement / loyalty rewards,Higher plan cost,Premium,Medium,Asia,60,0
1c8ec967-8010-404b-b7d6-767a09e543bc,0.9895118767537687,High,8.99,106.74854126419658,Offer targeted discount / personalized content,Stable usage,Basic,Medium,Asia,64,1
a35353ba-7e5d-4a4e-b1e2-851b4ce3ed64,0.995813215654356,High,8.99,107.42832970479192,Offer targeted discount / personalized content,Stable usage,Basic,Medium,Africa,53,1
ab117f6f-73fc-4211-b264-db6211bd97f3,0.008003278234559914,Low,13.99,1.3435903500179183,Maintain engagement / loyalty rewards,Low recent activity,Standard,Medium,Europe,21,0
a060eae1-66cc-4f52-9aef-d512ccc77f47,0.007487605558082408,Low,13.99,1.2570192210908746,Maintain engagement / loyalty rewards,Higher plan cost,Standard,High,Europe,45,0
1663f5da-a60e-41d7-a9ae-5704f4c7a196,0.9959187578568178,High,8.99,107.43971559759352,Offer targeted discount / personalized content,Stable usage,Basic,Medium,Oceania,37,1
24be0465-3bee-4952-bc5b-8b0227a6baaa,0.007498663044632097,Low,8.99,0.8089557692549106,Maintain engagement / loyalty rewards,Stable usage,Basic,High,Asia,18,0
a952d34f-2ec1-4daf-9ee0-9c06351caa91,0.9961420324301467,High,8.99,107.46380245856423,Offer targeted discount / personalized content,Low recent activity,Basic,Low,Africa,28,1
f7b5a5d9-ce05-4088-8839-e0ee991872ec,0.007497662383959891,Low,8.99,0.808847817981593,Maintain engagement / loyalty rewards,Stable usage,Basic,High,North America,38,0
8f38ef25-91a6-42e2-947f-9d9d094a2d0d,0.9961420307177076,High,8.99,107.46380227382629,Offer targeted discount / personalized content,Low recent activity,Basic,Low,Europe,54,1
2756a817-e711-4a26-b146-2e793e01d065,0.007488983548452078,Low,13.99,1.2572505581141349,Maintain engagement / loyalty rewards,Higher plan cost,Standard,High,Africa,36,0
f1bbc7ec-707d-4d01-b7fc-ceb06bd4de36,0.007493165985635814,Low,13.99,1.2579527056685404,Maintain engagement / loyalty rewards,Higher plan cost,Standard,High,North America,61,0
4b488ecd-4021-414b-9e79-052a51e982e6,0.0074892274791892146,Low,17.99,1.6167744282073673,Maintain engagement / loyalty rewards,Higher plan cost,Premium,High,Asia,65,0
2919e65b-e387-49f7-8afa-26b4cb2f5d35,0.9959518810332193,High,13.99,167.20040178785686,Offer targeted discount / personalized content,Low recent activity,Standard,Medium,Oceania,25,1
abe07eca-d0df-4a23-8b09-738a81049742,0.01436252886443164,Low,8.99,1.5494296138948855,Maintain engagement / loyalty rewards,Stable usage,Basic,High,North America,37,1
03e076ee-865e-440a-bf29-41053d4f0b3b,0.996141003347015,High,17.99,215.0469198025536,Offer targeted discount / personalized content,Low recent activity,Premium,Low,Oceania,59,1
37cfcd56-9185-4c3d-8049-8ac6b15e6cbb,0.9961413635325174,High,8.99,107.46373029788796,Offer targeted discount / personalized content,Low recent activity,Basic,Low,Oceania,64,1
7e65ef60-0906-4e1e-9b54-b8d89cefddae,0.00750881367957851,Low,8.99,0.8100508197529297,Maintain engagement / loyalty rewards,Stable usage,Basic,High,North America,44,0
5c619083-1760-4a87-a00a-3ca15ffccf0c,0.9961382184251433,High,17.99,215.04631859361993,Offer targeted discount / personalized content,Low engagement,Premium,Low,North America,21,1
4d396fff-770c-4879-ab7d-562cd5347d99,0.9961406637631114,High,13.99,167.23209463255114,Offer targeted discount / personalized content,Low engagement,Standard,Low,Oceania,31,1
e1c24850-9ba6-4b3c-b64c-b3dc0e49a8f0,0.9961369515865245,High,8.99,107.46325433715425,Offer targeted discount / personalized content,Stable usage,Basic,Medium,Asia,46,1
80ae474f-2e01-4732-a930-00d3e2cd07ba,0.007524500004270624,Low,17.99,1.6243890609219422,Maintain engagement / loyalty rewards,Higher plan cost,Premium,High,Asia,32,0
e9c0e33c-d11c-49fe-8c0a-7cd7c19bccb6,0.9961421659352896,High,8.99,107.46381686109903,Offer targeted discount / personalized content,Low recent activity,Basic,Low,Asia,20,1
eb61a935-8dbb-40cc-83eb-a4b86a1c5f82,0.9961344383172449,High,8.99,107.46298320566439,Offer targeted discount / personalized content,Low engagement,Basic,Low,Oceania,49,1
6ef75419-014d-484f-b0b5-ad892dc6355a,0.9961419731353158,High,8.99,107.46379606183788,Offer targeted discount / personalized content,Low recent activity,Basic,Low,Europe,18,1
78881b37-93a3-40e3-af3f-0ed648260308,0.007488059035703823,Low,17.99,1.6165221846277409,Maintain engagement / loyalty rewards,Higher plan cost,Premium,High,South America,65,0
3e5ca0e8-0ee4-442c-a7d5-42e317f42e32,0.9961407154868477,High,13.99,167.232103315932,Offer targeted discount / personalized content,Low recent activity,Standard,Low,Africa,28,1
1ef03e82-e34c-4c29-b256-b321b3a5ce99,0.9958181240226012,High,17.99,214.97721661399913,Offer targeted discount / personalized content,Low engagement,Premium,Low,Asia,62,1
74321b67-ea33-4478-a9a2-a5d32e6eab48,0.9959023293116938,High,13.99,167.19208304484715,Offer targeted discount / personalized content,Low recent activity,Standard,Medium,Asia,22,1
5a8ba2fb-5253-47fd-8008-44384430edf1,0.9958536379338975,High,17.99,214.98488335716976,Offer targeted discount / personalized content,Low recent activity,Premium,Medium,Africa,29,1
ba7257d0-99c8-4c55-a657-6537eb677dfb,0.008645634835640487,Low,13.99,1.451429176207325,Maintain engagement / loyalty rewards,Low engagement,Standard,Low,Asia,37,0
fa287c41-72cd-40a9-82b6-1fc0737ab235,0.008503852123512673,Low,13.99,1.4276266944953075,Maintain engagement / loyalty rewards,Higher plan cost,Standard,Medium,Europe,34,0
09054f5f-12f8-4050-a4a3-0200272daaa0,0.00751800857686023,Low,8.99,0.8110427652716816,Maintain engagement / loyalty rewards,Stable usage,Basic,High,Oceania,60,0
900d8e75-3067-4dfb-8193-9f2a21e0678e,0.9961420932863346,High,8.99,107.46380902372977,Offer targeted discount / personalized content,Low recent activity,Basic,Low,Europe,57,1
e158767d-d404-4c70-9ab1-df830be9d0d7,0.007520593657906087,Low,8.99,0.8113216438149087,Maintain engagement / loyalty rewards,Stable usage,Basic,High,South America,33,0
804256f3-09b1-43a2-9e9b-2e12ed16cffe,0.00749507982501779,Low,13.99,1.2582740010239866,Maintain engagement / loyalty rewards,Higher plan cost,Standard,High,North America,26,0
210b9c3e-61bd-419b-842d-72ed78d38e9e,0.007487011242606231,Low,13.99,1.2569194474087342,Maintain engagement / loyalty rewards,Higher plan cost,Standard,High,Europe,28,0
5ab5431d-4185-4b4f-be21-4183473aa0a9,0.9957140022646238,High,17.99,214.954738808887,Offer targeted discount / personalized content,Higher plan cost,Premium,Medium,South America,53,1
eb0d1e13-35b7-472c-a39c-c5211ebb80e4,0.9961403027506405,High,8.99,107.46361586073911,Offer targeted discount / personalized content,Stable usage,Basic,Medium,Africa,45,1
83f21fb5-7cfa-45e9-875e-819c773032fb,0.007636498596418126,Low,8.99,0.8238254685815873,Maintain engagement / loyalty rewards,Stable usage,Basic,High,South America,62,0
33bca94a-0b75-4ad7-b4fe-db44cfdd6992,0.9961197694386306,High,13.99,167.22858689335732,Offer targeted discount / personalized content,Low engagement,Standard,Low,Africa,28,1
ac790561-30ba-49da-b38b-56e3f1d6898d,0.007487385534381363,Low,17.99,1.6163767891622483,Maintain engagement / loyalty rewards,Higher plan cost,Premium,High,Africa,53,0
1b49ab1b-80c6-48a5-8fa2-99155b0d743d,0.996142040241026,High,8.99,107.46380330120189,Offer targeted discount / personalized content,Low recent activity,Basic,Low,South America,20,1
2053f03c-0aff-41b0-be01-b4b81f0b1c6b,0.996135152806722,High,13.99,167.2311694531925,Offer targeted discount / personalized content,Higher plan cost,Standard,Medium,Oceania,59,1
77b85c42-c67d-4876-b26b-6ab89ed8bbaf,0.9961412328681627,High,8.99,107.46371620181739,Offer targeted discount / personalized content,Low recent activity,Basic,Low,Europe,66,1
6b608954-fb0e-409e-bb61-f6b97fea7fb5,0.007681785461037259,Low,8.99,0.8287110155366995,Maintain engagement / loyalty rewards,Stable usage,Basic,Medium,South America,41,0
7fc041a7-0fd1-44e9-b505-6dd1e752a78c,0.007488096181047845,Low,8.99,0.8078158160114415,Maintain engagement / loyalty rewards,Stable usage,Basic,High,Europe,51,0
cd3d65e9-6653-4206-8809-0665721a1af5,0.007489929548970567,Low,13.99,1.2574093726811788,Maintain engagement / loyalty rewards,Higher plan cost,Standard,High,Oceania,29,0
d7fbf7d7-9302-402c-a84e-d8303dedc8cd,0.9961339345889755,High,17.99,215.045393799068,Offer targeted discount / personalized content,Higher plan cost,Premium,Medium,North America,58,1
4715e1c8-4447-49fb-aaf6-d1f7cdc5a4a3,0.007486984219822031,Low,13.99,1.2569149108237225,Maintain engagement / loyalty rewards,Higher plan cost,Standard,High,Africa,28,0
e6d043fa-2dd1-45d0-876c-a7c704f2ce1f,0.007487056356084895,Low,17.99,1.616305726151607,Maintain engagement / loyalty rewards,Higher plan cost,Premium,High,North America,29,0
84e37d64-6055-4386-ba92-21d96a511b3b,0.9960619213644115,High,13.99,167.2188753586574,Offer targeted discount / personalized content,Low engagement,Standard,Low,Europe,62,1
b16c9135-2798-4e1d-a48a-1d9c64d459f2,0.007504730688988899,Low,8.99,0.8096103467281226,Maintain engagement / loyalty rewards,Stable usage,Basic,High,Oceania,62,0
029e94b4-bc1c-4602-a8ef-7fe92c78f4c2,0.9961420049613794,High,8.99,107.46379949523362,Offer targeted discount / personalized content,Stable usage,Basic,Medium,Africa,58,1
28c6e751-2511-479d-83c1-455a6e1fc02a,0.010025227490887356,Low,13.99,1.6830351911701693,Maintain engagement / loyalty rewards,Low recent activity,Standard,Medium,Europe,21,0
727e553f-d207-4563-9a00-8d82561e7817,0.995501133620011,High,8.99,107.39466229492679,Offer targeted discount / personalized content,Low recent activity,Basic,Medium,Asia,38,1
3f14d6e0-dd02-4fe1-82ff-bd5cec08118b,0.007491669892509101,Low,13.99,1.257701541554428,Maintain engagement / loyalty rewards,Higher plan cost,Standard,High,Europe,19,0
43c2a767-ad49-4977-b9b7-e87e81e9e93d,0.9958398379089761,High,8.99,107.43120171362035,Offer targeted discount / personalized content,Stable usage,Basic,Medium,North America,46,1
2b7bf795-ccef-4bca-93a6-d00318b73c50,0.9961408553954326,High,13.99,167.2321268037852,Offer targeted discount / personalized content,Low engagement,Standard,Low,North America,38,1
f1200806-6780-4b17-b062-50507384f5ce,0.007491363503828577,Low,13.99,1.2576501050227415,Maintain engagement / loyalty rewards,Low recent activity,Standard,High,Europe,36,0
e3a57085-5027-4193-90fd-91b31d51ffe8,0.008431693846375255,Low,13.99,1.415512762929478,Maintain engagement / loyalty rewards,Low engagement,Standard,Low,Oceania,42,0
214cb42c-b964-4040-9c71-0251fb9a4a1e,0.9961066318106644,High,13.99,167.22638134837433,Offer targeted discount / personalized content,Low engagement,Standard,Low,Europe,43,1
e8e2671b-ef4f-4d9b-a1b3-0b642a8eff25,0.008011682185053022,Low,17.99,1.7295619501092463,Maintain engagement / loyalty rewards,Higher plan cost,Premium,Medium,Europe,60,0
4d29e9ee-d620-4826-934a-0ad009294493,0.007488041816877229,Low,13.99,1.2570924602173492,Maintain engagement / loyalty rewards,Higher plan cost,Standard,High,South America,55,0
ecb0426b-5580-4337-a6c4-add3b523895d,0.007488223269816359,Low,8.99,0.8078295263477888,Maintain engagement / loyalty rewards,Stable usage,Basic,High,South America,41,0
83a192a7-6748-40bc-a60b-004e4a03e87b,0.007507956521557356,Low,17.99,1.620817653873802,Maintain engagement / loyalty rewards,Higher plan cost,Premium,Medium,Africa,51,0
85420440-ebf6-49e6-af14-16079557b57a,0.010097978139812648,Low,8.99,1.0893698817229884,Maintain engagement / loyalty rewards,Stable usage,Basic,Medium,Asia,32,0
57212dcb-1d06-4d90-8679-277113d72959,0.9958022542216153,High,8.99,107.42714718542786,Offer targeted discount / personalized content,Stable usage,Basic,Medium,Africa,35,1
69f107ad-0d39-475d-850e-6d718d486ae4,0.007490016549312273,Low,17.99,1.6169447726655335,Maintain engagement / loyalty rewards,Higher plan cost,Premium,High,Asia,63,0
18a5612d-f555-46c6-ad9a-ec247c068c0e,0.9961405288348727,High,17.99,215.04681736487228,Offer targeted discount / personalized content,Low engagement,Premium,Low,South America,39,1
cc8ec647-33c7-46cf-af2b-141363c9314f,0.9961415326167167,High,8.99,107.46374853869139,Offer targeted discount / personalized content,Low engagement,Basic,Low,Oceania,19,1
63c3d866-4c2f-4b50-9e58-332a2bbea4e5,0.015542545923103904,Low,8.99,1.676729854184449,Maintain engagement / loyalty rewards,Stable usage,Basic,Medium,Asia,33,0
981b303b-c6cd-438a-9e2a-d360db261b75,0.786751400118013,High,8.99,84.87474104473125,Offer targeted discount / personalized content,Stable usage,Basic,High,North America,63,1
b6a5e8ca-ccd7-4fca-a1d3-949bffc746cf,0.9961399895307906,High,8.99,107.46358207058171,Offer targeted discount / personalized content,Low engagement,Basic,Low,Oceania,18,1
c3bb2207-5913-4675-9977-5a1a64de72e1,0.007487109897039735,Low,17.99,1.6163172845729377,Maintain engagement / loyalty rewards,Higher plan cost,Premium,High,Oceania,22,0
ac6d762a-91b1-494e-9ce5-cdccfd177f90,0.0074939689449005755,Low,8.99,0.8084493697758741,Maintain engagement / loyalty rewards,Stable usage,Basic,High,Europe,42,0
9084d77f-70c5-4e36-91f5-57f8f36c20c7,0.9961409094819056,High,17.99,215.04689953895377,Offer targeted discount / personalized content,Low recent activity,Premium,Low,Oceania,42,1
b2bf8c40-7a2a-4695-8a51-354e6021337e,0.007496596991743163,Low,8.99,0.8087328834692524,Maintain engagement / loyalty rewards,Stable usage,Basic,Medium,North America,24,0
75213958-6f81-4fc1-a446-5eafb01dca12,0.9961420172141825,High,8.99,107.46380081706602,Offer targeted discount / personalized content,Low recent activity,Basic,Low,North America,30,1
ead37a59-af0e-4cd8-a764-f2cdbe727457,0.00761643275125713,Low,17.99,1.644235502341389,Maintain engagement / loyalty rewards,Higher plan cost,Premium,Medium,North America,22,0
91b02759-584d-4f29-b1a4-5818311708d1,0.9961314384336448,High,13.99,167.23054588424029,Offer targeted discount / personalized content,Low recent activity,Standard,Medium,Oceania,54,1
2b8e4729-3d02-40e1-86ba-7cb9241b7f80,0.007984528642227533,Low,13.99,1.3404426684571582,Maintain engagement / loyalty rewards,Higher plan cost,Standard,Medium,North America,68,0
10fe2d39-3e7a-4fd6-afef-fd7885f1fd16,0.9960754179544832,High,13.99,167.22114116619863,Offer targeted discount / personalized content,Low recent activity,Standard,Low,South America,51,1
8f256cb4-eb43-4eaf-a0f9-ee1436424b70,0.007487067077034981,Low,13.99,1.2569288208926326,Maintain engagement / loyalty rewards,Higher plan cost,Standard,High,Oceania,68,0
47787f39-8e7e-44fb-b179-442e3735f82f,0.9957643111483521,High,13.99,167.16891255558534,Offer targeted discount / personalized content,Low recent activity,Standard,Low,Europe,58,1
b6083e69-466b-43ff-bd61-d835ff91dfae,0.9961338791971807,High,8.99,107.46292288779185,Offer targeted discount / personalized content,Low recent activity,Basic,Medium,North America,32,1
225a3fb2-e273-4726-a0f3-0fea1aa6f0c9,0.0075811371322995254,Low,8.99,0.8178530738324727,Maintain engagement / loyalty rewards,Stable usage,Basic,High,Asia,59,0
bdfa953f-4810-434e-a574-205313689450,0.9961333613366877,High,17.99,215.04527004536413,Offer targeted discount / personalized content,Low recent activity,Premium,Medium,Asia,49,1
9f3553ad-d5b2-4d08-85f8-1560403a619d,0.9957906592261164,High,17.99,214.97128751373398,Offer targeted discount / personalized content,Low engagement,Premium,Low,Oceania,29,1
11ea4551-84fd-4d94-b679-4a8f5d4fd69a,0.007495405947979067,Low,8.99,0.8086043936679819,Maintain engagement / loyalty rewards,Stable usage,Basic,High,South America,53,0
6a2c245c-1c2b-4aab-8133-182c39000b3a,0.007889199725733584,Low,8.99,0.8510868664121392,Maintain engagement / loyalty rewards,Stable usage,Basic,High,South America,56,0
435ccceb-38f8-40a8-86eb-7629bd3d9c54,0.9961326052595668,High,8.99,107.46278545540207,Offer targeted discount / personalized content,Stable usage,Basic,Low,North America,56,1
437ee4e8-fc39-4e80-99a5-3e8aa461522a,0.02223405846389679,Low,13.99,3.732653734918993,Maintain engagement / loyalty rewards,Low recent activity,Standard,Medium,South America,68,0
3a541439-f431-4fbc-9f60-8434d47eaae8,0.996080998411682,High,17.99,215.0339659371139,Offer targeted discount / personalized content,Low recent activity,Premium,Low,Europe,62,1
28c544f1-3e87-4ae2-bd03-8bb94284b82c,0.007487160327392553,Low,13.99,1.2569444757626618,Maintain engagement / loyalty rewards,Higher plan cost,Standard,High,South America,26,0
9927198c-86e3-4f28-a6ce-397acc4caf69,0.9960190967192368,High,13.99,167.21168595722548,Offer targeted discount / personalized content,Higher plan cost,Standard,Medium,South America,26,1
2381eca7-1a48-4bfb-8dab-c7a632ed0058,0.996140727320662,High,8.99,107.46366166335301,Offer targeted discount / personalized content,Stable usage,Basic,Medium,Europe,40,1
c6e7dcc7-f791-40a3-ac2e-7604b3a98468,0.007487255130599948,Low,13.99,1.2569603913251193,Maintain engagement / loyalty rewards,Higher plan cost,Standard,High,Europe,52,0
0986188b-fb15-47a9-afc2-8a22c131768f,0.0074947009559936965,Low,8.99,0.8085283391325999,Maintain engagement / loyalty rewards,Stable usage,Basic,High,Africa,37,0
51846af3-4ee8-4383-b77e-c7941ff99e4f,0.007508307202632741,Low,8.99,0.8099961810200201,Maintain engagement / loyalty rewards,Stable usage,Basic,High,North America,24,0
872edb94-4351-4086-b95a-9e27431cc43f,0.007903025735520283,Low,17.99,1.7061051957841187,Maintain engagement / loyalty rewards,Higher plan cost,Premium,Medium,Asia,19,0
5387eb2d-2e8e-47aa-a12f-9202951e5f69,0.9961259657541243,High,8.99,107.46206918555492,Offer targeted discount / personalized content,Low engagement,Basic,Low,Africa,69,1
887211af-46f5-4170-b67d-ae4b857a3e02,0.007495865983918609,Low,13.99,1.258405981380256,Maintain engagement / loyalty rewards,Low recent activity,Standard,High,Oceania,40,0
19cef185-673b-4519-9fb2-cd85a59f6528,0.9961403264969346,High,8.99,107.46361842248932,Offer targeted discount / personalized content,Low recent activity,Basic,Medium,South America,39,1
398c5457-acaa-41b1-887c-eb2b44578430,0.007541316741848471,Low,8.99,0.813557250110613,Maintain engagement / loyalty rewards,Stable usage,Basic,High,South America,51,0
87224324-13d4-4c0c-b5a2-8f782c47cccd,0.0074908088898164495,Low,13.99,1.2575569964223856,Maintain engagement / loyalty rewards,Higher plan cost,Standard,High,Europe,52,0
67cf164d-d961-4310-8646-8b5792f20876,0.9961070550814384,High,17.99,215.0395910509809,Offer targeted discount / personalized content,Higher plan cost,Premium,Medium,South America,70,1
5c55ebb6-04ac-4d5d-9d7c-32ea910c88ba,0.01315331027088329,Low,13.99,2.2081777282758868,Maintain engagement / loyalty rewards,Higher plan cost,Standard,Medium,Europe,70,0
de02cddd-08a6-42fe-99bc-06cc033f2bd5,0.9958352946209514,High,17.99,214.980923402771,Offer targeted discount / personalized content,Low recent activity,Premium,Medium,Europe,68,1
d625591a-3bbc-429e-a938-e0c608d79b57,0.0074902255453300716,Low,13.99,1.2574590645500126,Maintain engagement / loyalty rewards,Higher plan cost,Standard,High,North America,32,0
51902957-4d34-4297-ae4b-fb94b2467e14,0.9961417180361414,High,8.99,107.46376854173894,Offer targeted discount / personalized content,Low recent activity,Basic,Medium,Asia,43,1
42c50042-91a6-424a-b693-29d883255e61,0.007487168609880285,Low,13.99,1.2569458662267023,Maintain engagement / loyalty rewards,Higher plan cost,Standard,High,North America,28,0
5ad29c73-f218-4cb0-b44c-628973888c49,0.007487156444759169,Low,17.99,1.6163273332946093,Maintain engagement / loyalty rewards,Higher plan cost,Premium,High,Asia,41,0
226c0013-0f4e-437e-a087-e806934fc1fb,0.010920427328683436,Low,8.99,1.178095700218369,Maintain engagement / loyalty rewards,Stable usage,Basic,Medium,Europe,50,0
5952e659-bab6-482a-96c4-f44b828be07a,0.009170420323544001,Low,17.99,1.9797103394466786,Maintain engagement / loyalty rewards,Low recent activity,Premium,Medium,South America,59,0
07cbc13d-c375-4955-a2a8-15fd519c8740,0.0075085960086643646,Low,17.99,1.620955706350463,Maintain engagement / loyalty rewards,Higher plan cost,Premium,Medium,South America,51,0
dbb5d434-8a56-41f9-87eb-1cf8dc563b1b,0.007491638210459767,Low,17.99,1.6172948568740542,Maintain engagement / loyalty rewards,Higher plan cost,Premium,High,North America,19,0
40f121cf-8cc7-4e5a-bf91-dfa99f774bca,0.008563113744114809,Low,13.99,1.4375755353619941,Maintain engagement / loyalty rewards,Higher plan cost,Standard,Medium,Africa,25,0
4be265b7-f86a-4d63-913d-f15259bbc9ad,0.007495169610110948,Low,13.99,1.258289074145426,Maintain engagement / loyalty rewards,Higher plan cost,Standard,High,Asia,61,0
4b9cde42-026c-4e54-a2d5-c417ffca15ac,0.007486968958865079,Low,13.99,1.2569123488142695,Maintain engagement / loyalty rewards,Higher plan cost,Standard,High,Europe,39,0
cd892f9f-b0e1-4c18-b7da-e733c906f25a,0.996134646301637,High,8.99,107.4630056430206,Offer targeted discount / personalized content,Low recent activity,Basic,Low,North America,53,1
207339d4-84f7-4562-aeab-481ca61807c6,0.00791086809209579,Low,8.99,0.853424449775294,Maintain engagement / loyalty rewards,Stable usage,Basic,High,South America,21,0
755f3ee0-6334-4300-8117-dd9d43d6b113,0.007487224451553637,Low,17.99,1.6163420146013991,Maintain engagement / loyalty rewards,Higher plan cost,Premium,Medium,Africa,42,0
5cd4bc7f-42fe-4ca5-8903-f154b5473974,0.9959866105627363,High,8.99,107.447035547508,Offer targeted discount / personalized content,Low engagement,Basic,Low,Oceania,65,1
803b8187-d2cd-405e-9016-a8aa418384e1,0.0075573849924437985,Low,8.99,0.8152906929848369,Maintain engagement / loyalty rewards,Low recent activity,Basic,High,Africa,18,0
61ed2c75-3159-4640-9a7f-adbdcd9f6144,0.9951759218250062,High,13.99,167.07013375598206,Offer targeted discount / personalized content,Higher plan cost,Standard,Medium,North America,45,1
47ef1fd4-7788-481e-829c-abd737dbd61f,0.010989953765496371,Low,17.99,2.3725112188953563,Maintain engagement / loyalty rewards,Higher plan cost,Premium,Medium,Africa,19,0
2820c5f3-3394-45aa-930f-e4e26a781c66,0.007486975570414368,Low,17.99,1.6162882861410537,Maintain engagement / loyalty rewards,Higher plan cost,Premium,High,Oceania,45,0
3080b07c-545a-4370-9485-b288de08764f,0.9961409980534354,High,13.99,167.23215075321073,Offer targeted discount / personalized content,Low recent activity,Standard,Low,Asia,24,1
c0874a78-dcb0-4a64-b41d-1995f7c54cab,0.9961417959178812,High,13.99,167.23228469869392,Offer targeted discount / personalized content,Low engagement,Standard,Low,Asia,48,1
c2edf117-ec72-4ee9-bf3c-bb67ea3ce636,0.9961420382615789,High,8.99,107.46380308765913,Offer targeted discount / personalized content,Stable usage,Basic,Medium,Asia,67,1
8eebe75f-d578-48f5-9c59-5a5864dfa1c2,0.010958656418244096,Low,8.99,1.1822198544001732,Maintain engagement / loyalty rewards,Stable usage,Basic,Medium,South America,41,0
d87c00e4-e192-46ea-a7cf-353a90d06715,0.9961382712872892,High,17.99,215.04633000549995,Offer targeted discount / personalized content,Low engagement,Premium,Low,Asia,35,1
10d5f159-a06d-4c0b-8ca6-20231beefa15,0.9961062270060277,High,13.99,167.22631338977195,Offer targeted discount / personalized content,Low recent activity,Standard,Medium,Europe,50,1
7ffed6ac-db02-4e27-9368-551fb7b66687,0.007538711140940696,Low,17.99,1.6274569611062772,Maintain engagement / loyalty rewards,Higher plan cost,Premium,High,Africa,24,0
c8a454e7-9cfd-41de-a06e-f0251becf007,0.9961405071957822,High,17.99,215.04681269342544,Offer targeted discount / personalized content,Low engagement,Premium,Low,Europe,30,1
2f7bc8a8-1433-4c9e-976d-02584059d9c4,0.007492334235932327,Low,17.99,1.6174451148530706,Maintain engagement / loyalty rewards,Higher plan cost,Premium,High,North America,44,0
724af657-0df2-4775-8850-9e3cd124f620,0.9961419457559575,High,8.99,107.46379310815269,Offer targeted discount / personalized content,Stable usage,Basic,Medium,South America,61,1
5c4b45aa-9549-406c-9b5a-efbc6faf2a36,0.9725234163866354,High,13.99,163.26723114298835,Offer targeted discount / personalized content,Higher plan cost,Standard,Medium,North America,43,1
19ff99c9-4347-4ec5-9ba7-d9680a0268a6,0.9944189914690128,High,8.99,107.2779207996771,Offer targeted discount / personalized content,Stable usage,Basic,Medium,Asia,54,1
f933c9ef-6e58-4e70-b20d-e7d40e7c0ea2,0.995716487312961,High,13.99,167.1608838900999,Offer targeted discount / personalized content,Low engagement,Standard,Low,Asia,39,1
e334edac-479f-4209-a523-985d5244f439,0.008392939287069698,Low,13.99,1.409006647513261,Maintain engagement / loyalty rewards,Higher plan cost,Standard,Medium,Africa,43,0
76cf661d-95cb-4b43-bd4e-a2fb1e1ca16c,0.9961295929461462,High,13.99,167.23023606379903,Offer targeted discount / personalized content,Higher plan cost,Standard,Medium,North America,26,1
2736897f-a383-4813-bb71-2a3b303dc1be,0.007569344371763813,Low,13.99,1.270741533131709,Maintain engagement / loyalty rewards,Low engagement,Standard,Low,Asia,22,0
d178f7f4-f66b-4f59-8ab8-d15e9b51a915,0.9959393192121455,High,13.99,167.198292909335,Offer targeted discount / personalized content,Low engagement,Standard,Low,Europe,32,1
14505c8a-5d16-4808-8a62-75fcdfbb28d1,0.9961420922599581,High,17.99,215.04715487707972,Offer targeted discount / personalized content,Low recent activity,Premium,Low,North America,28,1
a20bd2c0-01c9-46f2-883e-addc3a0b0ab3,0.9961416861888303,High,13.99,167.2322662773808,Offer targeted discount / personalized content,Low recent activity,Standard,Low,Oceania,50,1
3a85cb4f-fbe6-43cd-9e48-561e968a38ba,0.9961316113965057,High,8.99,107.46267823745504,Offer targeted discount / personalized content,Low recent activity,Basic,Low,Europe,25,1
df6931fb-0022-4c8a-a665-d7a6fa7e896d,0.9958239780813887,High,17.99,214.97848038821016,Offer targeted discount / personalized content,Low recent activity,Premium,Low,South America,46,1
a4cfac30-906c-46c6-9613-799375ab5c8a,0.9959636741247605,High,17.99,215.00863797005326,Offer targeted discount / personalized content,Higher plan cost,Premium,Medium,South America,69,1
4accb3d6-cb3e-4912-955e-5c7ab5b2f60a,0.9961409484468421,High,8.99,107.46368551844533,Offer targeted discount / personalized content,Low engagement,Basic,Low,North America,57,1
ee1c6064-32f6-488d-b0c5-e7ff7fc46d64,0.9961404970097607,High,17.99,215.0468104944671,Offer targeted discount / personalized content,Low recent activity,Premium,Low,North America,37,1
d3b41960-c2b4-4bf5-92cb-243fd3dd3839,0.008177688332629884,Low,8.99,0.8822090173241119,Maintain engagement / loyalty rewards,Stable usage,Basic,High,South America,66,0
88007999-8185-4c2c-8bb7-019af9a4268a,0.008107620381718911,Low,13.99,1.361107309682971,Maintain engagement / loyalty rewards,Higher plan cost,Standard,Medium,Africa,44,0
bbc959b5-3e2d-486d-afe6-f5604ccd8353,0.9960502528156259,High,8.99,107.45390127374972,Offer targeted discount / personalized content,Low engagement,Basic,Low,North America,66,1
c7070081-a154-4414-b413-bef90b05e624,0.007488722684477802,Low,17.99,1.6166654531250677,Maintain engagement / loyalty rewards,Higher plan cost,Premium,High,Oceania,39,0
0048f001-a72c-4307-8f2d-3820bdf4ed80,0.9960369467258765,High,17.99,215.02445605918217,Offer targeted discount / personalized content,Low recent activity,Premium,Medium,South America,63,1
37d89df6-e945-4365-b6bf-f153ff42dba6,0.9961418511097598,High,8.99,107.4637828977209,Offer targeted discount / personalized content,Low engagement,Basic,Low,South America,39,1
81264692-e2fd-4344-9f2b-0826d6bb7edf,0.9959567828497733,High,13.99,167.20122470481994,Offer targeted discount / personalized content,Low recent activity,Standard,Low,North America,62,1
0b23f53c-b88a-4f84-9ad7-a5c6c58468c1,0.9947618336054045,High,13.99,167.00061662567532,Offer targeted discount / personalized content,Higher plan cost,Standard,Medium,Europe,63,1
baf77c0b-ae75-441e-a9ca-10dcb0ca8a86,0.007506230937660963,Low,13.99,1.2601460498145225,Maintain engagement / loyalty rewards,Higher plan cost,Standard,Medium,Africa,33,0
e6f30248-cada-456a-9bad-60136760979b,0.9959813681701585,High,17.99,215.0124577605738,Offer targeted discount / personalized content,Low recent activity,Premium,Medium,Africa,18,1
07b6de05-0028-418a-9e1c-09a345bd813c,0.007493769986321919,Low,13.99,1.2580541053037237,Maintain engagement / loyalty rewards,Higher plan cost,Standard,High,South America,68,0
a07f537a-651f-4bfd-894c-91d437fe5a2f,0.9958251640311528,High,17.99,214.97873641104525,Offer targeted discount / personalized content,Low recent activity,Premium,Low,Africa,20,1
49d28e48-9b37-4e3d-b921-06b3c1ff01f3,0.9961154515748145,High,8.99,107.46093491589099,Offer targeted discount / personalized content,Low recent activity,Basic,Medium,North America,62,1
005bfa8f-2b5b-4b77-8285-3bf38fc632da,0.995855848284774,High,17.99,214.98536052771698,Offer targeted discount / personalized content,Low recent activity,Premium,Low,Europe,24,1
6463ec75-e456-45e7-8cfb-a377f3842234,0.007486999703447789,Low,17.99,1.6162934959803086,Maintain engagement / loyalty rewards,Higher plan cost,Premium,High,South America,39,0
acccbbd5-848f-4151-a9e8-33e653d4e494,0.9961413022146918,High,13.99,167.23220181580245,Offer targeted discount / personalized content,Low engagement,Standard,Low,Asia,46,1
31f056a8-4f89-4d97-a971-d157f79285c2,0.00750280285672789,Low,13.99,1.2595705435874782,Maintain engagement / loyalty rewards,Higher plan cost,Standard,High,Africa,38,0
86222aa8-5671-4c15-b626-a0b47e66afcf,0.9953398731828779,High,17.99,214.87397182271962,Offer targeted discount / personalized content,Low engagement,Premium,Low,Asia,30,1
3a338129-8b57-498d-b986-04c650132c87,0.9961412542639885,High,8.99,107.46371850999907,Offer targeted discount / personalized content,Stable usage,Basic,Medium,Oceania,29,1
119a8e37-6e68-4055-b5bb-012e97bc9ffb,0.0076082947068022875,Low,17.99,1.6424786613044777,Maintain engagement / loyalty rewards,Higher plan cost,Premium,Medium,Africa,66,0
8cb6d729-372a-415e-a63f-7460bf042fb5,0.007487464225755423,Low,13.99,1.2569954942198205,Maintain engagement / loyalty rewards,Higher plan cost,Standard,High,Asia,54,0
6cdf0799-8c0c-40af-8522-41cb8dedbd76,0.99614031747205,High,13.99,167.23203649720776,Offer targeted discount / personalized content,Low engagement,Standard,Low,Asia,37,1
fd0ef1ea-371a-4e71-8fb7-c9a05f7ccd03,0.9959273633706403,High,17.99,215.0007992044538,Offer targeted discount / personalized content,Low engagement,Premium,Low,South America,41,1
0d84a40e-1adf-46a9-850f-312e3efd401b,0.9961385520341188,High,13.99,167.23174011548787,Offer targeted discount / personalized content,Low recent activity,Standard,Medium,Asia,47,1
3fede56d-0d7a-4aa2-93b7-acc1341f620b,0.9961390343766657,High,17.99,215.04649474123457,Offer targeted discount / personalized content,Low recent activity,Premium,Low,Europe,41,1
c55bd57e-3c4f-495c-be97-d55c21b22f6f,0.9957650314660376,High,17.99,214.96575499288818,Offer targeted discount / personalized content,Higher plan cost,Premium,Medium,Oceania,18,1
7b4e29be-baa8-42c4-a7e8-3a707d8ef336,0.007491424258418718,Low,8.99,0.8081748489982113,Maintain engagement / loyalty rewards,Stable usage,Basic,High,Asia,69,0
00e9f683-9379-4296-a5a6-76bc2c9dd117,0.9961373842160868,High,17.99,215.0461385045688,Offer targeted discount / personalized content,Low engagement,Premium,Low,Oceania,58,1
3c9f262f-a793-4935-8967-c74dbadf9938,0.007490991025393102,Low,13.99,1.257587573342994,Maintain engagement / loyalty rewards,Low recent activity,Standard,High,Africa,65,0
a70e3fc7-66f5-4ab7-ac53-4875558a9a48,0.007540179658284488,Low,17.99,1.6277739846304549,Maintain engagement / loyalty rewards,Higher plan cost,Premium,Medium,Africa,24,0
fb35081c-372b-46f2-afb1-a239c1ca535b,0.9961295008137793,High,13.99,167.23022059661724,Offer targeted discount / personalized content,Low engagement,Standard,Low,South America,65,1
c214a79d-72d0-4384-8a5a-619721b76c8e,0.007490115556956309,Low,17.99,1.616966146435728,Maintain engagement / loyalty rewards,Higher plan cost,Premium,High,Europe,27,0
0090f79e-a776-489a-9112-5f71e7870f94,0.9961406374715919,High,13.99,167.23209021873086,Offer targeted discount / personalized content,Low engagement,Standard,Low,Europe,53,1
df3978cc-64e6-4e40-9cd3-10a6a5dda843,0.007487910038113141,Low,17.99,1.6164900190278648,Maintain engagement / loyalty rewards,Higher plan cost,Premium,High,Europe,22,0
174b96de-7b2d-4934-a5a0-35ba2d435c5a,0.007548570936121504,Low,17.99,1.6295854936899103,Maintain engagement / loyalty rewards,Higher plan cost,Premium,High,South America,63,0
69aedea2-3081-4c29-805a-c76edff4c5a3,0.008899743735012147,Low,13.99,1.4940889782338393,Maintain engagement / loyalty rewards,Higher plan cost,Standard,High,North America,29,0
0bd8dee5-47a9-4349-9d55-e109f81d4394,0.007492058873054805,Low,13.99,1.2577668436084406,Maintain engagement / loyalty rewards,Low recent activity,Standard,High,Europe,62,0
593b2af6-e882-4129-8c49-1deddd7278fb,0.007488206080443744,Low,13.99,1.2571200367848958,Maintain engagement / loyalty rewards,Higher plan cost,Standard,High,Europe,34,0
cfe10e0f-1aac-495b-b869-4af2359dbb3a,0.9961417571376951,High,13.99,167.23227818827627,Offer targeted discount / personalized content,Low engagement,Standard,Low,Europe,21,1
a65d3fbe-d5b0-4ac7-840c-fdca8d9a9379,0.0076370827837554224,Low,8.99,0.8238884907115349,Maintain engagement / loyalty rewards,Stable usage,Basic,High,Oceania,53,0
3fa23200-518c-4593-983c-1114bf8ee2e7,0.9961420290196848,High,13.99,167.2323238318247,Offer targeted discount / personalized content,Low recent activity,Standard,Low,North America,63,1
75994c2a-9f9a-4701-b51d-ad8b7e3787cb,0.007507061951268409,Low,13.99,1.2602855603789407,Maintain engagement / loyalty rewards,Higher plan cost,Standard,High,North America,65,0
b96865dc-ec6f-42ff-8d8b-9a0bf7d5b6be,0.9960277823843766,High,13.99,167.21314410668916,Offer targeted discount / personalized content,Higher plan cost,Standard,Medium,Asia,45,1
99700d41-55b7-4d78-acd3-86a1060d880c,0.9957782579145114,High,8.99,107.42455846381748,Offer targeted discount / personalized content,Low engagement,Basic,Low,North America,53,1
14032ec1-bd28-4b6e-8baf-e87a673489b1,0.9961422011729093,High,8.99,107.46382066253346,Offer targeted discount / personalized content,Low recent activity,Basic,Low,North America,60,1
c73888d0-47c7-49e4-ac1f-8c525c426907,0.007496704818477226,Low,17.99,1.6183886362128632,Maintain engagement / loyalty rewards,Higher plan cost,Premium,High,South America,35,0
99ac905d-c892-41e1-b9dc-619aace2175a,0.9944061502795712,High,13.99,166.9409045089344,Offer targeted discount / personalized content,Higher plan cost,Standard,Medium,Europe,51,1
d7f8474a-aa5c-452d-b85d-c86132f7e5c0,0.007496289647499243,Low,8.99,0.8086997271722183,Maintain engagement / loyalty rewards,Stable usage,Basic,High,Africa,27,0
236586ff-c75c-4dfa-b787-19a63e0b4dbd,0.007542490731080159,Low,17.99,1.6282728990255846,Maintain engagement / loyalty rewards,Higher plan cost,Premium,Medium,Europe,28,0
30bc483c-87d9-4a9a-9863-6eb5c6bdcb66,0.996138132443494,High,8.99,107.46338172800415,Offer targeted discount / personalized content,Low engagement,Basic,Low,Europe,18,1
374de352-5868-4026-b9fb-57fd075b1fb3,0.9961340828765113,High,8.99,107.46294486071804,Offer targeted discount / personalized content,Low recent activity,Basic,Low,Asia,22,1
bb31bd8f-7d63-4280-ada1-f1e832fcfdd6,0.99614190097292,High,13.99,167.23230233533383,Offer targeted discount / personalized content,Low engagement,Standard,Low,South America,61,1
71c014eb-50d0-488e-9f41-b4db638f20be,0.007506942525069725,Low,13.99,1.2602655111087053,Maintain engagement / loyalty rewards,Higher plan cost,Standard,High,South America,54,0
eaafa153-5c55-4d3b-897c-ef6198ece521,0.9961397631096602,High,17.99,215.04665206011344,Offer targeted discount / personalized content,Low engagement,Premium,Low,Africa,52,1
5d64d061-91f4-4dd9-ab18-93007717e295,0.007501029252180563,Low,17.99,1.61932219496074,Maintain engagement / loyalty rewards,Higher plan cost,Premium,High,Africa,24,0
2e409def-802a-4a41-9972-8c8864802af3,0.9961421659063439,High,8.99,107.46381685797637,Offer targeted discount / personalized content,Low engagement,Basic,Low,Europe,38,1
4d71c035-c5c9-4da6-907e-171241ea0922,0.0076996629807080785,Low,13.99,1.2926194212012723,Maintain engagement / loyalty rewards,Higher plan cost,Standard,Medium,Europe,44,0
93a74dd5-ab90-4ce9-a0b9-8eb45b50e030,0.9957466266320297,High,13.99,167.16594367898514,Offer targeted discount / personalized content,Low recent activity,Standard,Medium,South America,64,1
8f6ce173-fad9-4b9f-bb9c-54cf1f37d6ef,0.012391636906743374,Low,8.99,1.3368097894994753,Maintain engagement / loyalty rewards,Stable usage,Basic,Medium,Africa,23,0
9db403c5-08c3-4cee-8e71-59423d132195,0.007855919858117014,Low,17.99,1.6959359789703008,Maintain engagement / loyalty rewards,Higher plan cost,Premium,High,South America,22,0
a8f4a8ea-a8a6-4ebb-bcd8-b22e7da612a5,0.9945171983515134,High,8.99,107.28851535816128,Offer targeted discount / personalized content,Stable usage,Basic,Medium,South America,23,1
b4866929-b3fb-47af-a191-0afaf68d14c8,0.009205458814952421,Low,8.99,0.9930848969570673,Maintain engagement / loyalty rewards,Stable usage,Basic,High,Europe,68,0
941a7320-7c18-442a-9184-f56d633b7b8e,0.0075001277067271,Low,8.99,0.8091137770017196,Maintain engagement / loyalty rewards,Stable usage,Basic,High,South America,18,0
abb4775a-faff-43c3-8d78-641ec98033a8,0.995829339793388,High,17.99,214.97963787459656,Offer targeted discount / personalized content,Low recent activity,Premium,Low,South America,36,1
f234490c-9b75-4956-9efa-ed1c14b00599,0.9959131506853861,High,8.99,107.43911069593946,Offer targeted discount / personalized content,Stable usage,Basic,Low,Asia,26,1
a5796917-05b1-456c-8d56-a2d396ebfcf2,0.9959552607996811,High,13.99,167.20096918305046,Offer targeted discount / personalized content,Low recent activity,Standard,Low,Africa,33,1
8c15047a-4ddf-4b9b-9f42-5e616af49dc1,0.007528998037138783,Low,13.99,1.263968190474859,Maintain engagement / loyalty rewards,Higher plan cost,Standard,Medium,Africa,50,0
1d4d7280-ee29-4030-8773-d70bea7b2b3b,0.007638249355833644,Low,8.99,0.8240143405073337,Maintain engagement / loyalty rewards,Low recent activity,Basic,High,Africa,34,0
58bf1357-6164-4e5f-a325-69d1bbd93289,0.9961414363331432,High,17.99,215.04701327559894,Offer targeted discount / personalized content,Low recent activity,Premium,Low,South America,22,1
919cd49b-f1e4-4deb-82e8-ed7db297d9b8,0.9961421208461582,High,8.99,107.46381199688355,Offer targeted discount / personalized content,Low recent activity,Basic,Low,South America,61,1
2f4b3f98-c2e9-49e2-bc44-5bfd637d4dec,0.9961421781233394,High,8.99,107.46381817594585,Offer targeted discount / personalized content,Low engagement,Basic,Low,Oceania,30,1
18886a51-c0a1-4984-90d4-d4a65e31e03b,0.007488434841054084,Low,8.99,0.8078523506529146,Maintain engagement / loyalty rewards,Stable usage,Basic,High,Asia,32,0
11ff4157-7112-460a-b2f0-b74ee12ee607,0.00809296548629847,Low,17.99,1.747109389182114,Maintain engagement / loyalty rewards,Low recent activity,Premium,Medium,Oceania,56,0
61ad71a3-40b3-487a-9f6d-38a74144f87b,0.007512857147965399,Low,17.99,1.6218756011027704,Maintain engagement / loyalty rewards,Higher plan cost,Premium,High,Europe,58,0
70b1a663-57dc-4d65-8665-808f618abbba,0.007489783471202096,Low,17.99,1.6168944557631084,Maintain engagement / loyalty rewards,Higher plan cost,Premium,High,Africa,61,0
8790e02e-d917-4c2b-bcae-249e1597109c,0.9960953719474993,High,8.99,107.45876872569625,Offer targeted discount / personalized content,Stable usage,Basic,Medium,Europe,51,1
2f38faa5-6695-40e3-892a-ecd94ff19800,0.9961413680530082,High,17.99,215.0469985352834,Offer targeted discount / personalized content,Low engagement,Premium,Low,Oceania,24,1
75f21653-1613-4eb8-92a6-5b82721d96df,0.0074945141971616905,Low,17.99,1.6179157248832654,Maintain engagement / loyalty rewards,Higher plan cost,Premium,High,Oceania,40,0
6a427566-52a2-4932-9486-979c1bc514d8,0.007490287259421985,Low,17.99,1.617003213564018,Maintain engagement / loyalty rewards,Higher plan cost,Premium,High,Africa,51,0
904460bb-b5a1-4450-bc0f-5fec7fd21583,0.9959354358052479,High,17.99,215.0025418816369,Offer targeted discount / personalized content,Low engagement,Premium,Low,Africa,56,1
5fd7658b-f5bb-462e-b9e4-86a4485b0fb0,0.007487473182967999,Low,17.99,1.6163957107391314,Maintain engagement / loyalty rewards,Higher plan cost,Premium,High,Africa,53,0
9e060381-f27b-4fbf-b098-6415f3eb4bbb,0.9960739079904692,High,13.99,167.22088767343996,Offer targeted discount / personalized content,Higher plan cost,Standard,Medium,Oceania,20,1
5c4d8663-35c7-4f51-a930-5b1a7059a8b0,0.9961149408620799,High,8.99,107.46087982020119,Offer targeted discount / personalized content,Stable usage,Basic,Medium,Asia,43,1
1934ae7e-6f01-40d2-a15c-ee3db2650f99,0.9961419693280934,High,8.99,107.46379565111471,Offer targeted discount / personalized content,Low engagement,Basic,Low,Asia,64,1
9eacdfae-16bb-4a84-8c31-dd5976efb95f,0.007706480594972279,Low,17.99,1.6636750308426151,Maintain engagement / loyalty rewards,Higher plan cost,Premium,Medium,North America,40,0
9f085e5d-c6b2-4ec1-a43f-1307f1f59222,0.008783759217105353,Low,17.99,1.8962379397887035,Maintain engagement / loyalty rewards,Higher plan cost,Premium,Medium,North America,29,0
444b694b-d1b2-476b-98d7-f05298e37b91,0.007588224091393414,Low,17.99,1.63814581685001,Maintain engagement / loyalty rewards,Higher plan cost,Premium,Medium,Asia,47,0
e5fa0aa5-41a0-4c47-8547-4d9600229701,0.9960161614280914,High,8.99,107.4502234948625,Offer targeted discount / personalized content,Stable usage,Basic,Medium,South America,51,1
4937c49d-70db-459d-b2d1-ac7f33f0dfc5,0.008976905888484646,Low,17.99,1.937934443206065,Maintain engagement / loyalty rewards,Low recent activity,Premium,Low,Africa,25,0
3d36ed49-a4f4-4fb2-80ea-f90f048bc0e1,0.9961407408975853,High,13.99,167.23210758188662,Offer targeted discount / personalized content,Low recent activity,Standard,Low,Europe,35,1
e5a706a6-0a02-4a59-93ae-8d86ea5fcb6e,0.01451321485698297,Low,8.99,1.5656856187713228,Maintain engagement / loyalty rewards,Stable usage,Basic,Medium,Europe,38,0
511d9a10-669b-4283-bc6d-40c10a595b43,0.007507578257951797,Low,8.99,0.80991754246784,Maintain engagement / loyalty rewards,Stable usage,Basic,High,Asia,58,0
92bd3cd1-3724-4b30-a56c-4929277c2461,0.9955443586302879,High,8.99,107.39932540903547,Offer targeted discount / personalized content,Stable usage,Basic,Medium,Asia,68,1
68be0bb5-a6ed-4dfd-889d-0e116265290d,0.007490009258277963,Low,13.99,1.2574227542797045,Maintain engagement / loyalty rewards,Low recent activity,Standard,High,South America,28,0
bfe8f1a3-00d5-436f-b79a-553651c553f7,0.008222549151881921,Low,13.99,1.380401551617937,Maintain engagement / loyalty rewards,Low recent activity,Standard,Medium,North America,57,0
f4fc7c39-6b78-4437-ab00-8ab2957f73f7,0.9961227241352975,High,8.99,107.46171947971588,Offer targeted discount / personalized content,Low recent activity,Basic,Medium,Asia,52,1
7d7ec060-ca0f-4371-a86a-69bf262b94bb,0.007490392386851881,Low,17.99,1.6170259084735839,Maintain engagement / loyalty rewards,Higher plan cost,Premium,High,Europe,70,0
bce13731-9d24-4bbe-9b0f-97221e952048,0.007489519276963755,Low,13.99,1.2573404962166752,Maintain engagement / loyalty rewards,Higher plan cost,Standard,High,Asia,68,0
489dcbd1-474e-42b6-878e-f62c181860f6,0.007487090715157338,Low,13.99,1.256932789260614,Maintain engagement / loyalty rewards,Higher plan cost,Standard,High,Oceania,53,0
571102fa-b9c7-4e1c-8e0f-bc6642d36cb0,0.007593298400287987,Low,8.99,0.819165031423068,Maintain engagement / loyalty rewards,Stable usage,Basic,Medium,North America,44,0
e5ba5dd3-a246-4526-9616-662dd7188e7c,0.9961410250056408,High,13.99,167.232155277947,Offer targeted discount / personalized content,Low recent activity,Standard,Low,Asia,68,1
b4aae09c-528f-445d-afb3-68ab027b8d48,0.008215296865463042,Low,13.99,1.3791840377739355,Maintain engagement / loyalty rewards,Higher plan cost,Standard,Medium,Oceania,64,0
0210bc7e-5a01-4a6b-b3c1-8c1a332ab7f6,0.9961412961296631,High,13.99,167.23220079424783,Offer targeted discount / personalized content,Low recent activity,Standard,Low,South America,65,1
e5e25330-3900-43bf-a8e2-45a13d1ec806,0.016386549483606523,Low,17.99,3.5375283025209754,Maintain engagement / loyalty rewards,Higher plan cost,Premium,Medium,Oceania,28,0
95c88693-4388-4ab9-bd37-c917bc4c8d1d,0.007487508893656765,Low,17.99,1.6164034199626223,Maintain engagement / loyalty rewards,Higher plan cost,Premium,High,Europe,50,0
3e87afc6-292d-4a8b-8399-1a8fe6aad089,0.007561777491219742,Low,13.99,1.2694712052259705,Maintain engagement / loyalty rewards,Higher plan cost,Standard,High,North America,59,0
8e57aa17-60f6-4c7e-9e15-a886a240c4d7,0.007488719129596176,Low,17.99,1.6166646856972224,Maintain engagement / loyalty rewards,Higher plan cost,Premium,High,Oceania,38,0
e16e6ae0-8e67-4b63-80a5-a0f7e8801ed7,0.0074884669302339515,Low,8.99,0.8078558124336387,Maintain engagement / loyalty rewards,Stable usage,Basic,High,Africa,49,0
cb219c7b-8d77-454d-8967-2b4529a0e172,0.008040272140343424,Low,13.99,1.349800886920854,Maintain engagement / loyalty rewards,Low recent activity,Standard,Medium,Asia,40,0
abf01a4a-4b6f-477f-943c-7189c33cd6cc,0.007874742582755712,Low,13.99,1.322011784793029,Maintain engagement / loyalty rewards,Low recent activity,Standard,Medium,Africa,39,0
520074a5-0028-44e4-b17a-199d74134190,0.9961401212137664,High,13.99,167.2320035493671,Offer targeted discount / personalized content,Low recent activity,Standard,Low,Africa,34,1
b64e1a04-ef14-4a6c-ad72-640a941c2612,0.007487863092868875,Low,17.99,1.6164798844885326,Maintain engagement / loyalty rewards,Higher plan cost,Premium,High,Europe,20,0
b963a331-91ee-4a6a-9d9c-208788c49074,0.0075759417383889985,Low,17.99,1.635494302483417,Maintain engagement / loyalty rewards,Low engagement,Premium,Low,North America,28,0
2f55007a-9682-4109-8431-2fa060e85673,0.9957694365425352,High,13.99,167.16977300676083,Offer targeted discount / personalized content,Low engagement,Standard,Low,Africa,18,1
17874397-5431-4e69-9bf9-19d705faab2e,0.9961420074591848,High,8.99,107.46379976469686,Offer targeted discount / personalized content,Low recent activity,Basic,Low,Africa,19,1
d3975aa1-9bf5-45a5-9375-ff6ced50de42,0.9961195728621103,High,17.99,215.04229338947232,Offer targeted discount / personalized content,Higher plan cost,Premium,Medium,Africa,32,1
22266a98-3d16-4f4e-b382-ffa5d3aed831,0.9960152163783919,High,13.99,167.21103452560442,Offer targeted discount / personalized content,Low recent activity,Standard,Low,Asia,19,1
44d3397a-806f-43c1-8907-aa8c27ed8079,0.9961338683183761,High,8.99,107.46292171418642,Offer targeted discount / personalized content,Low recent activity,Basic,Medium,Europe,22,1
521382de-978e-48ad-b161-5d8ab6b7234e,0.007486991530615128,Low,13.99,1.2569161381596676,Maintain engagement / loyalty rewards,Higher plan cost,Standard,High,Asia,55,0
72601ad7-f6b1-4f64-8c07-f1a0a787a386,0.73064158906957,High,13.99,122.66010997299942,Offer targeted discount / personalized content,Higher plan cost,Standard,Medium,Asia,21,1
ab5b6ce1-4472-4987-b7ca-dd71334f9592,0.9953509617992233,High,17.99,214.87636563321632,Offer targeted discount / personalized content,Low engagement,Premium,Low,North America,39,1
697ba97e-0ab7-465c-8c43-87a7e484dfac,0.9958909573689789,High,8.99,107.43671648096546,Offer targeted discount / personalized content,Stable usage,Basic,Medium,North America,53,1
c1d6b7a6-e749-43fc-8430-e0f0057aca5f,0.007487700249254182,Low,17.99,1.6164447298089928,Maintain engagement / loyalty rewards,Higher plan cost,Premium,High,Europe,27,0
a683a981-d35f-49f3-9b9a-a8ad04fd7b16,0.007487210081474622,Low,13.99,1.2569528284779596,Maintain engagement / loyalty rewards,Higher plan cost,Standard,Medium,South America,29,0
5548db44-9939-45ea-8cde-6dd44b0d8036,0.9961399750602773,High,13.99,167.23197901311934,Offer targeted discount / personalized content,Low recent activity,Standard,Low,Europe,70,1
30add045-ab3e-4753-abfa-c317ec02730a,0.9960894347417536,High,13.99,167.22349430444558,Offer targeted discount / personalized content,Higher plan cost,Standard,Medium,North America,51,1
ec4fcd72-7a49-473c-85ca-390fc9e57d52,0.007491511891536626,Low,17.99,1.617267587144927,Maintain engagement / loyalty rewards,Higher plan cost,Premium,High,North America,26,0
6c7026ab-704b-4d7d-b658-66432e78fbf8,0.9955996281306403,High,8.99,107.40528788273346,Offer targeted discount / personalized content,Stable usage,Basic,Medium,Africa,63,1
aeb6a179-a31d-4430-9d79-388dbd8b552f,0.9958345330833769,High,8.99,107.4306294290347,Offer targeted discount / personalized content,Low engagement,Basic,Low,South America,66,1
60334592-83df-4b11-a2e1-da7ded2535aa,0.0074907881564882026,Low,17.99,1.6171113472226728,Maintain engagement / loyalty rewards,Higher plan cost,Premium,High,South America,57,0
1b829a44-ed16-4913-aac5-28506c92e0a9,0.995877891152027,High,17.99,214.99011914189958,Offer targeted discount / personalized content,Higher plan cost,Premium,Medium,North America,53,1
55aa7135-3268-48a1-a965-0fac4eddb7b8,0.012444944969260328,Low,8.99,1.342560663283804,Maintain engagement / loyalty rewards,Stable usage,Basic,Medium,North America,47,0
2ad8b82e-2168-47f7-9744-e845a8e48a18,0.00749248084958726,Low,8.99,0.8082888340534737,Maintain engagement / loyalty rewards,Stable usage,Basic,High,North America,34,0
b88a132f-9afd-4eb8-9e78-2d359cc78a22,0.9961420600240836,High,8.99,107.46380543539814,Offer targeted discount / personalized content,Low engagement,Basic,Low,Oceania,26,1
2d25d85a-6085-4ad8-ae08-1a4d21b7c05b,0.007492665743470664,Low,13.99,1.2578687250138552,Maintain engagement / loyalty rewards,Higher plan cost,Standard,High,Africa,67,0
51ba57c9-cf31-4241-9a54-ad1abaf17326,0.007489668544620187,Low,13.99,1.257365555270837,Maintain engagement / loyalty rewards,Higher plan cost,Standard,High,Oceania,32,0
a8f8a526-8289-46fc-83a3-9717a64af759,0.009009865829743825,Low,13.99,1.512576275497393,Maintain engagement / loyalty rewards,Low engagement,Standard,Low,Africa,24,0
2975d560-cd13-47c5-8216-f8847177ed85,0.00748888927882437,Low,13.99,1.2572347321290351,Maintain engagement / loyalty rewards,Higher plan cost,Standard,High,Asia,24,0
edaac9b2-7788-4cc2-bcae-8cf07f8afb3a,0.9936235913568712,High,8.99,107.19211303557927,Offer targeted discount / personalized content,Stable usage,Basic,Medium,Europe,31,1
55987346-c6e1-4766-8226-74d0fcf02ff5,0.007486966660244376,Low,17.99,1.6162863626135557,Maintain engagement / loyalty rewards,Higher plan cost,Premium,High,Europe,34,0
feca176b-1ae3-47f9-82d6-ebee151dcd65,0.9961420082012115,High,8.99,107.46379984474669,Offer targeted discount / personalized content,Low recent activity,Basic,Low,North America,70,1
70877fd0-301a-4021-9bca-539c1833ae4d,0.9961417052187148,High,17.99,215.04707132261612,Offer targeted discount / personalized content,Low recent activity,Premium,Low,Oceania,18,1
bcae9b58-6081-44e3-8dec-26406f6835e7,0.9961412629983215,High,8.99,107.46371945225894,Offer targeted discount / personalized content,Low recent activity,Basic,Medium,Oceania,49,1
0e9c2a39-12f4-4bf6-be86-deaccd099fec,0.9961415471391419,High,8.99,107.46375010537065,Offer targeted discount / personalized content,Low recent activity,Basic,Low,North America,25,1
c0d2bb59-f5bb-4da4-88ed-9d670e2ec727,0.9961417668713997,High,8.99,107.4637738100866,Offer targeted discount / personalized content,Stable usage,Basic,Medium,Oceania,23,1
1bc58c87-ff12-4ead-995a-c2c35062e450,0.9957399726477305,High,13.99,167.164826608101,Offer targeted discount / personalized content,Low recent activity,Standard,Low,South America,32,1
eec8b59a-4325-43d3-9308-fc5cc94830fa,0.01691310150961273,Low,13.99,2.839371481433785,Maintain engagement / loyalty rewards,Higher plan cost,Standard,Medium,North America,19,0
6ef3d5c9-1d7f-4100-9b17-22a554e8caad,0.00751675492564594,Low,13.99,1.2619128169174405,Maintain engagement / loyalty rewards,Higher plan cost,Standard,Medium,South America,21,0
287ec5fe-48e9-4538-b9c9-71bf23aa8781,0.9961355545848811,High,13.99,167.23123690370983,Offer targeted discount / personalized content,Low recent activity,Standard,Medium,North America,57,1
036b4a5f-d26d-40e3-ba14-669a725bdb1f,0.9961387936752762,High,13.99,167.23178068220537,Offer targeted discount / personalized content,Higher plan cost,Standard,Medium,Africa,53,1
0691d9e7-92de-4dc5-ae11-64824edbf9e0,0.007504852639306603,Low,17.99,1.6201475877735092,Maintain engagement / loyalty rewards,Low recent activity,Premium,High,Africa,67,0
099473b4-b27c-4cf8-9bb1-862c639701f3,0.008157407551460497,Low,17.99,1.7610211422092918,Maintain engagement / loyalty rewards,Higher plan cost,Premium,Medium,Asia,66,0
0ac19238-cb50-4882-b4bb-3d068dc29494,0.0075732369858511174,Low,8.99,0.8170008060336187,Maintain engagement / loyalty rewards,Stable usage,Basic,High,Europe,33,0
8728e75d-5ce9-4a44-b6ab-f53ffaacf6c5,0.9961412777037812,High,17.99,215.04697903069226,Offer targeted discount / personalized content,Low recent activity,Premium,Low,South America,23,1
8050afa7-ecbe-4ad4-a793-50f42ab423d3,0.00748700502571904,Low,13.99,1.2569184037177126,Maintain engagement / loyalty rewards,Higher plan cost,Standard,High,Oceania,58,0
5ed9091c-6b7e-4351-b526-d57df230b26d,0.007493690543536049,Low,13.99,1.258040768448832,Maintain engagement / loyalty rewards,Higher plan cost,Standard,High,North America,49,0
4d37690f-3d7f-4aae-9b34-9a45b65cf63d,0.9956531366332415,High,13.99,167.15024857798858,Offer targeted discount / personalized content,Higher plan cost,Standard,Medium,Asia,24,1
81a2a8c7-3f1b-47be-b787-9730e6874b3b,0.007487640822933144,Low,17.99,1.616431900854807,Maintain engagement / loyalty rewards,Higher plan cost,Premium,High,Africa,57,0
b1b17c62-0907-4594-8477-b6d9a1de203c,0.9961345195749705,High,8.99,107.46299197174781,Offer targeted discount / personalized content,Stable usage,Basic,Low,North America,61,1
41667e6f-421b-44dc-a22e-6f49d64d11c7,0.008651795604821978,Low,13.99,1.4524634461375137,Maintain engagement / loyalty rewards,Higher plan cost,Standard,Low,Oceania,38,0
7987069d-efaa-4d6b-bf85-de78408157c5,0.9961409716448459,High,8.99,107.46368802104598,Offer targeted discount / personalized content,Low engagement,Basic,Low,Africa,67,1
f6790d45-e49b-478e-9535-ee8ce7ef1cdf,0.007496939165235481,Low,17.99,1.6184392269910353,Maintain engagement / loyalty rewards,Higher plan cost,Premium,High,North America,64,0
a4a081bf-78e0-49f2-b13d-edb25ab7ea32,0.007498007154124952,Low,13.99,1.2587654410344968,Maintain engagement / loyalty rewards,Higher plan cost,Standard,High,Asia,26,0
3a705431-53dc-4ec6-a4e5-2960228a1ad8,0.0074933847910755,Low,8.99,0.8083863512612248,Maintain engagement / loyalty rewards,Stable usage,Basic,High,Oceania,68,0
b9fd67cd-6bf0-4c9c-ab2f-2d3060247949,0.9961353141766219,High,8.99,107.46307769337398,Offer targeted discount / personalized content,Stable usage,Basic,Medium,Oceania,27,1
1009cba1-e578-425e-99b7-0693b4024e29,0.007492621394981335,Low,13.99,1.2578612797894664,Maintain engagement / loyalty rewards,Higher plan cost,Standard,High,Africa,24,0
9448266e-01a1-472a-9fe4-37d4e1a6b7b4,0.007498640529987388,Low,8.99,0.8089533403750394,Maintain engagement / loyalty rewards,Stable usage,Basic,High,North America,28,0
9c5addc5-de2b-4614-8efc-afc56a0ac20b,0.009220494504118795,Low,8.99,0.9947069471043357,Maintain engagement / loyalty rewards,Stable usage,Basic,High,Africa,35,0
fbf7eced-0008-448b-a601-d051971b1764,0.007487019339059073,Low,13.99,1.256920806641237,Maintain engagement / loyalty rewards,Higher plan cost,Standard,High,Asia,54,0
7b929fce-23d0-4c91-886c-e9d3c60f2a03,0.9961401604213304,High,8.99,107.46360050625313,Offer targeted discount / personalized content,Stable usage,Basic,Medium,Africa,22,1
e938d06e-fcc5-4768-86d8-6aaf73f4fa35,0.00748795044232565,Low,13.99,1.2570771202576303,Maintain engagement / loyalty rewards,Higher plan cost,Standard,High,Africa,60,0
a5e54cb5-cab8-452b-9592-f2b83dadb4c5,0.9960809924655086,High,13.99,167.2220770151096,Offer targeted discount / personalized content,Higher plan cost,Standard,Medium,Asia,37,1
c7ef45c3-a8d7-4952-bf06-66e39f308471,0.9961420403852379,High,8.99,107.46380331675948,Offer targeted discount / personalized content,Low recent activity,Basic,Low,Africa,30,1
6e91dbee-b822-44c0-a014-a48a452ec9d0,0.007492094780166794,Low,13.99,1.2577728716944014,Maintain engagement / loyalty rewards,Higher plan cost,Standard,High,Asia,21,0
49d191d4-94d6-46a0-a47a-f36813b05dfb,0.008740985074513152,Low,17.99,1.8870038578858992,Maintain engagement / loyalty rewards,Low engagement,Premium,Low,North America,40,0
f500aa1d-d760-42ea-8cd1-725d5aa13413,0.007494398874664849,Low,13.99,1.258159683078735,Maintain engagement / loyalty rewards,Higher plan cost,Standard,High,Asia,69,0
da1d94c9-af82-46ad-a2a3-112aa874e2c2,0.9961285193971472,High,8.99,107.46234467256424,Offer targeted discount / personalized content,Stable usage,Basic,Medium,Africa,29,1
6eaa7000-e450-4dbd-9eea-6abe53a3ccea,0.008345270660576897,Low,17.99,1.8015770302053404,Maintain engagement / loyalty rewards,Low recent activity,Premium,Medium,North America,60,0
14b8d5b4-acf9-4243-bfc7-371bfc3b67df,0.0076252554231030336,Low,17.99,1.646140140739483,Maintain engagement / loyalty rewards,Higher plan cost,Premium,Medium,Oceania,36,0
5ff64e1b-5ffa-4f13-827c-62773ab1ab6f,0.7940274971752087,High,8.99,85.65968639526152,Offer targeted discount / personalized content,Stable usage,Basic,High,Africa,57,1
89931699-5ba5-434a-8dca-32e18d7dbd4b,0.007487485259748539,Low,13.99,1.2569990254065848,Maintain engagement / loyalty rewards,Higher plan cost,Standard,High,Africa,19,0
46621af8-c4ca-4079-87d7-a8b68c9461b3,0.007490627444364924,Low,17.99,1.6170766526894995,Maintain engagement / loyalty rewards,Higher plan cost,Premium,High,North America,43,0
750a6638-3b93-407c-80b6-074f7b7e9673,0.9945596923709401,High,17.99,214.70554638903855,Offer targeted discount / personalized content,Low recent activity,Premium,Medium,North America,45,1
a1419778-cfb0-47d8-8e7a-bc5d093195d2,0.996141103443151,High,13.99,167.23216844603618,Offer targeted discount / personalized content,Low engagement,Standard,Low,North America,31,1
4933b25d-6722-45b2-b706-e08605c11066,0.9961421053735467,High,17.99,215.04715770804125,Offer targeted discount / personalized content,Low engagement,Premium,Low,Africa,38,1
24405e27-b8b8-4ef8-9cb0-c7974bd0dcd7,0.007509248482502205,Low,8.99,0.8100977262923379,Maintain engagement / loyalty rewards,Stable usage,Basic,High,Asia,59,0
3fb95ed2-0c85-4197-9463-622b3ca9a90c,0.009222118034438138,Low,17.99,1.990870841274505,Maintain engagement / loyalty rewards,Low engagement,Premium,Low,South America,42,0
c414e639-5ea4-4481-b760-4c16636863fb,0.9961206710627899,High,8.99,107.46149799425379,Offer targeted discount / personalized content,Low recent activity,Basic,Medium,Asia,47,1
f7b0c51e-0031-4647-900a-115a166b40b5,0.007579764130073621,Low,17.99,1.6363194804002932,Maintain engagement / loyalty rewards,Low recent activity,Premium,Medium,Oceania,58,0
17219697-8881-42f0-aba7-7ab8fdd11da9,0.007487417412312377,Low,17.99,1.6163836709699957,Maintain engagement / loyalty rewards,Higher plan cost,Premium,High,South America,41,0
b4af5cfb-b811-4ec6-9b0e-b8fbf7de35b5,0.9952066386873268,High,13.99,167.07529050282844,Offer targeted discount / personalized content,Low engagement,Standard,Low,Asia,40,1
9216565f-576a-44ed-9d7a-a8aab306d7fb,0.00750744153859578,Low,13.99,1.2603492854994596,Maintain engagement / loyalty rewards,Higher plan cost,Standard,Medium,Asia,59,0
7f00af18-e9a7-464e-a6b5-b9b10a54b27d,0.9961420103521611,High,17.99,215.0471371948245,Offer targeted discount / personalized content,Low recent activity,Premium,Low,South America,52,1
931bee39-98db-4b72-9e52-f40e09e00738,0.007487237444648588,Low,13.99,1.256957422207605,Maintain engagement / loyalty rewards,Higher plan cost,Standard,High,Europe,61,0
8c2d6f55-ade2-477e-b273-53e50b0a40b7,0.007491708679422442,Low,8.99,0.808205532336093,Maintain engagement / loyalty rewards,Stable usage,Basic,High,Asia,52,0
6b1bf8c4-e894-4ba9-9fad-7497ef253b7f,0.9961391771862091,High,13.99,167.2318450660208,Offer targeted discount / personalized content,Low recent activity,Standard,Low,Oceania,39,1
1a7ac656-bafb-4e6a-a5ac-ae0416f3dbe1,0.9961334211769737,High,8.99,107.46287347657193,Offer targeted discount / personalized content,Low engagement,Basic,Low,Europe,33,1
6034d060-391f-4f38-9ff7-870fb4d6c241,0.996142039768437,High,8.99,107.46380325021897,Offer targeted discount / personalized content,Low engagement,Basic,Low,Oceania,24,1
e1ba461d-21c7-4a8a-9629-d916d9b5cff7,0.007532662921752133,Low,8.99,0.8126236759986201,Maintain engagement / loyalty rewards,Stable usage,Basic,High,Europe,53,0
f0b6c5bd-f49e-4cd3-90f5-29b4b00a8ab3,0.9961409930580043,High,13.99,167.23214991457775,Offer targeted discount / personalized content,Low engagement,Standard,Low,North America,25,1
17570efb-4ba0-4b9f-8841-56492358c59a,0.007715254181163761,Low,13.99,1.2952368719337721,Maintain engagement / loyalty rewards,Higher plan cost,Standard,Medium,North America,40,0
17d1f30d-33be-4bc4-ba78-8a57cdc8ef8d,0.008504756876674197,Low,17.99,1.8360069145364255,Maintain engagement / loyalty rewards,Higher plan cost,Premium,Medium,South America,46,0
cf036ddf-1a7e-4a72-b1ea-55b11a87b482,0.99613538781173,High,17.99,215.04570752079627,Offer targeted discount / personalized content,Low engagement,Premium,Low,Asia,67,1
62bf9eae-d919-4c34-8bc2-2ffedcc4ec5d,0.00805617020522483,Low,13.99,1.3524698540531443,Maintain engagement / loyalty rewards,Low recent activity,Standard,Medium,South America,20,0
3b71b9da-ed2a-4bac-935d-60979792672e,0.007487165494944848,Low,17.99,1.6163292870486936,Maintain engagement / loyalty rewards,Higher plan cost,Premium,High,North America,22,0
d4fa918c-1bfb-4a9f-ab36-2179e743db0b,0.9954633521650773,High,17.99,214.90062846539686,Offer targeted discount / personalized content,Higher plan cost,Premium,Medium,South America,39,1
b585c7c3-46df-4c32-95eb-12551b1bb2d8,0.007505693819972137,Low,8.99,0.8097142492985941,Maintain engagement / loyalty rewards,Stable usage,Basic,High,Asia,53,0
91cf940b-4be6-4692-b46e-53cc59c3bc36,0.007488236276516814,Low,8.99,0.807830929510634,Maintain engagement / loyalty rewards,Stable usage,Basic,High,Europe,53,0
1b5f4177-371a-4c9a-a4fd-46ccc96103dd,0.9958163282807888,High,8.99,107.42866549493151,Offer targeted discount / personalized content,Stable usage,Basic,Low,North America,20,1
cf0e854c-0608-40f6-b631-6b4d5f7a0ce9,0.12681010811756852,Low,8.99,13.680274463723292,Maintain engagement / loyalty rewards,Low recent activity,Basic,Medium,Europe,62,0
2c906f73-b731-418e-8097-95c0f874c3eb,0.9961413554164638,High,17.99,215.0469958073062,Offer targeted discount / personalized content,Low engagement,Premium,Low,Africa,62,1
6843cc5d-4c0d-4a4f-a479-05001622c9bb,0.9954506611056313,High,13.99,167.1162569864134,Offer targeted discount / personalized content,Low engagement,Standard,Low,South America,41,1
4ffd8a27-1149-4b0c-a822-1da56b80b212,0.9961379200218223,High,8.99,107.46335881195421,Offer targeted discount / personalized content,Low recent activity,Basic,Low,Africa,30,1
dcece5b0-43e4-466c-9511-3fbae0a3b624,0.0075959963640474335,Low,8.99,0.8194560877534371,Maintain engagement / loyalty rewards,Stable usage,Basic,High,Europe,48,0
56664bb3-161c-447c-a977-00f18bc4787d,0.015733939590402264,Low,8.99,1.6973774030125963,Maintain engagement / loyalty rewards,Stable usage,Basic,High,Oceania,18,0
552546fb-dfc4-48e2-a13e-183c8fb7c18f,0.008186210476910335,Low,17.99,1.7672391177554032,Maintain engagement / loyalty rewards,Low recent activity,Premium,Medium,Asia,23,0
da959d35-24c6-46e5-b52b-a2908e645ed7,0.9961394364235024,High,8.99,107.46352240136744,Offer targeted discount / personalized content,Low engagement,Basic,Low,South America,68,1
a4eaedbe-375c-472f-bf56-15f560afa034,0.0074871161536300985,Low,17.99,1.6163186352456655,Maintain engagement / loyalty rewards,Higher plan cost,Premium,High,North America,30,0
b9d07746-6aa5-48e1-9033-e37b45cefb34,0.007490549105592817,Low,13.99,1.2575133838469221,Maintain engagement / loyalty rewards,Higher plan cost,Standard,High,Africa,61,0
fcf7205d-ed92-45a1-a608-75f6a70e5ed7,0.9961418167930223,High,17.99,215.04709540927763,Offer targeted discount / personalized content,Low engagement,Premium,Low,Europe,31,1
43e3cd1c-2c5a-4b3b-bd24-5a7d4ccd8bf2,0.995927563565766,High,13.99,167.19631937142077,Offer targeted discount / personalized content,Low recent activity,Standard,Medium,North America,44,1
87c2892e-e449-40c4-b110-0824c85d14af,0.007530972085634448,Low,13.99,1.264299593736311,Maintain engagement / loyalty rewards,Higher plan cost,Standard,Medium,South America,26,0
ccada82d-8cc9-47a7-bc93-ac1b8fa07b8e,0.007700698733831744,Low,17.99,1.6624268426595967,Maintain engagement / loyalty rewards,Higher plan cost,Premium,Medium,Africa,55,0
5526ab76-d30d-4cdf-84cb-ff2d3217274a,0.009453849845788445,Low,13.99,1.587112312110964,Maintain engagement / loyalty rewards,Low engagement,Standard,Low,Oceania,40,0
086a7a3f-9a89-42cd-8b47-ac858b72722a,0.007608697280900839,Low,8.99,0.8208262626635825,Maintain engagement / loyalty rewards,Stable usage,Basic,High,Asia,59,0
d6fde866-8dab-414d-93a6-44293e26c97b,0.007486999623248216,Low,17.99,1.6162934786668246,Maintain engagement / loyalty rewards,Higher plan cost,Premium,High,South America,51,0
f2b16c7f-4760-4f1e-a4b2-b5e50e67fb27,0.9959279312689052,High,8.99,107.44070522528949,Offer targeted discount / personalized content,Low engagement,Basic,Low,Europe,26,1
6e160b44-363a-4d57-bab6-5b22e979e887,0.9961407516383917,High,8.99,107.46366428674969,Offer targeted discount / personalized content,Low engagement,Basic,Low,Oceania,56,1
f0e8e312-3315-46d4-9475-d376bb231524,0.007492921279570139,Low,13.99,1.257911624414235,Maintain engagement / loyalty rewards,Higher plan cost,Standard,High,Europe,66,0
3ee82784-d01b-44da-b1fe-bbfa81b78bf1,0.007500672385664336,Low,13.99,1.2592128801053288,Maintain engagement / loyalty rewards,Higher plan cost,Standard,High,Oceania,35,0
27df865c-d4b2-4981-a525-360126dcd57a,0.00748829275654109,Low,17.99,1.6165726402820901,Maintain engagement / loyalty rewards,Higher plan cost,Premium,High,Oceania,28,0
efd974fa-1dce-41ff-9d11-0d2f181559a0,0.9961415337332733,High,13.99,167.23224068314192,Offer targeted discount / personalized content,Low engagement,Standard,Low,Oceania,66,1
e2c3f40a-af6b-49bb-a8c6-85691505fae8,0.007553595138481137,Low,8.99,0.814881843539345,Maintain engagement / loyalty rewards,Stable usage,Basic,High,Africa,19,0
8e595ac0-28a0-4178-b0bb-04b452326a5b,0.007540583795271849,Low,8.99,0.8134781798339272,Maintain engagement / loyalty rewards,Stable usage,Basic,High,Europe,32,0
e49a8c45-d0f3-40a4-bbdf-08134e2c2a91,0.007487294338025849,Low,17.99,1.61635710169302,Maintain engagement / loyalty rewards,Higher plan cost,Premium,High,North America,63,0
47f88627-cafa-48f1-be88-630ac9399313,0.007487865821679045,Low,13.99,1.2570629141434781,Maintain engagement / loyalty rewards,Low recent activity,Standard,High,Asia,69,0
140050f4-0857-4a05-b012-34001d8114a6,0.9961409864284597,High,8.99,107.46368961590224,Offer targeted discount / personalized content,Low engagement,Basic,Low,Oceania,24,1
fae18ffd-0f18-453b-9a08-6af102c029fa,0.9961419502007176,High,8.99,107.46379358765341,Offer targeted discount / personalized content,Low engagement,Basic,Low,Europe,24,1
25d38511-efff-416e-a92e-af59e71aedae,0.0084004211060833,Low,17.99,1.8134829083812627,Maintain engagement / loyalty rewards,Higher plan cost,Premium,Medium,Europe,62,0
37df711b-35ee-4ed8-83d2-922c80ffa1a1,0.9961405296349302,High,13.99,167.23207211511206,Offer targeted discount / personalized content,Low engagement,Standard,Low,Oceania,64,1
94db0386-f234-4ee7-8aa0-dcc0ff457278,0.013124266163518566,Low,8.99,1.415845833720383,Maintain engagement / loyalty rewards,Stable usage,Basic,Medium,Africa,69,0
73133473-9657-49c2-b4f8-77b2380ca309,0.9949113572133873,High,17.99,214.78146379522605,Offer targeted discount / personalized content,Higher plan cost,Premium,Medium,Asia,32,1
e19f60cc-7e74-458f-9e37-12511d3a3506,0.9961209521455021,High,17.99,215.04259114917096,Offer targeted discount / personalized content,Low engagement,Premium,Low,Oceania,67,1
ddb44990-503f-4d57-b23e-81ee8e33e31c,0.9961394464642828,High,8.99,107.46352348456684,Offer targeted discount / personalized content,Low recent activity,Basic,Medium,North America,37,1
fefecab1-579c-48fa-8803-253dfbdf42d5,0.9961408242177917,High,13.99,167.23212156968287,Offer targeted discount / personalized content,Low engagement,Standard,Low,North America,34,1
46fd4297-b49a-45d6-a09d-19a26147e19a,0.007494430139775308,Low,8.99,0.8084991234789602,Maintain engagement / loyalty rewards,Stable usage,Basic,High,Oceania,21,0
89c5d399-6c86-4310-b981-2bd58fc37e57,0.007487476351215922,Low,17.99,1.616396394700493,Maintain engagement / loyalty rewards,Higher plan cost,Premium,High,Asia,50,0
f1506978-d456-462e-a6c7-85a160c9b82e,0.00754658594933022,Low,8.99,0.8141256922137441,Maintain engagement / loyalty rewards,Stable usage,Basic,High,Europe,56,0
165348b6-2c90-4d08-88c4-9c3a76076b85,0.00812806747564741,Low,8.99,0.8768559192728426,Maintain engagement / loyalty rewards,Stable usage,Basic,High,Asia,52,0
146bc219-473c-4813-9d27-f584962bdb44,0.9960838160670804,High,17.99,215.03457421256132,Offer targeted discount / personalized content,Low engagement,Premium,Low,Asia,62,1
1715c4e4-7c56-4bcf-845a-4c366c39e8fc,0.9961415038229113,High,8.99,107.46374543241566,Offer targeted discount / personalized content,Low recent activity,Basic,Low,Africa,53,1
1986a40f-eb95-42f1-866c-0aa905972aa5,0.9961420813486088,High,8.99,107.46380773588791,Offer targeted discount / personalized content,Low recent activity,Basic,Low,North America,46,1
eb982e0d-4adc-47a3-98e8-4e86a3befe48,0.007487098193738694,Low,13.99,1.2569340447648518,Maintain engagement / loyalty rewards,Higher plan cost,Standard,High,Africa,65,0
c469045f-ec87-42e4-82a1-be8e5bab2135,0.007489713072954843,Low,13.99,1.257373030687659,Maintain engagement / loyalty rewards,Higher plan cost,Standard,High,Asia,33,0
b74f6b4b-a83d-4319-a121-99c5b4e1a7ed,0.9961310131688261,High,8.99,107.46261370065297,Offer targeted discount / personalized content,Low engagement,Basic,Low,South America,37,1
23d09f18-697f-4233-b1a5-6fe4513aab29,0.007490322304709319,Low,17.99,1.6170107791406478,Maintain engagement / loyalty rewards,Higher plan cost,Premium,High,Africa,52,0
b12d8725-09de-44f9-8b52-603ba1c99166,0.007494732073341182,Low,13.99,1.2582156204725177,Maintain engagement / loyalty rewards,Higher plan cost,Standard,High,Africa,30,0
c26d29b3-eac5-4ac4-82a5-116833c65582,0.9961415957663895,High,17.99,215.04704769404813,Offer targeted discount / personalized content,Low engagement,Premium,Low,Africa,38,1
c53745c7-448f-4527-be6b-734d02c8548e,0.9961376154446266,High,17.99,215.046188422186,Offer targeted discount / personalized content,Low recent activity,Premium,Medium,South America,62,1
a2147627-7d68-4461-8c26-3192b1252e0e,0.007597660847705828,Low,8.99,0.8196356522505048,Maintain engagement / loyalty rewards,Stable usage,Basic,High,North America,22,0
dd2569d2-b6cc-474b-be8b-bc3dc7a5cb4a,0.007575668120415593,Low,17.99,1.635435233835318,Maintain engagement / loyalty rewards,Higher plan cost,Premium,High,Asia,55,0
cd974314-1954-4de9-9813-63cb988be716,0.9961387316014703,High,17.99,215.04642937812537,Offer targeted discount / personalized content,Low engagement,Premium,Low,North America,48,1
7f3ea46a-0d94-46df-a668-471a6e468f64,0.9961202103730524,High,13.99,167.22866091742804,Offer targeted discount / personalized content,Low recent activity,Standard,Low,Oceania,54,1
89fa6c7c-ab59-40a0-aab5-8a9c35733ad5,0.9961416478376985,High,13.99,167.23225983899283,Offer targeted discount / personalized content,Low recent activity,Standard,Low,Oceania,27,1
0908b54f-538e-4a4b-bc5e-e93d4b529d8d,0.008002058339888485,Low,17.99,1.727484354415126,Maintain engagement / loyalty rewards,Higher plan cost,Premium,High,Africa,59,0
e4d4a948-04d2-434f-a52c-ebc5151db43e,0.0074921132852998245,Low,17.99,1.617397416030526,Maintain engagement / loyalty rewards,Higher plan cost,Premium,High,Europe,39,0
edf8770b-4690-4b30-a9da-a5bc9ef3c615,0.9961334698832343,High,17.99,215.04529347839258,Offer targeted discount / personalized content,Low engagement,Premium,Low,South America,19,1
8571850d-e2cd-47a6-bc93-63f2d3f9cb30,0.9961419412507523,High,13.99,167.23230909717628,Offer targeted discount / personalized content,Low recent activity,Standard,Low,Asia,29,1
2b696005-f4d7-40c5-bcc3-587d2910a8e3,0.015742309568948797,Low,17.99,3.398449789744666,Maintain engagement / loyalty rewards,Higher plan cost,Premium,Medium,Europe,33,0
77f8d2da-3f34-4a02-8780-fcaab801b7fb,0.9961422153067006,High,8.99,107.46382218728687,Offer targeted discount / personalized content,Low recent activity,Basic,Low,Asia,62,1
2986b2af-cafa-4e8e-84ef-935c90683c79,0.007487211610361144,Low,13.99,1.2569530851474289,Maintain engagement / loyalty rewards,Higher plan cost,Standard,Medium,South America,45,0
23a6a866-d1a1-4929-9b5d-97c99ed39c80,0.009031108173447235,Low,13.99,1.516142440158322,Maintain engagement / loyalty rewards,Higher plan cost,Standard,Medium,Oceania,48,0
81572c13-a12d-4bf8-a510-5bdb12c9c16a,0.007556253821384714,Low,8.99,0.8151686622509831,Maintain engagement / loyalty rewards,Stable usage,Basic,High,Africa,19,0
1f89f505-ac3f-4538-9215-063c70b48b98,0.007678503786725593,Low,17.99,1.657635397478321,Maintain engagement / loyalty rewards,Low recent activity,Premium,Medium,South America,20,0
dcf62189-400f-4b2a-afc7-9b673182c229,0.9958505971794676,High,8.99,107.43236242372095,Offer targeted discount / personalized content,Low recent activity,Basic,Medium,Oceania,59,1
3c84119c-5db9-4cbb-ac42-45757da0210f,0.9961419326630712,High,8.99,107.46379169569212,Offer targeted discount / personalized content,Stable usage,Basic,Medium,South America,41,1
729ef660-eb97-4b5e-8765-4791dba2f754,0.9961409491616351,High,17.99,215.04690810501378,Offer targeted discount / personalized content,Low recent activity,Premium,Low,South America,41,1
93ddd2c6-7761-44e5-a8b5-a43863575f33,0.007487509901714204,Low,13.99,1.2570031622997806,Maintain engagement / loyalty rewards,Higher plan cost,Standard,High,Europe,47,0
3c43176b-3672-4722-87a6-74a88692c573,0.9961413277883822,High,17.99,215.04698984295595,Offer targeted discount / personalized content,Low recent activity,Premium,Low,Asia,46,1
0e9cfc52-27cb-4fed-97cd-46f4bbacfa31,0.9961406726849296,High,8.99,107.46365576925021,Offer targeted discount / personalized content,Low engagement,Basic,Low,Asia,33,1
973e84f5-3ef5-4309-9b37-2b4af45ed4b9,0.007491589280995558,Low,17.99,1.6172842939813212,Maintain engagement / loyalty rewards,Higher plan cost,Premium,High,Oceania,21,0
0301dc2e-b1d8-46ad-a291-0f056e28896a,0.9961312569297833,High,8.99,107.46263999758503,Offer targeted discount / personalized content,Low engagement,Basic,Low,South America,66,1
e5bd752b-a772-4775-b45b-1f2fdd438ba7,0.9952214210185595,High,17.99,214.8484003694866,Offer targeted discount / personalized content,Low engagement,Premium,Low,Asia,37,1
e33f6670-abe6-4931-8c94-3c94e8a9ce49,0.00841481983783618,Low,13.99,1.4126799543759379,Maintain engagement / loyalty rewards,Higher plan cost,Standard,Medium,Europe,49,0
ad445a45-e3da-485d-9d7c-d174bd6cb9fd,0.0074870649645417675,Low,13.99,1.256928466247272,Maintain engagement / loyalty rewards,Higher plan cost,Standard,High,South America,66,0
23f24aaf-241e-4d60-a09e-7b0ca98bc162,0.9961417292276826,High,8.99,107.46376974908242,Offer targeted discount / personalized content,Low recent activity,Basic,Low,South America,35,1
9fc308fa-66ba-46c2-ab5d-96a0592bfdb6,0.9961410031886299,High,13.99,167.2321516153072,Offer targeted discount / personalized content,Low recent activity,Standard,Low,Africa,65,1
535f3322-6658-449b-8cca-0942262d1c30,0.035784455458328056,Low,13.99,6.007494382344114,Maintain engagement / loyalty rewards,Low recent activity,Standard,Medium,Oceania,20,0
df0faf6a-31a9-4e2a-bb49-3ec85a23da60,0.9961376543232505,High,13.99,167.23158940778728,Offer targeted discount / personalized content,Higher plan cost,Standard,Medium,Europe,25,1
ac816925-161d-46fb-94c9-1fd98990a8a9,0.9961404904792991,High,13.99,167.23206554166472,Offer targeted discount / personalized content,Low engagement,Standard,Low,North America,32,1
99ad0075-1330-459a-80ee-c657f8d65788,0.996141205814005,High,17.99,215.0469635111274,Offer targeted discount / personalized content,Low recent activity,Premium,Low,South America,59,1
46c6cf49-e8b6-475d-9252-218a53be060c,0.9961396039123678,High,8.99,107.46354047006625,Offer targeted discount / personalized content,Low recent activity,Basic,Medium,Europe,34,1
d1beab45-e3a2-4cbd-84d3-15d4409cfab0,0.007583257854768766,Low,17.99,1.637073705687481,Maintain engagement / loyalty rewards,Higher plan cost,Premium,Medium,Europe,62,0
421eaae8-990a-4421-be7e-b58f45b36d28,0.0075907556028054265,Low,8.99,0.8188907144306494,Maintain engagement / loyalty rewards,Stable usage,Basic,High,South America,55,0
28dd1332-f527-4429-88e4-2c54f09b4578,0.9959977290598993,High,13.99,167.20809875457587,Offer targeted discount / personalized content,Higher plan cost,Standard,Medium,Asia,40,1
2094b063-9307-43b4-93e2-c886a4267f3e,0.008073557636741446,Low,17.99,1.7429196226197434,Maintain engagement / loyalty rewards,Low recent activity,Premium,Medium,Europe,51,0
32e6a570-0814-4ec5-9437-964eb1c0628c,0.9961407554573578,High,17.99,215.0468662881344,Offer targeted discount / personalized content,Low recent activity,Premium,Low,Oceania,29,1
2f3049d1-4d2c-4843-a9c2-8fc9120b4c94,0.9961372626307963,High,8.99,107.46328789261031,Offer targeted discount / personalized content,Stable usage,Basic,Medium,North America,49,1
67e5d466-d227-4f8e-9bda-0149ee523745,0.9961411595925123,High,17.99,215.04695353283154,Offer targeted discount / personalized content,Low engagement,Premium,Low,Oceania,38,1
373a5341-9fae-4e0f-b0cb-940c4142c903,0.007494093450054272,Low,8.99,0.8084628013918549,Maintain engagement / loyalty rewards,Stable usage,Basic,High,Asia,49,0
aac9ebfd-3df9-483c-8fa5-ff1d45671696,0.007761140500857716,Low,17.99,1.6754750113251635,Maintain engagement / loyalty rewards,Low recent activity,Premium,Medium,Africa,48,0
44dbc1a9-eb73-4769-bb12-4664aaac9fd5,0.007487154427362172,Low,17.99,1.6163268977789458,Maintain engagement / loyalty rewards,Higher plan cost,Premium,Medium,South America,45,0
96e05214-21b3-4450-ab7c-2722a75e519d,0.9961410155561945,High,8.99,107.46369275820226,Offer targeted discount / personalized content,Low recent activity,Basic,Medium,Oceania,39,1
d9e6a910-4984-4cba-bacc-406df78a9267,0.9961418302414415,High,8.99,107.46378064644672,Offer targeted discount / personalized content,Low engagement,Basic,Low,North America,63,1
46251140-d9fd-4ce3-b8dd-fb44601072b2,0.9961330684315838,High,8.99,107.46283542239925,Offer targeted discount / personalized content,Low engagement,Basic,Low,Asia,21,1
34b11349-c05d-4937-a515-141c02818f64,0.0074904959175890505,Low,13.99,1.25750445464485,Maintain engagement / loyalty rewards,Low recent activity,Standard,Medium,Africa,36,0
07aaee5a-c849-49f0-bc95-4ec089ebd3fd,0.9961409674244562,High,8.99,107.46368756575033,Offer targeted discount / personalized content,Low recent activity,Basic,Low,South America,63,1
e7ef30c9-36eb-4033-ba19-2baf2f0563c8,0.0075034987278782845,Low,8.99,0.8094774427635094,Maintain engagement / loyalty rewards,Stable usage,Basic,High,North America,54,0
39047018-dbfe-4cd5-8d42-abef35b1be4a,0.0074901285816581205,Low,13.99,1.2574427862887652,Maintain engagement / loyalty rewards,Higher plan cost,Standard,High,South America,22,0
91218fe1-6859-4876-80f7-d6165cbd7bd0,0.0074870043765092025,Low,13.99,1.2569182947283648,Maintain engagement / loyalty rewards,Higher plan cost,Standard,High,Europe,33,0
6c6c1bb7-6107-461d-ae34-e6759269a77d,0.9961413016631097,High,8.99,107.46372362341626,Offer targeted discount / personalized content,Low recent activity,Basic,Low,Europe,28,1
03c16f8b-64ce-4d37-9afe-f7a7359a10b8,0.007487127166739242,Low,17.99,1.6163210127556673,Maintain engagement / loyalty rewards,Higher plan cost,Premium,High,North America,22,0
24f1f8ac-6d0e-4447-a0db-c3ab27251400,0.007508608164334416,Low,17.99,1.6209583305165136,Maintain engagement / loyalty rewards,Higher plan cost,Premium,High,North America,22,0
4264a846-1da0-44d8-b472-dee73a80502e,0.9961421213362325,High,8.99,107.46381204975276,Offer targeted discount / personalized content,Low recent activity,Basic,Low,Africa,18,1
027c06c0-4dec-43d4-91eb-d2a5a70f92e0,0.996139776772717,High,17.99,215.04665500969415,Offer targeted discount / personalized content,Low engagement,Premium,Low,North America,49,1
fb5cc622-695b-4447-b65e-173ed40be7fd,0.9961374872383898,High,17.99,215.04616074502357,Offer targeted discount / personalized content,Low recent activity,Premium,Medium,Asia,23,1
7344e8a9-c160-4f84-9215-54be55f8b369,0.9958804666833478,High,17.99,214.9906751476011,Offer targeted discount / personalized content,Higher plan cost,Premium,Low,North America,69,1
0690ee56-dbe2-4187-9a3b-db22c49cea51,0.9961414002218856,High,13.99,167.23221826925015,Offer targeted discount / personalized content,Low recent activity,Standard,Low,Asia,42,1
72c79df9-fe17-4b36-887c-9ac68890f255,0.007798551791759159,Low,8.99,0.8413077672949781,Maintain engagement / loyalty rewards,Stable usage,Basic,High,Africa,40,0
34795a37-7635-423e-9ecb-56194c0ee1ef,0.007487833698202782,Low,13.99,1.2570575212542832,Maintain engagement / loyalty rewards,Higher plan cost,Standard,High,Africa,26,0
504c17d7-19fd-456d-a80e-b60c45ce6e7f,0.9958320533199178,High,17.99,214.98022367070382,Offer targeted discount / personalized content,Higher plan cost,Premium,Medium,South America,46,1
64d66fab-5ec1-4ae5-9010-b72c1aefa827,0.007492746363420874,Low,13.99,1.2578822594910963,Maintain engagement / loyalty rewards,Higher plan cost,Standard,High,South America,19,0
15f35d98-ef62-4252-a44a-98483ecfdc6b,0.9961400061544126,High,17.99,215.04670452861455,Offer targeted discount / personalized content,Low engagement,Premium,Low,Oceania,26,1
381b9550-7403-48dc-bcff-6dad9fc2fa87,0.996142068460242,High,17.99,215.04714973919704,Offer targeted discount / personalized content,Low engagement,Premium,Low,Asia,27,1
3ead40cc-03a1-4cf8-abf1-cfed74120c33,0.9955740055682657,High,17.99,214.92451632207718,Offer targeted discount / personalized content,Low engagement,Premium,Low,Oceania,40,1
91f3fee3-3140-4e9a-a53e-b7cd3160bbb8,0.9961421107694711,High,8.99,107.46381090981055,Offer targeted discount / personalized content,Low engagement,Basic,Low,Europe,58,1
35eda14f-a4c1-4e4d-a0ff-48d5f47d6cd0,0.009919245002951363,Low,13.99,1.6652428510954747,Maintain engagement / loyalty rewards,Low recent activity,Standard,Medium,South America,36,0
ac468cbb-0f55-48fd-978f-33519d3c4e8f,0.996008141694887,High,17.99,215.0182376290922,Offer targeted discount / personalized content,Low engagement,Premium,Low,North America,67,1
4d1f6b5b-7652-4e4e-b63b-a8bc84930962,0.008148737668040766,Low,13.99,1.3680100797106838,Maintain engagement / loyalty rewards,Higher plan cost,Standard,Medium,Europe,24,0
0c23ddf6-2f6f-4738-bbbe-d03878cef662,0.9961419835915739,High,8.99,107.463797189859,Offer targeted discount / personalized content,Stable usage,Basic,Medium,Europe,37,1
85b672b9-5979-4d69-a17e-9fab8ddf7175,0.007487035844670492,Low,17.99,1.6163012981474658,Maintain engagement / loyalty rewards,Higher plan cost,Premium,High,Asia,26,0
f2cd737b-75dc-4064-bd5c-de2ee6af51c9,0.9961362277903737,High,13.99,167.23134992144793,Offer targeted discount / personalized content,Low engagement,Standard,Low,Oceania,63,1
5b1eeeb3-53e3-4ae2-bcfb-2b0d60e1a21c,0.007487679332070998,Low,17.99,1.6164402142074867,Maintain engagement / loyalty rewards,Higher plan cost,Premium,High,Oceania,38,0
6c63319f-2d29-4cd8-ae08-7d646783282a,0.9956996511102341,High,13.99,167.1580574283861,Offer targeted discount / personalized content,Higher plan cost,Standard,Low,North America,54,1
ef8a5d14-205a-47a3-a595-acef403bffa7,0.9953834572351038,High,8.99,107.38196736652299,Offer targeted discount / personalized content,Stable usage,Basic,Medium,Africa,57,1
af35351d-11cc-4c32-8b3c-6d477cb05b19,0.9959072263103768,High,17.99,214.9964520158841,Offer targeted discount / personalized content,Low engagement,Premium,Low,Oceania,55,1
cfe60bd5-d9f0-4eb7-bd59-3358e35bca91,0.9961422327674743,High,8.99,107.46382407095513,Offer targeted discount / personalized content,Low engagement,Basic,Low,North America,42,1
2c9b21d9-8b8d-4e69-bb70-e20d34b16983,0.9961370534350701,High,13.99,167.23148853067957,Offer targeted discount / personalized content,Low engagement,Standard,Low,Africa,22,1
1211c375-77c5-456b-b087-adb685025dd0,0.9932663513258246,High,8.99,107.15357398102995,Offer targeted discount / personalized content,Stable usage,Basic,Medium,Europe,37,1
e093d405-4d3f-489f-969f-6c14fcac2a33,0.9961394867289846,High,8.99,107.46352782832287,Offer targeted discount / personalized content,Low recent activity,Basic,Medium,North America,61,1
25790560-f785-425f-a426-fd3545fc21ad,0.007494268045239981,Low,8.99,0.8084816367204892,Maintain engagement / loyalty rewards,Stable usage,Basic,High,Oceania,47,0
ffbe0e7c-9921-4107-9d4c-f75a1a70ac2a,0.007953113391932812,Low,13.99,1.3351686762376804,Maintain engagement / loyalty rewards,Low recent activity,Standard,Medium,Asia,31,0
7d0a7427-093b-4583-9b8e-13162463ad6a,0.996127522040182,High,13.99,167.22988840010575,Offer targeted discount / personalized content,Higher plan cost,Standard,Medium,Europe,52,1
08d9dcda-cbfc-4b6b-adc8-658ae78cdcf3,0.9961420701010916,High,8.99,107.46380652250576,Offer targeted discount / personalized content,Low recent activity,Basic,Low,Oceania,29,1
5d798ad1-efc9-4cfe-99af-7dcae34b5c0e,0.0074871228730485,Low,13.99,1.2569381879273822,Maintain engagement / loyalty rewards,Higher plan cost,Standard,High,Oceania,26,0
acb5b541-437d-4150-9562-2639a38159db,0.007508345789926893,Low,17.99,1.6209016891294175,Maintain engagement / loyalty rewards,Higher plan cost,Premium,Medium,Africa,52,0
643494e4-afe5-405d-b0e2-daec487796a3,0.007490045372781831,Low,13.99,1.257428817182614,Maintain engagement / loyalty rewards,Higher plan cost,Standard,High,North America,33,0
96845736-2edd-450d-8678-2d935b5b3f09,0.9959735539836453,High,17.99,215.01077083398934,Offer targeted discount / personalized content,Low recent activity,Premium,Low,North America,52,1
42fb7dc0-56cd-426e-8c8e-19808925ea59,0.9961419697691646,High,8.99,107.46379569869748,Offer targeted discount / personalized content,Low engagement,Basic,Low,North America,48,1
2024bd7e-e873-48c0-9e44-5c66143e14a2,0.9961407474256152,High,13.99,167.23210867781228,Offer targeted discount / personalized content,Low recent activity,Standard,Low,South America,52,1
28e30bf4-e7c0-4579-9c38-0aee5d5ea3f2,0.9961414435356023,High,8.99,107.46373892862077,Offer targeted discount / personalized content,Low engagement,Basic,Low,Asia,50,1
196f5f4b-47a8-496e-9ddb-9299912fd698,0.007932836915453222,Low,17.99,1.7125408333080414,Maintain engagement / loyalty rewards,Low recent activity,Premium,Medium,Africa,43,0
4b1c7681-3221-44aa-82c7-02aebdd20434,0.007508491471105513,Low,13.99,1.2605255481691935,Maintain engagement / loyalty rewards,Low recent activity,Standard,High,Europe,62,0
179fd5bc-99d7-42ca-96e9-194c7c1068be,0.9961321186755102,High,8.99,107.46273296271403,Offer targeted discount / personalized content,Low engagement,Basic,Low,Asia,31,1
ecd368fd-0a23-436c-b18c-f79fa8d974c1,0.9958462811207485,High,17.99,214.98329516834715,Offer targeted discount / personalized content,Low recent activity,Premium,Medium,Asia,35,1
faddd042-b338-4999-ab4a-21667a8aff99,0.008381819048146758,Low,17.99,1.8094670961139219,Maintain engagement / loyalty rewards,Higher plan cost,Premium,Low,South America,68,0
3fd47b85-cf5a-414e-9929-7ed51be738ab,0.9961415008983753,High,17.99,215.04702721394122,Offer targeted discount / personalized content,Low recent activity,Premium,Low,Oceania,45,1
548084c6-48aa-4110-ae71-02c2cd0640d8,0.9960974355680594,High,17.99,215.03751439043265,Offer targeted discount / personalized content,Low engagement,Premium,Low,Oceania,24,1
200744fd-339d-46b7-bdd7-75f6311d10c2,0.9959590119341657,High,13.99,167.20159892350773,Offer targeted discount / personalized content,Low recent activity,Standard,Low,Europe,30,1
4f3c78e6-9e90-4601-bece-377f38567cef,0.9961392603573025,High,13.99,167.23185902878396,Offer targeted discount / personalized content,Higher plan cost,Standard,Medium,Asia,51,1
faf264ee-c0a0-400b-9d77-353c6ced1a8c,0.9961415020461704,High,8.99,107.46374524074085,Offer targeted discount / personalized content,Low engagement,Basic,Low,North America,25,1
44e14173-268c-47b3-b10d-35e655f1b8d5,0.007487960766723961,Low,13.99,1.2570788535176187,Maintain engagement / loyalty rewards,Higher plan cost,Standard,High,South America,43,0
f0e9091e-2431-4ab8-8bb9-444c5c39c800,0.9961418888000685,High,8.99,107.4637869637514,Offer targeted discount / personalized content,Low engagement,Basic,Low,Africa,58,1
1f0b6300-2576-4798-bd4a-7645fc55445b,0.9961230332179973,High,13.99,167.22913481663738,Offer targeted discount / personalized content,Low recent activity,Standard,Medium,North America,27,1
514c1267-5be8-4418-9efb-f7999a11f894,0.00799415760216768,Low,17.99,1.7257787431559588,Maintain engagement / loyalty rewards,Low recent activity,Premium,Medium,Africa,33,0
ec5781d8-464a-454c-baff-392f96621e07,0.007487067298443263,Low,17.99,1.6163080883879317,Maintain engagement / loyalty rewards,Higher plan cost,Premium,High,Asia,35,0
4c9eda19-2bb3-43e7-8e1c-0a0ff9357bd4,0.011297893767931487,Low,8.99,1.218816779684449,Maintain engagement / loyalty rewards,Stable usage,Basic,Medium,Asia,56,0
910c5164-93ec-4e31-88ad-549868476466,0.9960177992392267,High,13.99,167.21146813628138,Offer targeted discount / personalized content,Higher plan cost,Standard,Medium,Europe,59,1
2d4805d4-31be-4eb1-940d-a328774e9e5d,0.9961316628483926,High,8.99,107.46268378808459,Offer targeted discount / personalized content,Low engagement,Basic,Low,South America,41,1
d2d6b334-a048-454e-a756-1d925a2445eb,0.009266808189760783,Low,17.99,2.0005185520055577,Maintain engagement / loyalty rewards,Higher plan cost,Premium,Low,Oceania,22,0
f3246e5b-ec85-446b-bcf2-30b15de58d9d,0.007492743599323504,Low,17.99,1.6175334882219579,Maintain engagement / loyalty rewards,Higher plan cost,Premium,High,Africa,64,0
346ab0c2-f11d-4a08-a0ef-7694363f3ae0,0.9961411113332529,High,8.99,107.46370309063133,Offer targeted discount / personalized content,Low engagement,Basic,Low,South America,61,1
6e50444c-6c08-423f-b720-847af215bd41,0.9958205931309043,High,13.99,167.17836117481622,Offer targeted discount / personalized content,Low engagement,Standard,Low,Oceania,37,1
5e0f5d5f-f7b8-4ad4-a56f-22b2bb3c43e4,0.9961408682227131,High,8.99,107.46367686386628,Offer targeted discount / personalized content,Low recent activity,Basic,Low,North America,48,1
a48287db-3d2e-40a0-a0b8-8675d4589388,0.9961276621777404,High,8.99,107.46225219573464,Offer targeted discount / personalized content,Low engagement,Basic,Low,Asia,58,1
26622754-7436-4bf5-adea-04a292f06216,0.9961418890190978,High,8.99,107.46378698738027,Offer targeted discount / personalized content,Low engagement,Basic,Low,Asia,25,1
abd4eaa5-969c-4035-bd81-b98533442ae0,0.007501767135881741,Low,8.99,0.8092906386189223,Maintain engagement / loyalty rewards,Stable usage,Basic,High,South America,51,0
faf370da-6bed-4d99-aa01-15b0f2868a9e,0.9961411756649138,High,13.99,167.23218057062573,Offer targeted discount / personalized content,Low engagement,Standard,Low,Oceania,34,1
28b8c898-187c-49cb-b827-d91fd93bec70,0.007488949561789121,Low,17.99,1.6167144313990351,Maintain engagement / loyalty rewards,Higher plan cost,Premium,High,Africa,62,0
049ec9ab-b09f-461c-b774-5810bc5789c9,0.007488647712875635,Low,13.99,1.2571941780375617,Maintain engagement / loyalty rewards,Higher plan cost,Standard,High,Africa,66,0
18529d93-893a-4903-8289-5bc00dfbbbc6,0.9879308825441946,High,13.99,165.8538365615194,Offer targeted discount / personalized content,Higher plan cost,Standard,Medium,Oceania,35,1
1303b7b6-6ec5-4e7a-af22-ea429515357d,0.008353715806511414,Low,17.99,1.803400168309684,Maintain engagement / loyalty rewards,Low engagement,Premium,Low,Africa,64,0
654260fa-24d7-4f03-b32c-f5ab977a1031,0.996026659399188,High,17.99,215.02223523109672,Offer targeted discount / personalized content,Low recent activity,Premium,Low,Oceania,21,1
301e8131-5946-4245-ba48-2dc3fd552cb8,0.008502603748257915,Low,13.99,1.4274171172575387,Maintain engagement / loyalty rewards,Higher plan cost,Standard,Medium,Asia,58,0
ffd7a77d-7608-4dbc-82d1-c2d4d1d5d132,0.007486976791720343,Low,17.99,1.6162885497965873,Maintain engagement / loyalty rewards,Higher plan cost,Premium,High,Oceania,49,0
b2b3bbdb-482c-4388-b355-c728f9da748f,0.007490876877541182,Low,13.99,1.2575684102016136,Maintain engagement / loyalty rewards,Higher plan cost,Standard,High,South America,39,0
1f796607-be06-4e6a-a102-2efc78b1ca16,0.9961413944622594,High,17.99,215.04700423651252,Offer targeted discount / personalized content,Low engagement,Premium,Low,Asia,49,1
bfa02557-5441-4042-8137-793c43a422e8,0.0074877722838497685,Low,17.99,1.616460280637488,Maintain engagement / loyalty rewards,Higher plan cost,Premium,High,Europe,61,0
f6907862-a9fd-4a23-aae1-6edbf491d7f1,0.9960628996310341,High,13.99,167.219039590058,Offer targeted discount / personalized content,Low recent activity,Standard,Low,Africa,32,1
5144a8df-7f6d-4e84-9022-66f39e58bb68,0.9961414415212179,High,8.99,107.46373871130899,Offer targeted discount / personalized content,Low engagement,Basic,Low,Oceania,22,1
7b0d81cd-c249-4d2d-9cdc-6ee9d85ed283,0.21575447877567355,Low,8.99,23.275593170319663,Maintain engagement / loyalty rewards,Stable usage,Basic,High,Europe,47,0
769674ba-19e5-4a6a-b353-facf54fbb6e0,0.9961401951636292,High,13.99,167.23201596407006,Offer targeted discount / personalized content,Low engagement,Standard,Low,Africa,41,1
1679b3fc-718f-4000-8f69-3b9366299e49,0.9957431854599426,High,8.99,107.42077484741861,Offer targeted discount / personalized content,Stable usage,Basic,Medium,Europe,65,1
d88c20b8-c0af-41e5-8d59-65a345133fb3,0.007548141976389373,Low,8.99,0.8142935564128857,Maintain engagement / loyalty rewards,Stable usage,Basic,Medium,Asia,57,0
e5a8e0b5-5b5e-4613-acc4-76b38e03f958,0.007869863325470567,Low,17.99,1.698946094702586,Maintain engagement / loyalty rewards,Higher plan cost,Premium,Medium,Europe,42,0
b034d781-e4ca-4cfc-b645-e9531ef2d347,0.9961413582501054,High,17.99,215.04699641903275,Offer targeted discount / personalized content,Low engagement,Premium,Low,Asia,50,1
0c07f09f-a442-4a69-a25d-8af2df6af414,0.008270429740223715,Low,13.99,1.3884397447887573,Maintain engagement / loyalty rewards,Low recent activity,Standard,Low,Oceania,38,0
916d87c9-3f88-4f0e-98ee-0f27d8e62b0a,0.9961339429797743,High,17.99,215.0453956104737,Offer targeted discount / personalized content,Low recent activity,Premium,Medium,South America,58,1
9b6193ab-b21c-4cc8-b45d-2bd11475efb3,0.9959019226947564,High,13.99,167.1920147819957,Offer targeted discount / personalized content,Higher plan cost,Standard,Medium,Asia,30,1
14b956af-aa78-468c-a20d-daabae23108d,0.9961420795750169,High,17.99,215.0471521386546,Offer targeted discount / personalized content,Low recent activity,Premium,Low,Asia,64,1
6032d0f5-e5c0-49d2-971d-079db6c358df,0.01068219076554765,Low,13.99,1.7933261857201397,Maintain engagement / loyalty rewards,Low engagement,Standard,Low,Europe,51,0
d59ba34e-6680-40f2-ae1a-14f2d2c88e91,0.996134722748584,High,8.99,107.46301389011722,Offer targeted discount / personalized content,Low recent activity,Basic,Low,Asia,56,1
1ba18211-9c5f-498f-b188-b5b5f58ff198,0.007486984382638291,Low,13.99,1.2569149381573164,Maintain engagement / loyalty rewards,Higher plan cost,Standard,High,South America,48,0
7fc98c2f-c71a-4af0-b532-7bb513272815,0.9961313276239963,High,8.99,107.46264762407671,Offer targeted discount / personalized content,Low recent activity,Basic,Medium,Asia,27,1
c6f3374b-7a7f-4219-b194-f0c989f78cfc,0.9961382502383926,High,8.99,107.46339443571782,Offer targeted discount / personalized content,Low engagement,Basic,Low,Europe,23,1
fcf17ea1-2e26-45b6-8c64-052a0c84e1a4,0.9956401197561622,High,17.99,214.93878905296026,Offer targeted discount / personalized content,Low engagement,Premium,Low,Asia,69,1
af2f7a8e-6611-416a-8cbc-871e3df33a1b,0.9961415507595053,High,13.99,167.23224354150574,Offer targeted discount / personalized content,Low recent activity,Standard,Low,North America,41,1
8329b08a-22c9-41c9-b4a2-ede2a1407ca9,0.9961386231180024,High,13.99,167.23175204905024,Offer targeted discount / personalized content,Low recent activity,Standard,Low,Asia,65,1
e7e2dc97-77cb-4657-a75c-7b909b1f473f,0.007488362659287337,Low,17.99,1.61658773088695,Maintain engagement / loyalty rewards,Higher plan cost,Premium,High,Oceania,20,0
e96f9dcb-1d39-48ea-8c76-83d4526b1d5f,0.9960423099585862,High,17.99,215.02561387385956,Offer targeted discount / personalized content,Higher plan cost,Premium,Medium,Africa,62,1
63b76069-9c9c-4030-8501-e9bd5f70baac,0.007488274952530513,Low,17.99,1.6165687967522873,Maintain engagement / loyalty rewards,Higher plan cost,Premium,High,Asia,34,0
d5494de3-5422-4437-a937-9e9fc1673b23,0.008898114245856629,Low,17.99,1.920924903395529,Maintain engagement / loyalty rewards,Low recent activity,Premium,Medium,South America,58,0
965d9ef5-fdbf-48e4-a11e-8fd70b8dd4a9,0.9957284105692947,High,17.99,214.95784927369934,Offer targeted discount / personalized content,Low engagement,Premium,Low,Africa,35,1
b3e8ad34-ade8-4b9e-a72d-1629275399eb,0.007487078776539295,Low,13.99,1.2569307850054168,Maintain engagement / loyalty rewards,Higher plan cost,Standard,Medium,North America,36,0
1a417fbf-866c-4ff1-af44-13e90cbbb9db,0.9959132711648865,High,8.99,107.43912369326796,Offer targeted discount / personalized content,Stable usage,Basic,Low,North America,57,1
29495870-356f-4676-9bf8-f8ba49204d46,0.9961385167586625,High,17.99,215.04638299786004,Offer targeted discount / personalized content,Low recent activity,Premium,Medium,Europe,58,1
161da9aa-5e4f-427e-a647-bc015a469252,0.9961407684661705,High,8.99,107.46366610213047,Offer targeted discount / personalized content,Low engagement,Basic,Low,Africa,54,1
93c00b2a-b12a-4729-978a-1856748fec65,0.007490493914649671,Low,13.99,1.2575041183913869,Maintain engagement / loyalty rewards,Higher plan cost,Standard,High,North America,22,0
d3bfe52c-7f6a-4e4a-b895-a3210b84d94d,0.007490158156098154,Low,17.99,1.6169753427384692,Maintain engagement / loyalty rewards,Higher plan cost,Premium,High,Africa,43,0
99d5bb9e-b3ce-4e56-a8d2-493bed4864e1,0.008713288330252976,Low,13.99,1.4627868448828696,Maintain engagement / loyalty rewards,Low engagement,Standard,Low,Oceania,21,0
4e3cbc2a-8c21-4845-932b-bd5bbb02e10b,0.0074880032438990355,Low,13.99,1.25708598458577,Maintain engagement / loyalty rewards,Higher plan cost,Standard,High,North America,53,0
1c1c5145-fd13-4c0e-9a45-e18e9ebb6a07,0.9958529094003229,High,13.99,167.18378643012622,Offer targeted discount / personalized content,Low recent activity,Standard,Low,North America,36,1
9e153932-2f33-4f32-ac2d-279f5c5ffaab,0.9959980147199202,High,17.99,215.01605141773638,Offer targeted discount / personalized content,Low recent activity,Premium,Low,Asia,37,1
a2860e45-9812-4952-8865-2c9113baae8d,0.007487534646282929,Low,13.99,1.257007316417978,Maintain engagement / loyalty rewards,Higher plan cost,Standard,High,Africa,44,0
eb9ffc1d-90cf-41bb-b18e-b118d745b184,0.007716002761483079,Low,17.99,1.665730676148967,Maintain engagement / loyalty rewards,Higher plan cost,Premium,Medium,North America,33,0
f3d58e2f-b78f-4df7-8455-58ecd328798d,0.007488015004812457,Low,8.99,0.8078070587191678,Maintain engagement / loyalty rewards,Stable usage,Basic,High,Oceania,32,0
ed233136-d1c6-4e17-8ea3-64ec10d8f882,0.9961393438675543,High,8.99,107.46351241643175,Offer targeted discount / personalized content,Low recent activity,Basic,Medium,Europe,23,1
065fa014-3a3e-4d9a-a54f-60f91fae5820,0.9961411729118707,High,17.99,215.0469564082146,Offer targeted discount / personalized content,Low engagement,Premium,Low,South America,61,1
b942a90e-e80a-4079-94cf-b6657f127de4,0.007487051092101541,Low,17.99,1.6163045897628807,Maintain engagement / loyalty rewards,Higher plan cost,Premium,High,North America,33,0
bf57159a-63c5-479a-b4c8-ced4a60e2d2d,0.008354667399979466,Low,17.99,1.8036055983075672,Maintain engagement / loyalty rewards,Higher plan cost,Premium,Low,North America,41,0
ebdbba9b-b3c9-4074-b02d-4ee57b51f8f6,0.007492294337887559,Low,13.99,1.2578063734445635,Maintain engagement / loyalty rewards,Higher plan cost,Standard,High,North America,23,0
e433a731-5370-4d70-8852-a81c478d4483,0.9961420126786573,High,8.99,107.46380032777355,Offer targeted discount / personalized content,Low recent activity,Basic,Low,Africa,67,1
3d0ef301-6769-46fc-b331-ce295cd74e80,0.9961420133580188,High,8.99,107.46380040106308,Offer targeted discount / personalized content,Low recent activity,Basic,Low,South America,59,1
f71aec52-ab1e-4dcf-a184-69646fe45f56,0.9961412742772383,High,8.99,107.46372066902848,Offer targeted discount / personalized content,Low engagement,Basic,Low,North America,50,1
303e5d95-809b-4bf4-92ac-6e5f2cc59ba8,0.995833437348588,High,17.99,214.98052245481313,Offer targeted discount / personalized content,Low engagement,Premium,Low,Oceania,22,1
412c7e89-3176-4918-9264-dd82be8010f5,0.9961421182613577,High,8.99,107.46381171803526,Offer targeted discount / personalized content,Low engagement,Basic,Low,Asia,65,1
1a681a1b-25e5-4de8-837d-0cf7d69b7a21,0.007518499646272629,Low,17.99,1.623093703637335,Maintain engagement / loyalty rewards,Higher plan cost,Premium,High,North America,70,0
3c7bdc9d-9591-4914-8ba0-50080fe98b08,0.007600465286678686,Low,8.99,0.8199381951268966,Maintain engagement / loyalty rewards,Stable usage,Basic,High,Asia,39,0
8bd100a3-8559-404b-bdd6-ddaa029b6c70,0.996139277165574,High,13.99,167.23186185055658,Offer targeted discount / personalized content,Higher plan cost,Standard,Low,Europe,59,1
e4b24812-efbd-4593-9d9c-00b531d763c4,0.9960430785533383,High,8.99,107.45312731433414,Offer targeted discount / personalized content,Low recent activity,Basic,Low,Asia,58,1
803da581-3136-49b8-8fcc-7a3b32964c21,0.007556580779377836,Low,8.99,0.815203934479281,Maintain engagement / loyalty rewards,Stable usage,Basic,High,South America,56,0
f3c0fef7-e0e2-4559-9541-63d4d6c943ce,0.007492142067467908,Low,13.99,1.2577808102865125,Maintain engagement / loyalty rewards,Higher plan cost,Standard,High,Oceania,46,0
5fc305d7-0598-4114-bd7d-e523aa1befc9,0.996136579516716,High,13.99,167.23140896926628,Offer targeted discount / personalized content,Low recent activity,Standard,Low,Asia,19,1
e43fd57a-efec-41d1-93be-ef8bb0e913be,0.007835675290992328,Low,13.99,1.315453167851792,Maintain engagement / loyalty rewards,Higher plan cost,Standard,Medium,Oceania,38,0
96cd4e09-7d3a-44ac-8895-3e579b483e67,0.008065698406520386,Low,17.99,1.7412229719996208,Maintain engagement / loyalty rewards,Higher plan cost,Premium,Medium,Africa,24,0
9b84c381-8a4e-425e-82d6-e4574ce7eaef,0.007823320212135148,Low,17.99,1.6888983673957356,Maintain engagement / loyalty rewards,Higher plan cost,Premium,High,Africa,63,0
ae61debd-11d7-4e74-90b0-5058e273c518,0.007495725662263214,Low,17.99,1.6181772559693823,Maintain engagement / loyalty rewards,Higher plan cost,Premium,High,North America,49,0
027d0683-397f-4764-b23b-26c0baa7dd31,0.9961388300694358,High,17.99,215.0464506353898,Offer targeted discount / personalized content,Higher plan cost,Premium,Medium,Africa,56,1
69fce7d7-873c-4a8c-9e16-31b51f8a5b89,0.9958978270079072,High,17.99,214.994422894467,Offer targeted discount / personalized content,Low engagement,Premium,Low,North America,55,1
b51e3fd6-b485-4fb4-8f4d-7308e8f8637f,0.996141053738605,High,17.99,215.04693068109,Offer targeted discount / personalized content,Low engagement,Premium,Low,Asia,46,1
f542341a-c266-4e89-a629-a1bd8ea7b663,0.987018286657739,High,8.99,106.4795327646369,Offer targeted discount / personalized content,Stable usage,Basic,High,Asia,18,1
a0aa33e6-8d16-4270-8fff-50888fca0dcf,0.9959389443258508,High,17.99,215.00329930106466,Offer targeted discount / personalized content,Low recent activity,Premium,Medium,Asia,28,1
b92f9947-8cc5-4c19-a6e2-92166d3183a6,0.9961398405624674,High,17.99,215.04666878062542,Offer targeted discount / personalized content,Higher plan cost,Premium,Medium,Asia,35,1
20610703-f205-4e18-8f71-b06869a773d9,0.9958159353310363,High,13.99,167.17757922337438,Offer targeted discount / personalized content,Low engagement,Standard,Low,South America,43,1
27ad2e65-11c8-44ef-b468-c1b5a271b2d6,0.9961419644195921,High,8.99,107.4637951215856,Offer targeted discount / personalized content,Low recent activity,Basic,Low,Africa,37,1
9eee1bd0-7e98-411b-8970-2fe112d7ebec,0.007491620889828181,Low,17.99,1.6172911176961078,Maintain engagement / loyalty rewards,Higher plan cost,Premium,High,Africa,62,0
43f062ac-2abc-4849-b273-eee6c1d03926,0.996132442135222,High,8.99,107.46276785754775,Offer targeted discount / personalized content,Stable usage,Basic,Medium,South America,46,1
80bdb6a9-af1d-4bf8-bdd6-d44d23361ec7,0.007514504828742016,Low,8.99,0.8106647809246887,Maintain engagement / loyalty rewards,Stable usage,Basic,High,Oceania,34,0
4b561de5-67ca-4d0c-8e49-ec97fa83626a,0.007490970155232886,Low,17.99,1.617150637111675,Maintain engagement / loyalty rewards,Higher plan cost,Premium,High,North America,21,0
ae401f97-f477-4b59-835c-80aba1166e34,0.007530887005977057,Low,17.99,1.6257678868503271,Maintain engagement / loyalty rewards,Low recent activity,Premium,High,Asia,61,0
31a4140a-c4fb-42c7-8854-4c24c438d18e,0.00795756276544317,Low,17.99,1.7178786498038716,Maintain engagement / loyalty rewards,Low recent activity,Premium,Medium,Oceania,48,0
ce3fbd40-95b0-45e9-b263-3c8ec20036c0,0.9961420733309108,High,8.99,107.46380687093865,Offer targeted discount / personalized content,Low engagement,Basic,Low,Oceania,23,1
b7738cff-10aa-4e6f-9fef-e9fcf917d1c4,0.9960904251424612,High,13.99,167.2236605729164,Offer targeted discount / personalized content,Low engagement,Standard,Low,North America,57,1
57f1d116-ea1e-43db-93e6-4a9324378aa1,0.9958806915353872,High,17.99,214.99072368865936,Offer targeted discount / personalized content,Low recent activity,Premium,Low,Africa,30,1
0ca91c24-0ea5-4885-8ae4-665754c4a464,0.008130370394172182,Low,17.99,1.7551843606938906,Maintain engagement / loyalty rewards,Low engagement,Premium,Low,Asia,25,0
c98976dd-6fef-4649-bf60-100427cfa861,0.0074884350754563095,Low,8.99,0.8078523759402267,Maintain engagement / loyalty rewards,Stable usage,Basic,High,Asia,32,0
bf4af9cd-1b68-481c-96aa-d569dc62852d,0.9961412822326986,High,8.99,107.46372152726353,Offer targeted discount / personalized content,Stable usage,Basic,Medium,Europe,29,1
13480445-fc86-4991-89e5-ab251055352d,0.007889172034621934,Low,13.99,1.3244342011723302,Maintain engagement / loyalty rewards,Higher plan cost,Standard,Medium,South America,56,0
d0a6eca4-bb35-4ab4-a281-9a5427cd35af,0.007491374043256267,Low,13.99,1.257651874381862,Maintain engagement / loyalty rewards,Higher plan cost,Standard,High,South America,57,0
1a2e23e5-b228-4e47-b7cc-0ae914646afd,0.01060793013835214,Low,8.99,1.144383503325429,Maintain engagement / loyalty rewards,Stable usage,Basic,Medium,Asia,23,0
6f635592-2a83-4d81-bfc8-1bc88a9a26a2,0.9961422761130778,High,8.99,107.46382874707882,Offer targeted discount / personalized content,Low engagement,Basic,Low,Asia,38,1
3ba1272d-37f8-45eb-89d8-9a1dfbc113dc,0.9961421916228794,High,8.99,107.46381963227624,Offer targeted discount / personalized content,Low recent activity,Basic,Medium,South America,62,1
7ae87f0b-ec48-4a45-9947-aadbd421a2d8,0.9961019474004351,High,13.99,167.22559492958504,Offer targeted discount / personalized content,Higher plan cost,Standard,Medium,South America,51,1
d074446a-701b-4b52-8a63-790ae3d922b0,0.996141566170364,High,13.99,167.23224612868069,Offer targeted discount / personalized content,Low recent activity,Standard,Low,Africa,54,1
d1957af6-689c-4010-81fd-fd8590ba41b6,0.9961407716470768,High,8.99,107.46366644528663,Offer targeted discount / personalized content,Low recent activity,Basic,Medium,Europe,33,1
663438b8-2e83-49b7-8ca1-f4e8d89fa67f,0.007877311154522542,Low,17.99,1.7005539320383263,Maintain engagement / loyalty rewards,Higher plan cost,Premium,Low,Africa,54,0
017de893-5eca-4abb-a6fb-235bf52e1183,0.008285085985482226,Low,17.99,1.7885843625459028,Maintain engagement / loyalty rewards,Low engagement,Premium,Low,Asia,38,0
bb58fe93-e0b2-4946-b2f9-f150f203a485,0.0074930978833890535,Low,8.99,0.8083553996600112,Maintain engagement / loyalty rewards,Stable usage,Basic,High,Oceania,24,0
82ce0b3d-f1d9-4a0f-92cf-cef581133e3f,0.9961419934745246,High,13.99,167.2323178645032,Offer targeted discount / personalized content,Low recent activity,Standard,Low,Asia,44,1
f1f1260d-5360-470d-9818-505f8db68230,0.007487530096273598,Low,13.99,1.2570065525624117,Maintain engagement / loyalty rewards,Higher plan cost,Standard,High,Europe,37,0
2fe5ac5c-459b-49f1-a673-398b1db9b72e,0.036913234014239814,Low,13.99,6.19699372631058,Maintain engagement / loyalty rewards,Low recent activity,Standard,Medium,Africa,64,0
ebf85bd7-b3b1-4299-9d0f-e32e7fc3cd4a,0.00749131815379527,Low,17.99,1.6172257630413227,Maintain engagement / loyalty rewards,Higher plan cost,Premium,High,North America,41,0
7864a64d-b304-4501-84ea-cfd022c2f1bc,0.9958968027102753,High,13.99,167.191155239001,Offer targeted discount / personalized content,Low engagement,Standard,Low,North America,25,1
e6b3368d-95d8-445d-bf7e-102d660f0c57,0.9959435872474149,High,13.99,167.19900942709603,Offer targeted discount / personalized content,Higher plan cost,Standard,Medium,Africa,65,1
3944f950-85d8-4cb2-bedb-09ce9cbed09c,0.9956412815758812,High,17.99,214.9390398666012,Offer targeted discount / personalized content,Low engagement,Premium,Low,Asia,39,1
9bae5e8d-359c-48c6-ad6f-c791395832e2,0.007522534121609206,Low,13.99,1.2628830283357535,Maintain engagement / loyalty rewards,Low recent activity,Standard,High,Oceania,69,0
a24bb748-6eb6-4841-94a9-bf532feac6e6,0.007487438582584119,Low,17.99,1.6163882412082595,Maintain engagement / loyalty rewards,Low recent activity,Premium,High,Europe,61,0
ead6bbc7-1708-4702-99d6-95f30ea755bb,0.00748784271453075,Low,13.99,1.2570590349154225,Maintain engagement / loyalty rewards,Higher plan cost,Standard,High,Asia,59,0
a2794c07-a79c-43a9-ba77-bcbc4cfb17ef,0.9961415311828545,High,13.99,167.23224025497763,Offer targeted discount / personalized content,Low recent activity,Standard,Low,Asia,26,1
d9fc180d-06dc-4976-b536-f86b54c3006f,0.9959507144698584,High,17.99,215.005840239753,Offer targeted discount / personalized content,Low recent activity,Premium,Low,South America,36,1
b80f6489-78a5-440f-8084-6db353891aeb,0.9960786989122287,High,8.99,107.45697003865124,Offer targeted discount / personalized content,Stable usage,Basic,Medium,Africa,42,1
4fc4e447-3b9a-4414-aed8-894d34103034,0.9959742977302255,High,13.99,167.20416510295027,Offer targeted discount / personalized content,Higher plan cost,Standard,Low,Africa,45,1
83bad4fe-fb54-4501-8bfc-0b1f728b523e,0.9952882559335089,High,17.99,214.86282869092588,Offer targeted discount / personalized content,Low engagement,Premium,Low,North America,66,1
00ce9289-e055-4962-ad61-110ce7d37ff4,0.007629216192440093,Low,8.99,0.8230398428404372,Maintain engagement / loyalty rewards,Stable usage,Basic,High,North America,64,0
9ac104ea-5967-4a62-8f82-3a14e82ecde0,0.9958208434041864,High,8.99,107.42915258644364,Offer targeted discount / personalized content,Low engagement,Basic,Low,South America,54,1
5055574d-e03a-4409-8940-5aa540f8c7b1,0.9961291105023269,High,8.99,107.46240844099103,Offer targeted discount / personalized content,Low engagement,Basic,Low,North America,69,1
886ecf0d-e049-42b3-bb10-c2e7993a5682,0.007488491095392012,Low,8.99,0.8078584193708902,Maintain engagement / loyalty rewards,Stable usage,Basic,High,South America,53,0
2a8b672e-c40e-4884-a460-33c3a34a315e,0.9961364611719372,High,8.99,107.4632014312286,Offer targeted discount / personalized content,Low engagement,Basic,Low,Europe,31,1
a0e1dbff-bcc6-41c4-97f6-1a3a032b39f4,0.008903502846097368,Low,8.99,0.9605098870369841,Maintain engagement / loyalty rewards,Stable usage,Basic,High,North America,27,0
90e19cd2-bb3b-4fd6-bec6-db40cf203781,0.9958524366639991,High,17.99,214.9846240270241,Offer targeted discount / personalized content,Low engagement,Premium,Low,Europe,64,1
cb532b75-eac0-49c2-898e-6f86e94cd9ee,0.00851240308906875,Low,13.99,1.4290622305928617,Maintain engagement / loyalty rewards,Low recent activity,Standard,Low,Africa,59,0
a8013c09-772b-450f-9e42-403cdabc7b2d,0.007490268722198989,Low,13.99,1.2574663130827664,Maintain engagement / loyalty rewards,Higher plan cost,Standard,Medium,South America,31,0
2f313767-ac03-459d-9300-05962c229980,0.007966311523809864,Low,17.99,1.7197673317600732,Maintain engagement / loyalty rewards,Low recent activity,Premium,Medium,Africa,39,0
5294d27c-a856-43bb-a560-05cd5d08b939,0.9961399070295511,High,8.99,107.46357317034798,Offer targeted discount / personalized content,Low recent activity,Basic,Low,North America,27,1
673c0432-05df-4c54-98bb-2cf25801fc96,0.9961392958605625,High,17.99,215.0465511903782,Offer targeted discount / personalized content,Low recent activity,Premium,Low,North America,69,1
f749e2c8-e004-479b-b690-6a89ef434ddb,0.9961394472433763,High,8.99,107.46352356861544,Offer targeted discount / personalized content,Low recent activity,Basic,Medium,Oceania,30,1
05ec7918-ccd6-4042-9577-99ccf86b3031,0.013306806399463678,Low,13.99,2.2339466583419627,Maintain engagement / loyalty rewards,Higher plan cost,Standard,Medium,Europe,43,0
64a172b5-1f6b-4618-aeb1-50fef19ae22f,0.9961420272517877,High,8.99,107.46380189992286,Offer targeted discount / personalized content,Low engagement,Basic,Low,Oceania,66,1
06ca1b4c-5275-4cf2-b1e3-44955c49c0aa,0.9959839936640428,High,13.99,167.2057928563195,Offer targeted discount / personalized content,Low engagement,Standard,Low,South America,31,1
64b4c226-5693-4b0c-a064-e5e7567ef883,0.008794763404332499,Low,17.99,1.8986135237272999,Maintain engagement / loyalty rewards,Low recent activity,Premium,Low,Europe,36,0
5a4745cf-5727-463f-a722-07eaf6b09ee6,0.9960575388789332,High,17.99,215.02890149318407,Offer targeted discount / personalized content,Low recent activity,Premium,Medium,Europe,60,1
cfea570a-88d4-4f81-88ae-d89496ed6c87,0.007576601469138844,Low,13.99,1.2719598546390292,Maintain engagement / loyalty rewards,Higher plan cost,Standard,Medium,Africa,32,0
0be77627-7c87-403b-9aa1-35591b045fba,0.007493423601508934,Low,17.99,1.6176802870937483,Maintain engagement / loyalty rewards,Higher plan cost,Premium,High,Africa,50,0
d50c7902-2f7e-4db5-b315-db3e9f0c2496,0.9961421333759379,High,8.99,107.46381334859619,Offer targeted discount / personalized content,Low recent activity,Basic,Low,Africa,37,1
344c5424-1d19-4abe-9252-a8ca71cf5aca,0.007487711612836292,Low,17.99,1.6164471829790985,Maintain engagement / loyalty rewards,Low recent activity,Premium,High,South America,20,0
8e927d87-d1c2-4694-8abb-afc222021faa,0.996142277577649,High,8.99,107.46382890507678,Offer targeted discount / personalized content,Low recent activity,Basic,Low,South America,65,1
44c26f24-daef-4b15-bed0-ec68547f0413,0.9961414425741426,High,17.99,215.0470146229059,Offer targeted discount / personalized content,Low recent activity,Premium,Low,Africa,50,1
22f875b0-1894-46a3-b73c-e077fa665873,0.008442988035478344,Low,13.99,1.4174088313961044,Maintain engagement / loyalty rewards,Higher plan cost,Standard,Medium,Asia,48,0
606e1bbd-36d5-45a1-9932-cf5aa3484e5c,0.9961413788657232,High,13.99,167.2322146839776,Offer targeted discount / personalized content,Low recent activity,Standard,Low,Oceania,40,1
c69e8c4a-8081-46ab-9482-0147501a5603,0.009859915249084927,Low,17.99,2.128558503972454,Maintain engagement / loyalty rewards,Higher plan cost,Premium,Medium,Asia,51,0
b312c59e-92cd-4b0a-9baa-d6477c72a8a5,0.9961383943248485,High,8.99,107.46340997976466,Offer targeted discount / personalized content,Stable usage,Basic,Medium,North America,23,1
b9616946-7d01-4c68-ac7d-b7dcd62fb6ad,0.007525483178207828,Low,8.99,0.8118491252650606,Maintain engagement / loyalty rewards,Stable usage,Basic,High,South America,48,0
d019d181-62ae-4042-80fc-61c843545bcd,0.008382881183501828,Low,13.99,1.407318093086287,Maintain engagement / loyalty rewards,Higher plan cost,Standard,Low,Africa,21,0
cd2b2235-3612-4d81-b143-1a3af5884238,0.9961413221179362,High,17.99,215.04698861882005,Offer targeted discount / personalized content,Low engagement,Premium,Low,Europe,62,1
f78f708e-fc00-4c1d-823b-8798f10c8b83,0.007487607892119398,Low,17.99,1.6164247917507355,Maintain engagement / loyalty rewards,Higher plan cost,Premium,High,Oceania,19,0
4c1a5dd9-a2d2-46f0-870e-a6142afbb3a9,0.007496261778868878,Low,13.99,1.2584724274365073,Maintain engagement / loyalty rewards,Higher plan cost,Standard,High,Oceania,55,0
4dc3204a-1c4f-4afd-9597-9dc4e9166bd9,0.009627381871137156,Low,13.99,1.6162448685265058,Maintain engagement / loyalty rewards,Higher plan cost,Standard,Medium,Asia,27,0
054d48d4-e95f-4bb8-a4cb-e1bd7c448dbc,0.9961405202094546,High,13.99,167.23207053276326,Offer targeted discount / personalized content,Low recent activity,Standard,Low,South America,42,1
b0fde5ba-8a38-45ee-b7fb-6c35851e8975,0.9961411641640275,High,13.99,167.23217863985695,Offer targeted discount / personalized content,Low recent activity,Standard,Low,Europe,56,1
c4a05da1-d840-47cf-baf8-d8f4005a4928,0.9961352414236945,High,8.99,107.46306984478817,Offer targeted discount / personalized content,Low engagement,Basic,Low,Asia,42,1
caaa5ce7-686c-4498-add9-565eb0493c6d,0.9961378174681148,High,13.99,167.23161679654712,Offer targeted discount / personalized content,Higher plan cost,Standard,Medium,Asia,59,1
9829890a-3880-439c-a2b4-80afeb217997,0.9956968459158819,High,13.99,167.15758649235826,Offer targeted discount / personalized content,Low engagement,Standard,Low,South America,22,1
3c07805f-4275-40c9-ac26-921ea46824e8,0.9961420741164145,High,13.99,167.23233140266368,Offer targeted discount / personalized content,Low recent activity,Standard,Low,Africa,42,1
30f6a1ee-33d7-4a8a-a6cb-82c3aa6a16ae,0.9961281625197239,High,8.99,107.46230617262782,Offer targeted discount / personalized content,Stable usage,Basic,Medium,Asia,31,1
59adee7e-d7d6-4c22-b62c-1b42311f77a2,0.9961413987541714,High,17.99,215.04700516305047,Offer targeted discount / personalized content,Low engagement,Premium,Low,Oceania,67,1
bd4aab1a-8302-4e08-a648-a63609db66df,0.007496323198769686,Low,8.99,0.8087033466832737,Maintain engagement / loyalty rewards,Stable usage,Basic,High,Europe,18,0
11373011-9e1b-41f4-ab76-15ee1c916105,0.996141812845576,High,8.99,107.46377876978076,Offer targeted discount / personalized content,Low engagement,Basic,Low,Africa,25,1
e9087e86-8089-43bc-be36-a876aeb5ceb6,0.007496519544579741,Low,13.99,1.2585157011440469,Maintain engagement / loyalty rewards,Higher plan cost,Standard,High,North America,24,0
0ad6fe46-9b24-46fc-9698-7001aa3c071b,0.99614103077596,High,13.99,167.23215624666818,Offer targeted discount / personalized content,Low recent activity,Standard,Low,Europe,64,1
2f8c9d54-7c13-4902-bc95-dca665d28276,0.007594158051704873,Low,8.99,0.8192577706179218,Maintain engagement / loyalty rewards,Stable usage,Basic,High,Europe,66,0
3ee5c136-2055-4e39-a9b9-46da20b123a7,0.007783053441327204,Low,17.99,1.6802055769137167,Maintain engagement / loyalty rewards,Higher plan cost,Premium,Medium,Africa,39,0
9274feb4-b477-492e-8ebe-8e6a3466bbdf,0.9961417640092565,High,8.99,107.46377350131858,Offer targeted discount / personalized content,Low engagement,Basic,Low,Oceania,30,1
7bb73ff8-9bb9-4f6d-866f-240f38cc21ee,0.0074876299477213805,Low,13.99,1.2570233156234654,Maintain engagement / loyalty rewards,Low recent activity,Standard,High,Europe,52,0
09676128-1363-46d4-8e65-fb15aab4502c,0.008374068414427931,Low,17.99,1.8077938893067018,Maintain engagement / loyalty rewards,Low recent activity,Premium,Low,North America,19,0
3117ae22-8768-4682-b37c-f6788ee60ace,0.9959541992092611,High,17.99,215.00659252529528,Offer targeted discount / personalized content,Higher plan cost,Premium,Low,North America,47,1
e5697b4f-3b1f-40d0-a27f-ffbe199aa1fa,0.0075098641437000135,Low,13.99,1.2607559924443583,Maintain engagement / loyalty rewards,Higher plan cost,Standard,Medium,Asia,40,0
1829ac6c-bf86-4add-93af-ef3534a06c28,0.9961360751599606,High,13.99,167.23132429785417,Offer targeted discount / personalized content,Higher plan cost,Standard,Medium,North America,30,1
7d44b140-388b-45e7-90be-3989f2c186ef,0.996140835133632,High,8.99,107.46367329421624,Offer targeted discount / personalized content,Stable usage,Basic,Medium,Europe,24,1
7f720eb2-a80f-4b4d-8daf-1f6829e1e9ae,0.9959768010723788,High,17.99,215.01147181550516,Offer targeted discount / personalized content,Low engagement,Premium,Low,Oceania,44,1
a854b579-3d98-44fb-9d45-00ab83f24a6f,0.9959781280340018,High,13.99,167.20480813434824,Offer targeted discount / personalized content,Low engagement,Standard,Low,South America,36,1
c614659a-26da-476a-864b-718733fe9da3,0.008098729858041278,Low,17.99,1.748353801753951,Maintain engagement / loyalty rewards,Higher plan cost,Premium,Medium,Asia,41,0
948ce2cb-69d0-44e8-82d3-77e8e7e8faef,0.007487663917163717,Low,13.99,1.2570290184134447,Maintain engagement / loyalty rewards,Higher plan cost,Standard,High,Asia,19,0
7d08d89e-8404-4b5f-9997-bf9e6b5fb250,0.0074904364799863645,Low,17.99,1.6170354272994563,Maintain engagement / loyalty rewards,Higher plan cost,Premium,High,Africa,36,0
8ca4333b-e984-423e-8c3b-359064e08c95,0.007500825276560143,Low,13.99,1.2592385474289167,Maintain engagement / loyalty rewards,Low recent activity,Standard,High,Europe,46,0
bfa1ea14-554f-4ea6-bdde-025e9f3797f5,0.9953408442312665,High,8.99,107.37737027566902,Offer targeted discount / personalized content,Stable usage,Basic,Medium,Oceania,46,1
b188eb5c-8e85-49e6-be94-ebd9f6c8db61,0.996001364905885,High,13.99,167.20870914039998,Offer targeted discount / personalized content,Higher plan cost,Standard,Medium,South America,35,1
e5cd7a56-d6f1-4023-81ab-11a379047f1d,0.007487160660639149,Low,13.99,1.2569445317081003,Maintain engagement / loyalty rewards,Higher plan cost,Standard,High,North America,67,0
1532673a-a236-4238-8071-860e099bd870,0.007508800544467819,Low,13.99,1.2605774354052575,Maintain engagement / loyalty rewards,Low recent activity,Standard,High,South America,66,0
760e2c65-f8d5-4600-802d-36cb875e9a19,0.007828239977856059,Low,13.99,1.3142049274824752,Maintain engagement / loyalty rewards,Higher plan cost,Standard,Medium,North America,20,0
15717c27-c14f-451f-9cd6-8cfa0a2d24e1,0.9961387484095207,High,8.99,107.46344817841909,Offer targeted discount / personalized content,Stable usage,Basic,Medium,North America,22,1
9352be40-839f-4dcc-af25-f8edd6a94669,0.9961345220696389,High,13.99,167.231063565051,Offer targeted discount / personalized content,Low recent activity,Standard,Medium,North America,62,1
416b8522-14e6-4803-8f23-a434add52670,0.9961302576411839,High,8.99,107.46253219433092,Offer targeted discount / personalized content,Stable usage,Basic,Medium,Africa,24,1
cd60de06-e3c0-4b41-914f-f63e856ddd67,0.9961419948709592,High,8.99,107.46379840667909,Offer targeted discount / personalized content,Low engagement,Basic,Low,South America,55,1
2026cff5-8c58-4355-8d63-cd1bd67114a1,0.007487828546210158,Low,13.99,1.2570566563377614,Maintain engagement / loyalty rewards,Higher plan cost,Standard,High,Oceania,45,0
9ad724af-34b1-4dc6-913d-291f9a5e5d26,0.007490889490244454,Low,17.99,1.6171332231539726,Maintain engagement / loyalty rewards,Higher plan cost,Premium,High,Africa,63,0
0ce8e49e-5fe9-4acc-a9fa-9cc3afcfde73,0.007509938122638923,Low,17.99,1.6212454419152906,Maintain engagement / loyalty rewards,Higher plan cost,Premium,Medium,Europe,44,0
2fcd7184-dbcc-40ba-9107-01eb946cd492,0.007487559891774369,Low,17.99,1.6164144294362508,Maintain engagement / loyalty rewards,Higher plan cost,Premium,High,Asia,45,0
8b5b904f-29d5-4933-ba64-957976fa103c,0.007491674394221685,Low,13.99,1.2577022973019365,Maintain engagement / loyalty rewards,Higher plan cost,Standard,High,North America,39,0
9b509a70-72ae-4d6a-8ec3-7501f5220d76,0.9961161599146244,High,17.99,215.0415566023691,Offer targeted discount / personalized content,Higher plan cost,Premium,Medium,Asia,66,1
76410bb6-7942-4be9-a862-94701d4dcbd3,0.021683631607463262,Low,17.99,4.681062391419168,Maintain engagement / loyalty rewards,Higher plan cost,Premium,Medium,Asia,65,0
9d93da93-4af0-4ee3-a33a-e9113bb9e909,0.007487643357419622,Low,13.99,1.2570255668436061,Maintain engagement / loyalty rewards,Higher plan cost,Standard,High,South America,26,0
38769edf-d82f-4be4-98b2-324b1295e6d9,0.9918901408377494,High,8.99,107.0051083935764,Offer targeted discount / personalized content,Low recent activity,Basic,Medium,North America,21,1
1bc9bedd-0caf-425e-aed3-5faf9a0c2d27,0.7795542352948556,High,13.99,130.87156502130034,Offer targeted discount / personalized content,Low recent activity,Standard,Medium,Europe,20,1
9aa74495-95c3-4d40-afa8-6b352ea283ae,0.007488898385605926,Low,13.99,1.2572362609755228,Maintain engagement / loyalty rewards,Higher plan cost,Standard,High,South America,66,0
24920cb3-62f7-4d92-85b5-ad23f9c29103,0.9960809631211566,High,17.99,215.03395831859524,Offer targeted discount / personalized content,Low recent activity,Premium,Medium,Oceania,48,1
5fd6b79c-c1c6-45e2-9604-58cece9a92f7,0.9961421434595952,High,17.99,215.04716593005742,Offer targeted discount / personalized content,Low recent activity,Premium,Low,North America,40,1
6d029724-a31c-4ef1-aea2-59c572067d27,0.007493714058760164,Low,17.99,1.617742991005144,Maintain engagement / loyalty rewards,Higher plan cost,Premium,High,Europe,69,0
b918e3f7-644c-4be8-9b94-e079f0e57adb,0.9961419918544999,High,13.99,167.23231759253346,Offer targeted discount / personalized content,Low engagement,Standard,Low,North America,22,1
4b7b3437-9e9b-476a-93e2-b566045c069e,0.007667371573704798,Low,8.99,0.8271560453712736,Maintain engagement / loyalty rewards,Stable usage,Basic,High,Europe,67,0
051f8977-2874-40a1-b3ff-2374156b1ea0,0.007487988957225812,Low,17.99,1.616507056085908,Maintain engagement / loyalty rewards,Higher plan cost,Premium,High,Oceania,36,0
23dbe855-88b7-49e6-8afd-c87e6e7a3789,0.9961383584728699,High,17.99,215.04634882712315,Offer targeted discount / personalized content,Higher plan cost,Premium,Medium,Europe,65,1
c5070e45-4a31-420c-aa42-6c8733276b63,0.007491210797070882,Low,17.99,1.617202586871662,Maintain engagement / loyalty rewards,Higher plan cost,Premium,High,Europe,57,0
b5acd69b-8cd3-401d-88c2-40c7d6ce48c6,0.007947175941091136,Low,17.99,1.7156363421627545,Maintain engagement / loyalty rewards,Higher plan cost,Premium,Medium,South America,23,0
595dbdea-9fbb-419c-9e52-4bf9e64d802e,0.008081105472390151,Low,17.99,1.7445490493795857,Maintain engagement / loyalty rewards,Higher plan cost,Premium,High,Asia,54,0
3c7f59b3-1c9e-4dc6-9b84-9ef32bde9b1a,0.008670880002662102,Low,17.99,1.8718695749746945,Maintain engagement / loyalty rewards,Low engagement,Premium,Low,Asia,58,0
891545a3-c612-41af-b037-c9513bd65f4d,0.9961217335815986,High,8.99,107.46161261878285,Offer targeted discount / personalized content,Low recent activity,Basic,Medium,Oceania,44,1
a897c8ea-28f4-4fc2-a050-9b41f2188f72,0.008071411805375826,Low,13.99,1.3550286138864938,Maintain engagement / loyalty rewards,Higher plan cost,Standard,Medium,Africa,60,0
f3fd9e3a-3a0c-4290-8368-4ec6535a24fa,0.007489808015686295,Low,13.99,1.257388969673415,Maintain engagement / loyalty rewards,Higher plan cost,Standard,High,Africa,65,0
fb7ccdf3-68c3-4ed8-bc57-04ba93357cfd,0.9961423165558742,High,8.99,107.46383311004772,Offer targeted discount / personalized content,Low engagement,Basic,Low,North America,59,1
069324d5-5b98-413b-b77a-f60ebb7a0342,0.9961363396491283,High,17.99,215.0459130034538,Offer targeted discount / personalized content,Higher plan cost,Premium,Low,South America,41,1
cf4022df-7092-48f3-8264-878f8fba98e5,0.008069048679888034,Low,8.99,0.8704889715863211,Maintain engagement / loyalty rewards,Stable usage,Basic,High,Oceania,64,0
bbfa791d-bf59-4022-b8fc-3c0a64e7c2f4,0.9961276476339502,High,8.99,107.46225062675055,Offer targeted discount / personalized content,Low engagement,Basic,Low,North America,32,1
2aa44138-b15c-461f-ba7b-6b1718fc3f8f,0.007487019835798121,Low,17.99,1.6162978421520982,Maintain engagement / loyalty rewards,Higher plan cost,Premium,High,Europe,27,0
ae174d75-414d-4847-b752-44d73211df8e,0.01150000195340313,Low,17.99,2.4826204217006675,Maintain engagement / loyalty rewards,Higher plan cost,Premium,High,Europe,48,0
8a61f494-bab5-4e82-a508-a7120e973db8,0.0075226433387364485,Low,8.99,0.811542763382888,Maintain engagement / loyalty rewards,Stable usage,Basic,High,North America,49,0
47a75ee0-4752-4838-9962-891abdb5c0ea,0.996142210292259,High,8.99,107.46382164632891,Offer targeted discount / personalized content,Low recent activity,Basic,Low,Oceania,47,1
745745e9-e354-486c-952d-1cf7bcc6451f,0.9961390563303354,High,8.99,107.46348139691659,Offer targeted discount / personalized content,Low recent activity,Basic,Medium,Oceania,61,1
a41dd9ef-0764-4f95-9101-e9d5bb30c03a,0.995342779560333,High,13.99,167.0981458325887,Offer targeted discount / personalized content,Low engagement,Standard,Low,Europe,54,1
f31c3891-2944-40ab-a8ef-92b11b3f4334,0.9959744530464452,High,17.99,215.01096492366656,Offer targeted discount / personalized content,Low recent activity,Premium,Medium,Asia,25,1
a63f5214-db0f-4cac-a315-64d3499cde08,0.021551596416883596,Low,8.99,2.3249862214534023,Maintain engagement / loyalty rewards,Low recent activity,Basic,Medium,Europe,58,0
66cd6ce6-43f8-4f9b-920c-03fe32f6b3c1,0.007508383887964834,Low,17.99,1.6209099137338483,Maintain engagement / loyalty rewards,Higher plan cost,Premium,High,Africa,49,0
adbfc678-4fe5-4b2e-b071-f72b8bdf9aa1,0.9961295531733088,High,8.99,107.46245619633656,Offer targeted discount / personalized content,Low recent activity,Basic,Low,North America,47,1
fbe0177d-1a78-4759-91f1-ba62b03acc15,0.9914669043338865,High,8.99,106.95944963953968,Offer targeted discount / personalized content,Low recent activity,Basic,Medium,Asia,23,1
27cea559-7785-44c0-ac70-6b3494eeb70b,0.007670502233687636,Low,8.99,0.8274937809702221,Maintain engagement / loyalty rewards,Stable usage,Basic,High,South America,26,0
8a0848fd-4827-4f85-9b6f-007ffe391d30,0.9961406409553769,High,13.99,167.23209080358868,Offer targeted discount / personalized content,Low recent activity,Standard,Low,Oceania,26,1
84ee2484-f659-41f0-b358-119262ea7d5d,0.007487013083749108,Low,17.99,1.6162963845197573,Maintain engagement / loyalty rewards,Higher plan cost,Premium,High,Africa,28,0
94135b4f-6a37-41c4-8625-d91c4926ec68,0.9961403450471776,High,13.99,167.2320411265202,Offer targeted discount / personalized content,Low engagement,Standard,Low,South America,64,1
8d2214a8-eef2-4345-ab43-dc9fa0719c72,0.007504982475746322,Low,8.99,0.8096375094835133,Maintain engagement / loyalty rewards,Stable usage,Basic,High,South America,58,0
b72a5d95-24ba-4440-8288-b9aacfee95b9,0.007487610062594245,Low,17.99,1.6164252603128455,Maintain engagement / loyalty rewards,Higher plan cost,Premium,High,South America,40,0
abb262e4-25f1-48a4-a322-879a563a00af,0.9961410940674977,High,8.99,107.46370122800165,Offer targeted discount / personalized content,Stable usage,Basic,Medium,Africa,22,1
8f6dc546-9b9c-41fb-9ed2-afac4e5c5a9e,0.007493849960743053,Low,8.99,0.8084365337649606,Maintain engagement / loyalty rewards,Stable usage,Basic,High,Africa,36,0
ed668da3-d99b-4026-92a3-300a114142e7,0.9959267053638825,High,13.99,167.1961752964886,Offer targeted discount / personalized content,Low recent activity,Standard,Low,Oceania,46,1
ee57514c-eefb-44e1-a80d-8dfe36cee93b,0.007488078956571861,Low,13.99,1.2570986952292842,Maintain engagement / loyalty rewards,Higher plan cost,Standard,High,Africa,62,0
fa307a7f-4a55-4e3a-a385-0de816f61de8,0.9961327141834071,High,8.99,107.46279720610596,Offer targeted discount / personalized content,Stable usage,Basic,Medium,South America,37,1
30ce7dcc-c41f-48e9-8e16-b6cfb0e9d1a3,0.9961270812239256,High,8.99,107.46218952243709,Offer targeted discount / personalized content,Low engagement,Basic,Low,Africa,45,1
d8a6954a-bf7f-45fa-bde0-90266d3195fb,0.9961344190834094,High,13.99,167.23104627572275,Offer targeted discount / personalized content,Higher plan cost,Standard,Medium,Asia,54,1
bba14e0b-05f9-4cf4-b201-41398c6d4ec5,0.996121556160927,High,13.99,167.22888684829644,Offer targeted discount / personalized content,Low engagement,Standard,Low,Europe,32,1
47537e18-5119-4d3c-934e-c0fa3646be77,0.995872076622064,High,8.99,107.43467962598827,Offer targeted discount / personalized content,Low recent activity,Basic,Medium,Asia,30,1
1f70867f-6022-4521-8138-3116b8a88a5c,0.99456579966438,High,17.99,214.70686483154634,Offer targeted discount / personalized content,Higher plan cost,Premium,Medium,Asia,18,1
49261e9e-fdd0-48df-87f7-3eab7d66fa81,0.995958446973184,High,13.99,167.20150407785815,Offer targeted discount / personalized content,Low recent activity,Standard,Low,Oceania,18,1
a065e7e1-f8a6-429b-90be-e5b35e78f22a,0.0075232931387260536,Low,8.99,0.8116128638057667,Maintain engagement / loyalty rewards,Stable usage,Basic,High,Europe,48,0
9f43a60a-bd6e-42de-9707-0a3b942d97fc,0.9961334979687898,High,8.99,107.46288176087305,Offer targeted discount / personalized content,Stable usage,Basic,Medium,North America,64,1
5cdde76b-50a8-4d41-a799-177a2e77e581,0.9959532096656545,High,17.99,215.0063789026215,Offer targeted discount / personalized content,Low recent activity,Premium,Low,South America,67,1
b21baa2a-9c93-4d91-92bc-88f708dabe32,0.9961389053086472,High,8.99,107.46346510469687,Offer targeted discount / personalized content,Low engagement,Basic,Low,Africa,30,1
73a4b76c-1e0c-4d55-9ef4-cfce29a688ba,0.9961314825078439,High,17.99,215.04486444379333,Offer targeted discount / personalized content,Low recent activity,Premium,Medium,Europe,45,1
1e89c820-f686-4a32-aeab-924d79f6d288,0.9961403748720896,High,13.99,167.2320461335264,Offer targeted discount / personalized content,Low recent activity,Standard,Low,North America,28,1
f8520665-cd2a-42c9-ba24-3da9505579a9,0.008747736171776748,Low,13.99,1.4685699485178805,Maintain engagement / loyalty rewards,Low engagement,Standard,Low,Asia,46,0
7e06975c-0bf7-4fe1-b884-8e7de13b702d,0.9961394425544567,High,8.99,107.46352306277481,Offer targeted discount / personalized content,Low recent activity,Basic,Medium,Oceania,45,1
f6abaaad-45a9-4879-8e66-3b1d4d5c3cbc,0.007996595509977038,Low,13.99,1.3424684542149452,Maintain engagement / loyalty rewards,Low recent activity,Standard,Medium,Africa,25,0
f1c437f2-b4be-40fb-9007-03dece9b63bd,0.008684931526956085,Low,13.99,1.4580263047453874,Maintain engagement / loyalty rewards,Higher plan cost,Standard,Medium,Europe,42,0
1b217597-8e8c-475f-bfc2-df1b648f3ec8,0.9960919480695754,High,8.99,107.45839935774578,Offer targeted discount / personalized content,Stable usage,Basic,Medium,Africa,33,1
a7b7aed8-c00a-4d06-8ffc-bf527572f7bb,0.9961325534130655,High,8.99,107.4627798622015,Offer targeted discount / personalized content,Low recent activity,Basic,Low,Africa,44,1
ccbcbfcb-32f4-4cfb-be96-79bb84daf04b,0.9961273491166704,High,13.99,167.22985936970665,Offer targeted discount / personalized content,Low recent activity,Standard,Medium,Asia,19,1
febacab1-7c87-4a27-b2a5-6aaa51021c13,0.9961397397305426,High,8.99,107.46355512213094,Offer targeted discount / personalized content,Low recent activity,Basic,Medium,Oceania,43,1
deadc085-ed13-47fb-81b4-45eadc08353d,0.008777452982852098,Low,13.99,1.4735588067612102,Maintain engagement / loyalty rewards,Higher plan cost,Standard,Medium,Asia,32,0
5b9fc53d-960a-475a-b189-b54d9c7564a6,0.9959808425971524,High,17.99,215.01234429987323,Offer targeted discount / personalized content,Low recent activity,Premium,Medium,Asia,35,1
065fe85d-0373-4737-bbf9-0880fc13ad44,0.0074881103487620445,Low,13.99,1.257103965350172,Maintain engagement / loyalty rewards,Higher plan cost,Standard,High,Oceania,66,0
88fd7813-ff27-47be-9470-b4ad4044ccef,0.009146881200179886,Low,13.99,1.5355784158861991,Maintain engagement / loyalty rewards,Low engagement,Standard,Low,North America,68,0
20eb5fec-6d12-4d6a-b791-c984c662cd33,0.9958273675793656,High,8.99,107.42985641446197,Offer targeted discount / personalized content,Low engagement,Basic,Low,South America,46,1
c1c6bed5-6167-4c79-bd6f-4c27851ce580,0.9961407172756175,High,17.99,215.04685804546028,Offer targeted discount / personalized content,Low engagement,Premium,Low,Europe,20,1
c4da46c8-aadf-4aca-98c3-b2e9422c1e93,0.007973463078406604,Low,13.99,1.3385849816029007,Maintain engagement / loyalty rewards,Higher plan cost,Standard,High,Europe,33,0
089c7011-1dec-412d-a160-d029ac6eb0a5,0.007678902637344147,Low,17.99,1.657721501349854,Maintain engagement / loyalty rewards,Higher plan cost,Premium,Medium,North America,63,0
20971458-c879-4bdc-bf4f-6a4758552a35,0.9961017308851062,High,8.99,107.45945472788526,Offer targeted discount / personalized content,Low recent activity,Basic,Medium,Asia,33,1
c3144388-5e8f-4c1c-83ff-3129e562ba4e,0.9961408448819604,High,13.99,167.23212503878352,Offer targeted discount / personalized content,Low engagement,Standard,Low,Europe,40,1
4489b67d-456a-40da-941e-68facbe3bdb4,0.9949051858071716,High,8.99,107.33037144487767,Offer targeted discount / personalized content,Stable usage,Basic,Medium,Africa,66,1
90acaef3-45c4-49e4-bd9f-1faf1b350e71,0.9961404414975373,High,8.99,107.46363082875433,Offer targeted discount / personalized content,Stable usage,Basic,Medium,Asia,44,1
c42b0dd0-9d7e-47eb-9b16-18c2195e9fce,0.007637590524392668,Low,8.99,0.823943265771481,Maintain engagement / loyalty rewards,Stable usage,Basic,High,Europe,41,0
590d4fc0-17ef-42af-aa91-778aa0d317d6,0.9959521637629823,High,13.99,167.20044925252947,Offer targeted discount / personalized content,Low recent activity,Standard,Low,Africa,67,1
55125abd-2493-40cf-8843-604709af81e7,0.007487000307640523,Low,17.99,1.616293626413436,Maintain engagement / loyalty rewards,Higher plan cost,Premium,High,Europe,29,0
24d6f90a-ea1f-44cb-a83b-4d3d53c4d152,0.9958355079454261,High,13.99,167.18086507387812,Offer targeted discount / personalized content,Low recent activity,Standard,Low,Oceania,34,1
a525e81a-ceac-45bf-9aaf-312b292c0ab2,0.007490993372602314,Low,13.99,1.2575879673924766,Maintain engagement / loyalty rewards,Low recent activity,Standard,Medium,Asia,23,0
4e16202d-72c0-4a59-974b-ba3e9c9fb04d,0.9961422723438487,High,8.99,107.4638283404544,Offer targeted discount / personalized content,Low recent activity,Basic,Low,North America,44,1
b74fff72-ab6f-46d9-a86c-66e7b580c4f3,0.996141554995293,High,8.99,107.46375095289221,Offer targeted discount / personalized content,Stable usage,Basic,Medium,Oceania,62,1
ecf5d19d-4bb9-4dd4-9b1f-1e34cf7b03cf,0.007633683710212928,Low,8.99,0.8235217986577708,Maintain engagement / loyalty rewards,Stable usage,Basic,High,South America,49,0
cb28901c-b8a3-43aa-9580-f116d219bf30,0.007487890734620584,Low,13.99,1.2570670965281037,Maintain engagement / loyalty rewards,Higher plan cost,Standard,High,South America,68,0
3db02ad4-41a1-4582-975d-a3a19e873c5a,0.007858696264953467,Low,17.99,1.6965353496781543,Maintain engagement / loyalty rewards,Higher plan cost,Premium,Medium,North America,20,0
39c2f74d-e634-4686-b4a4-7f3617f6db10,0.9961347281988202,High,17.99,215.0455651235613,Offer targeted discount / personalized content,Low engagement,Premium,Low,Europe,28,1
b4c1296b-4b42-4988-8541-0e5e848c4488,0.007487761633054607,Low,13.99,1.2570454229572074,Maintain engagement / loyalty rewards,Higher plan cost,Standard,High,Oceania,53,0
18c08dd6-5cd2-49ff-b9d4-d1e5d3b4aaf1,0.99580809922652,High,13.99,167.17626369814818,Offer targeted discount / personalized content,Low recent activity,Standard,Medium,North America,29,1
33a14e13-98be-4886-8707-28184c66ae0d,0.008107663699338638,Low,17.99,1.750282439413225,Maintain engagement / loyalty rewards,Low recent activity,Premium,Medium,North America,33,0
0658b8ed-13e8-4ea7-a31f-8afeb49acd60,0.7160631574292564,High,8.99,77.24889342346819,Offer targeted discount / personalized content,Low recent activity,Basic,Medium,Asia,57,1
f49a225d-d3da-4584-8f5b-2d17ebb19bd7,0.00748844149972587,Low,17.99,1.6166047509608206,Maintain engagement / loyalty rewards,Higher plan cost,Premium,High,South America,42,0
2d41aa15-7acd-4ab4-b5df-2d6a316ddb17,0.007490840092678816,Low,13.99,1.2575622347589197,Maintain engagement / loyalty rewards,Higher plan cost,Standard,High,South America,27,0
3f593c64-f2eb-4736-974a-5efadabce25a,0.9961356123079346,High,13.99,167.23124659425605,Offer targeted discount / personalized content,Higher plan cost,Standard,Medium,South America,18,1
8966b795-f82f-4c5d-a80c-5244a1016339,0.9961403643914594,High,17.99,215.04678186482823,Offer targeted discount / personalized content,Low recent activity,Premium,Low,Africa,53,1
88023604-f612-409e-9761-9fe2336a43e4,0.0075168966973943735,Low,17.99,1.622747659033497,Maintain engagement / loyalty rewards,Higher plan cost,Premium,Medium,Oceania,41,0
2635a91a-d4db-4458-8100-c8aa01ee55f1,0.9961385568434219,High,8.99,107.46342751226835,Offer targeted discount / personalized content,Low engagement,Basic,Low,South America,35,1
e3852e2b-3a3c-466a-916e-edd403c5353f,0.007487467614758131,Low,17.99,1.6163945086739853,Maintain engagement / loyalty rewards,Higher plan cost,Premium,High,North America,69,0
eeca7e99-fc70-4609-aeb1-5ba88fd7daef,0.9960662734679404,High,17.99,215.03078711625898,Offer targeted discount / personalized content,Low recent activity,Premium,Low,Europe,53,1
8632438c-1adb-4a0f-9d3b-9eed17db3536,0.0074874984519605154,Low,17.99,1.6164011658092359,Maintain engagement / loyalty rewards,Low recent activity,Premium,High,Asia,51,0
4020ae84-bece-4f52-bee7-b9ea56435b36,0.007493572020402871,Low,17.99,1.6177123277645715,Maintain engagement / loyalty rewards,Low recent activity,Premium,High,Oceania,67,0
8918b03e-e245-4ebf-b05f-158b557fcaea,0.014074551301666937,Low,17.99,3.0384141350038583,Maintain engagement / loyalty rewards,Higher plan cost,Premium,Medium,Africa,38,0
67b67fc6-7750-44bd-896c-3260f78d8e53,0.9961307264372385,High,8.99,107.46258276804929,Offer targeted discount / personalized content,Low recent activity,Basic,Medium,Africa,29,1
f8839f01-4286-4f45-a675-f09d869146c1,0.9961420450800755,High,17.99,215.04714469188667,Offer targeted discount / personalized content,Low engagement,Premium,Low,South America,34,1
3cb37e51-569d-4238-9854-5e659abf16c4,0.996139307057194,High,17.99,215.046553607507,Offer targeted discount / personalized content,Low recent activity,Premium,Low,South America,18,1
d64c129e-b523-4e14-ab3a-ec621137c3af,0.0074872511033128725,Low,13.99,1.2569597152241652,Maintain engagement / loyalty rewards,Higher plan cost,Standard,Medium,North America,28,0
d08e5984-dcc6-4e82-9190-c0532bbb7cae,0.007493236852317095,Low,17.99,1.6176399716782144,Maintain engagement / loyalty rewards,Higher plan cost,Premium,High,Africa,57,0
5299c7dd-6117-44fb-b316-41e3c6ca0e8f,0.007495844253593351,Low,17.99,1.6182028574657323,Maintain engagement / loyalty rewards,Higher plan cost,Premium,High,Asia,34,0
187a5666-9d16-459c-a524-35b1789ba1ae,0.007486981508422426,Low,13.99,1.2569144556339569,Maintain engagement / loyalty rewards,Higher plan cost,Standard,High,Asia,32,0
3fd34d59-ed02-4b2a-a7b7-7c8dba676ef9,0.9947511098127813,High,17.99,214.7468695863832,Offer targeted discount / personalized content,Higher plan cost,Premium,Low,South America,60,1
79b3f0bd-b45f-444d-a121-5b7a374c0780,0.0074883958754694184,Low,8.99,0.8078481470456409,Maintain engagement / loyalty rewards,Stable usage,Basic,High,Africa,21,0
d74761a3-27c1-4593-92ee-084f86b6c7f5,0.008258137380631563,Low,17.99,1.7827666977307417,Maintain engagement / loyalty rewards,Higher plan cost,Premium,Medium,South America,70,0
14e1fddb-7d3b-4098-b5f5-98d0467d9921,0.9956235816767162,High,8.99,107.40787199128414,Offer targeted discount / personalized content,Low recent activity,Basic,Medium,Europe,69,1
d3cdf140-4887-4f53-a5d3-ec891892c883,0.9961405685503986,High,17.99,215.04682593866002,Offer targeted discount / personalized content,Low recent activity,Premium,Low,Oceania,36,1
2fae4d1f-9063-4947-aac3-ec1c00169d35,0.007659441452328162,Low,8.99,0.8263005438771622,Maintain engagement / loyalty rewards,Stable usage,Basic,High,Europe,70,0
4beaf71e-a65e-4ddd-a643-c8e5acf5bd55,0.9957040028148354,High,8.99,107.41654782366444,Offer targeted discount / personalized content,Low recent activity,Basic,Medium,Oceania,22,1
d0c512fc-8212-4d61-9ad2-dce10af1dbf7,0.9961422397421946,High,8.99,107.46382482338795,Offer targeted discount / personalized content,Low engagement,Basic,Low,Africa,52,1
76a7587e-4288-4134-acd3-1c161865573a,0.0074872160636528465,Low,13.99,1.25695383276604,Maintain engagement / loyalty rewards,Higher plan cost,Standard,Medium,Oceania,19,0
8868e07d-acc4-4b62-808a-ad4553109922,0.9952621678684552,High,8.99,107.36888266964897,Offer targeted discount / personalized content,Stable usage,Basic,Medium,Africa,42,1
91a11dc0-b609-434f-a1d2-3ecd42d2321b,0.9960933684886422,High,8.99,107.45855259255471,Offer targeted discount / personalized content,Stable usage,Basic,Medium,Oceania,35,1
3bca6390-0c4b-4f47-a993-8e49139361c3,0.9961417165360071,High,13.99,167.23227137206487,Offer targeted discount / personalized content,Low recent activity,Standard,Low,Africa,18,1
f6aa3008-2137-480e-ac38-70d58514af59,0.007487989640592751,Low,17.99,1.616507203611163,Maintain engagement / loyalty rewards,Higher plan cost,Premium,High,North America,21,0
6fb2caa8-9389-4816-91cb-d1134a7b15a1,0.9959192922742476,High,8.99,107.43977325054584,Offer targeted discount / personalized content,Low engagement,Basic,Low,Africa,57,1
a96d856f-c265-4f78-80d5-f6d85c2e3e48,0.9961423105251811,High,8.99,107.46383245945654,Offer targeted discount / personalized content,Low recent activity,Basic,Low,North America,38,1
0769f070-5b48-4e47-9507-35259b4dfc71,0.007879309613346189,Low,17.99,1.700985359329175,Maintain engagement / loyalty rewards,Higher plan cost,Premium,Medium,South America,50,0
57b1d167-a660-48d5-8fca-f75fa0837d41,0.9951178885045298,High,13.99,167.06039112214046,Offer targeted discount / personalized content,Higher plan cost,Standard,Medium,Africa,57,1
9bc6420a-4fe7-4bda-97db-6689849cc101,0.008221209383706386,Low,17.99,1.7747946817545344,Maintain engagement / loyalty rewards,Low recent activity,Premium,Medium,Africa,65,0
9127fd59-f25d-4b74-a710-7f60b1804252,0.9961405521998564,High,17.99,215.04682240890497,Offer targeted discount / personalized content,Low recent activity,Premium,Low,North America,29,1
39a2da01-6445-4ba4-8dd5-846b8fe23c43,0.9961422176832396,High,17.99,215.04718195345774,Offer targeted discount / personalized content,Low engagement,Premium,Low,Africa,62,1
ac511430-85a0-40ed-bac6-423c3fe14a63,0.007496937576834876,Low,8.99,0.8087696257889465,Maintain engagement / loyalty rewards,Stable usage,Basic,High,Asia,58,0
c42c5dc0-22f1-464b-9aa8-9ff0661a54c3,0.9961397003188504,High,17.99,215.0466385048334,Offer targeted discount / personalized content,Low recent activity,Premium,Low,Asia,50,1
7d756761-f638-4e9b-8c0a-00492281d68d,0.9958834073060234,High,13.99,167.18890641853523,Offer targeted discount / personalized content,Low recent activity,Standard,Medium,North America,28,1
cade9688-a34c-4bf1-a49a-962d5d8fb7c4,0.996057652278212,High,13.99,167.21815866446622,Offer targeted discount / personalized content,Low recent activity,Standard,Medium,South America,49,1
466eaa12-9e20-4d53-860f-a8dccfb242b8,0.9961371967370223,High,8.99,107.46328078398997,Offer targeted discount / personalized content,Low engagement,Basic,Low,Oceania,25,1
57a0a7ed-21ea-4587-b519-ab35689cc9c8,0.9961384946419735,High,13.99,167.23173048049452,Offer targeted discount / personalized content,Low recent activity,Standard,Low,Asia,40,1
4e091ec6-3c1b-4649-aed7-cf99cc9da60d,0.995286669332029,High,13.99,167.08872604746102,Offer targeted discount / personalized content,Low engagement,Standard,Low,Oceania,29,1
3afd0a8c-2d06-41f8-954a-e439e193f21d,0.007486977934523041,Low,13.99,1.2569138556477282,Maintain engagement / loyalty rewards,Higher plan cost,Standard,High,Oceania,43,0
63fb5a17-b9fc-4191-8cec-ca2848cc3e54,0.007493491407200225,Low,17.99,1.6176949249863843,Maintain engagement / loyalty rewards,Higher plan cost,Premium,High,Oceania,69,0
1c663855-e700-49cf-8512-224b34d1efac,0.007488691777292183,Low,17.99,1.6166587808818365,Maintain engagement / loyalty rewards,Higher plan cost,Premium,High,North America,37,0
ca44d69c-f059-423e-82e2-65550f1314be,0.9961346104464758,High,8.99,107.46300177496582,Offer targeted discount / personalized content,Low recent activity,Basic,Medium,Asia,31,1
07b638bb-a4bf-4938-9b81-3160ecf59053,0.9961417961508541,High,8.99,107.46377696875413,Offer targeted discount / personalized content,Low engagement,Basic,Low,Europe,27,1
10187a53-e499-45ef-b5b2-0c0d16ffaef7,0.9956337819576847,High,17.99,214.937420849025,Offer targeted discount / personalized content,Low engagement,Premium,Low,Europe,65,1
fe5bdcb9-aa57-47ff-b123-33e4842057da,0.9961419849823964,High,8.99,107.4637973399009,Offer targeted discount / personalized content,Stable usage,Basic,Medium,Oceania,29,1
dc67ab9c-2786-4c67-8b27-3891f2676446,0.013693643082904942,Low,13.99,2.298888800758082,Maintain engagement / loyalty rewards,Low recent activity,Standard,Low,North America,63,0
92ea3113-82a0-40c9-8d98-142d22f0799b,0.007488246946117024,Low,17.99,1.6165627507277427,Maintain engagement / loyalty rewards,Higher plan cost,Premium,High,Africa,54,0
834274e5-cea9-4d78-a673-89b85674de2a,0.9961322690589588,High,8.99,107.46274918608047,Offer targeted discount / personalized content,Stable usage,Basic,Medium,Asia,27,1
68fcc8f2-4100-4fb8-bc83-efdca9a49322,0.9961330924290485,High,8.99,107.46283801124574,Offer targeted discount / personalized content,Stable usage,Basic,Medium,Europe,70,1
e0306a29-e5de-43f9-a455-6955498cd3ed,0.9949634174590816,High,13.99,167.0344585230306,Offer targeted discount / personalized content,Low engagement,Standard,Low,Oceania,31,1
27482340-b055-4041-aeb1-1a0feb5dec60,0.9960467783499359,High,13.99,167.21633314938725,Offer targeted discount / personalized content,Higher plan cost,Standard,Medium,North America,36,1
ab2d8fa6-2f40-4122-ae99-bf400c1301b1,0.015316895806454844,Low,17.99,3.306611466697472,Maintain engagement / loyalty rewards,Higher plan cost,Premium,Medium,Europe,19,0
4f6ec262-da69-45ec-914c-026309454e98,0.007933460278454553,Low,17.99,1.7126754049127686,Maintain engagement / loyalty rewards,Low engagement,Premium,Low,Europe,47,0
fbdb9c05-f713-42da-acbc-426247e3dae8,0.007601131278634074,Low,8.99,0.820010042339044,Maintain engagement / loyalty rewards,Stable usage,Basic,High,Europe,20,0
63fefe7d-6134-49fb-95fc-5b011b8583c7,0.007548971742712111,Low,8.99,0.8143830716037825,Maintain engagement / loyalty rewards,Stable usage,Basic,High,Africa,56,0
72913cf5-928b-4c70-9fdf-23f320b7387e,0.996139067259001,High,8.99,107.46348257590103,Offer targeted discount / personalized content,Low recent activity,Basic,Medium,Oceania,48,1
e9ecd068-dda1-43b9-a4fb-c17b3e2c9455,0.007487853220656054,Low,8.99,0.8077896054443752,Maintain engagement / loyalty rewards,Stable usage,Basic,High,Europe,48,0
aa56b066-fb34-4c3c-8ffa-913e48221d38,0.9961396349316688,High,13.99,167.23192191232857,Offer targeted discount / personalized content,Low recent activity,Standard,Low,Africa,64,1
4b34b055-d1b3-401e-8b73-b8c3297396d0,0.9961081517360988,High,13.99,167.22663651345627,Offer targeted discount / personalized content,Higher plan cost,Standard,Low,Africa,25,1
2c4ab875-d3c3-429d-9dad-fdf4c0f850d7,0.9961327474559729,High,17.99,215.0451375207954,Offer targeted discount / personalized content,Higher plan cost,Premium,Medium,North America,48,1
dba01592-6410-4be2-b930-10d122fabfef,0.9951047278534425,High,13.99,167.05818171203592,Offer targeted discount / personalized content,Higher plan cost,Standard,Medium,Asia,50,1
35119411-b270-46a9-b807-5f703dc512e5,0.9961418295062072,High,13.99,167.23229033750206,Offer targeted discount / personalized content,Low engagement,Standard,Low,Europe,38,1
63d9d93c-1c27-4123-951c-81f49f5bcc38,0.996082034334027,High,17.99,215.03418957202973,Offer targeted discount / personalized content,Low recent activity,Premium,Medium,South America,46,1
794a55aa-41e8-4973-a92d-e694ac1d2c10,0.007491584705597682,Low,17.99,1.6172833062444276,Maintain engagement / loyalty rewards,Higher plan cost,Premium,High,Europe,18,0
8ca9ce9b-95f1-480a-bdf8-7ab9b97535ce,0.00749179396234542,Low,13.99,1.2577223703985494,Maintain engagement / loyalty rewards,Higher plan cost,Standard,High,Europe,30,0
9c5b8ee6-d18b-4614-8c23-4a4fcac04d80,0.9961411589525282,High,17.99,215.04695339467176,Offer targeted discount / personalized content,Low engagement,Premium,Low,North America,48,1
604f83af-4c1b-4e00-897c-82ce3d3a5727,0.996141040493368,High,8.99,107.46369544842455,Offer targeted discount / personalized content,Stable usage,Basic,Low,Europe,22,1
2e1aad64-26cc-449a-b08c-fbedd731de31,0.007905343561387052,Low,17.99,1.7066055680322365,Maintain engagement / loyalty rewards,Higher plan cost,Premium,Medium,Asia,36,0
7aa81ae5-8879-4d6b-ac2c-e30ddadbbef6,0.008040884613115152,Low,13.99,1.3499037088497718,Maintain engagement / loyalty rewards,Low recent activity,Standard,Medium,Africa,42,0
73c16c1b-0b24-47d3-b7c8-41a1fac54b48,0.00749029096360104,Low,13.99,1.2574700469693427,Maintain engagement / loyalty rewards,Higher plan cost,Standard,High,Europe,48,0
58540f35-ed97-4eef-9638-9039f8eddb3d,0.008572461202379669,Low,13.99,1.4391447866554987,Maintain engagement / loyalty rewards,Low engagement,Standard,Low,Oceania,30,0
59631c00-9348-44af-a232-40e34ec07c22,0.9961350897271478,High,8.99,107.46305347976471,Offer targeted discount / personalized content,Low engagement,Basic,Low,Europe,35,1
2b59d33a-1b53-4131-a0d5-4d3e56e07d85,0.007725177954086939,Low,13.99,1.2969028749321154,Maintain engagement / loyalty rewards,Higher plan cost,Standard,Medium,Asia,29,0
1f736007-b6d2-447a-840d-89c0ee65629b,0.007486987194432327,Low,17.99,1.6162907955340504,Maintain engagement / loyalty rewards,Higher plan cost,Premium,High,South America,42,0
02421d84-5f78-429d-a2f6-be81c656dc0a,0.9961420585006685,High,8.99,107.46380527105211,Offer targeted discount / personalized content,Low recent activity,Basic,Medium,North America,20,1
797e3a2d-50ad-478d-9f62-48f49771dd87,0.996142301013552,High,8.99,107.463831433342,Offer targeted discount / personalized content,Low engagement,Basic,Low,Asia,44,1
98850d40-9bb7-46e5-bf51-9c36ff13ccf1,0.008514859663283855,Low,13.99,1.4294746402720935,Maintain engagement / loyalty rewards,Higher plan cost,Standard,Medium,Oceania,54,0
6df50497-d522-4c9e-ae35-b570fc2656cf,0.007488773635036303,Low,17.99,1.616676452331637,Maintain engagement / loyalty rewards,Higher plan cost,Premium,High,Africa,66,0
1e7bde1f-8158-40b9-9aa5-97cf0312ed3f,0.9961285811014434,High,8.99,107.46235132922372,Offer targeted discount / personalized content,Stable usage,Basic,Medium,Europe,60,1
5bc33d7d-2258-438c-9c77-7cfb0af09acb,0.995958459839283,High,17.99,215.0075123101044,Offer targeted discount / personalized content,Higher plan cost,Premium,Medium,Europe,21,1
e40b9738-ff59-46b5-a2bb-3dc95a2a429c,0.9891305112928901,High,17.99,213.53349477790908,Offer targeted discount / personalized content,Higher plan cost,Premium,Medium,Oceania,51,1
12fa97b3-078a-4a97-b338-f130fb3762a4,0.9960233362451263,High,13.99,167.2123976888318,Offer targeted discount / personalized content,Low recent activity,Standard,Medium,Africa,41,1
1753bc3c-d5f3-4507-bbc9-3d8d2de87bf6,0.0074928134019961986,Low,17.99,1.617548557222939,Maintain engagement / loyalty rewards,Higher plan cost,Premium,High,South America,36,0
b13b45b8-9130-4222-aced-db116c542c50,0.007837850479028631,Low,17.99,1.692035161412701,Maintain engagement / loyalty rewards,Higher plan cost,Premium,Medium,Oceania,36,0
5843bccd-c8a2-4294-b541-85481a633beb,0.996141831085336,High,17.99,215.0470984947023,Offer targeted discount / personalized content,Low recent activity,Premium,Low,Asia,54,1
56e385b7-755f-4c91-917e-0a5a60db358a,0.009281024916174224,Low,13.99,1.5580984629273287,Maintain engagement / loyalty rewards,Higher plan cost,Standard,High,Europe,31,0
f2477cdd-25e4-47c2-8b0e-2194e62a4ea2,0.007490441172126977,Low,17.99,1.6170364402387716,Maintain engagement / loyalty rewards,Higher plan cost,Premium,High,South America,64,0
153d426a-bfd4-47d8-9821-a84a5e9fee7b,0.007490641821211531,Low,8.99,0.8080904396722999,Maintain engagement / loyalty rewards,Stable usage,Basic,High,North America,55,0
b512a9aa-3832-4ec2-bfc0-65cec94afd68,0.9958215806232985,High,8.99,107.42923211764145,Offer targeted discount / personalized content,Stable usage,Basic,Low,South America,51,1
19ef59d2-6a1c-4507-8b4c-8d8fbd68db12,0.9959083565405911,High,17.99,214.9966960099828,Offer targeted discount / personalized content,Low engagement,Premium,Low,North America,66,1
7ccb2fc4-29ae-47d5-b9ca-c10d7e9dce63,0.008335358352116407,Low,13.99,1.3993399601533025,Maintain engagement / loyalty rewards,Low recent activity,Standard,Low,Europe,57,0
51440c93-aa74-453e-a0ac-0fd9cb25409f,0.007488083812886515,Low,13.99,1.257099510507388,Maintain engagement / loyalty rewards,Higher plan cost,Standard,High,Oceania,68,0
d78f5876-1525-463f-9790-58f96401020d,0.9961338324124229,High,8.99,107.46291784065218,Offer targeted discount / personalized content,Low recent activity,Basic,Medium,South America,31,1
b4a4ef53-4da5-4b3a-818d-7a2db7b6dc3c,0.007487471350228002,Low,17.99,1.6163953150872208,Maintain engagement / loyalty rewards,Higher plan cost,Premium,Medium,Africa,39,0
5e5dcb10-52c2-4611-b0a2-c083f94dde3c,0.007500417884359835,Low,8.99,0.8091450813647391,Maintain engagement / loyalty rewards,Stable usage,Basic,High,South America,31,0
0244ba1e-f643-4f1a-9ed1-2531650a2ace,0.9959311881015619,High,13.99,167.19692785849023,Offer targeted discount / personalized content,Low recent activity,Standard,Low,South America,63,1
43c345f1-1534-4f02-afed-866b3515059b,0.9961421177816024,High,8.99,107.46381166627927,Offer targeted discount / personalized content,Stable usage,Basic,Medium,South America,46,1
31a08a9f-e3b2-46ed-80fc-4cdc63f2e593,0.9961387625850524,High,13.99,167.23177546277861,Offer targeted discount / personalized content,Low recent activity,Standard,Low,South America,22,1
0abfd213-ef70-4c96-979a-95401f2d222a,0.007490413173629503,Low,17.99,1.617030395923137,Maintain engagement / loyalty rewards,Higher plan cost,Premium,High,Asia,59,0
9318ddca-73d1-425f-8cf2-180b30bf5c37,0.007487047344963346,Low,13.99,1.2569255082724466,Maintain engagement / loyalty rewards,Higher plan cost,Standard,High,Europe,36,0
e95ba0a7-3085-4358-9fac-b404fdb198b3,0.9961367894014657,High,17.99,215.04601009598838,Offer targeted discount / personalized content,Low engagement,Premium,Low,Oceania,55,1
5405f752-cb3f-4f59-9206-4e7cdc662738,0.007561472164459561,Low,8.99,0.8157316171018976,Maintain engagement / loyalty rewards,Stable usage,Basic,High,Europe,58,0
bfb8411b-0e6a-4f69-b072-24ed44cc094e,0.007563491811963927,Low,8.99,0.8159494966746685,Maintain engagement / loyalty rewards,Stable usage,Basic,Medium,Africa,57,0
9fbafa7f-e3de-4166-b71b-e4bc230715a5,0.007493374853788609,Low,17.99,1.617669763435885,Maintain engagement / loyalty rewards,Higher plan cost,Premium,High,South America,67,0
575e8cef-5ce2-4bbc-80a0-bdf68bd29505,0.0074996982238544115,Low,8.99,0.8090674443894139,Maintain engagement / loyalty rewards,Stable usage,Basic,High,South America,54,0
17bd8bda-c161-413a-bb7d-8453978c974b,0.007947341404005406,Low,17.99,1.7156720622966868,Maintain engagement / loyalty rewards,Low engagement,Premium,Low,Asia,46,0
a36af881-f75f-42aa-bb55-aa8f43cd2c1f,0.008822683711827364,Low,13.99,1.4811521415415778,Maintain engagement / loyalty rewards,Low recent activity,Standard,Low,Africa,37,0
dd222a27-27ab-459a-994a-8c5ad58ddeeb,0.9961415775684441,High,8.99,107.46375338808375,Offer targeted discount / personalized content,Stable usage,Basic,Medium,North America,60,1
9216acf7-bc86-44f9-95d5-2d5e96d459d4,0.9959147912847648,High,17.99,214.998085142555,Offer targeted discount / personalized content,Low engagement,Premium,Low,North America,61,1
1b673fc7-2b1b-4f12-ae55-6f61e739c483,0.007967528257191912,Low,13.99,1.337588643817378,Maintain engagement / loyalty rewards,Low recent activity,Standard,Medium,Oceania,59,0
8643fbb4-e91f-40d3-bb3d-9da4cf47d8d2,0.9959916450599231,High,8.99,107.44757866906451,Offer targeted discount / personalized content,Stable usage,Basic,Low,Asia,20,1
efa05e12-91f5-4de0-886d-7efe2b13e3df,0.9961414350822807,High,17.99,215.04701300556275,Offer targeted discount / personalized content,Low engagement,Premium,Low,Oceania,47,1
de40d774-89d7-43ef-81f2-a845c85cb3a3,0.995916055026384,High,8.99,107.4394240162463,Offer targeted discount / personalized content,Low recent activity,Basic,Low,South America,69,1
e3b0394b-c1e2-4d2a-8f3e-881750fa9401,0.007489267645218732,Low,13.99,1.2572982522793208,Maintain engagement / loyalty rewards,Higher plan cost,Standard,High,Africa,65,0
c42c3176-bb7e-411d-a769-0b2ad9e8ed2a,0.9961294558333412,High,17.99,215.04442692530165,Offer targeted discount / personalized content,Higher plan cost,Premium,Medium,Europe,58,1
433c3f13-1127-42b6-bff7-8801b71cdaf6,0.00749197925960088,Low,8.99,0.8082347225257429,Maintain engagement / loyalty rewards,Stable usage,Basic,High,Asia,36,0
e8e4d4ec-8d71-4f31-9a49-18b68cb209b8,0.9960539935040321,High,17.99,215.02813611765043,Offer targeted discount / personalized content,Low recent activity,Premium,Low,Europe,32,1
3b6ad87b-8320-46b3-8cd0-ba38c3def845,0.9958498686686308,High,13.99,167.18327595208973,Offer targeted discount / personalized content,Low recent activity,Standard,Low,North America,63,1
b239abd3-b75b-4da5-9794-0de700a9d4a7,0.0074999551336368125,Low,8.99,0.8090951598167393,Maintain engagement / loyalty rewards,Stable usage,Basic,High,Asia,67,0
87dd331e-af28-4193-ad16-3fa4dde9f4df,0.0076420830459751525,Low,8.99,0.8244279189997995,Maintain engagement / loyalty rewards,Stable usage,Basic,High,Oceania,43,0
1a222df2-070f-4549-b164-a9baa2bbdafe,0.9961380619905654,High,8.99,107.46337412754221,Offer targeted discount / personalized content,Low recent activity,Basic,Low,Africa,52,1
dd06b1e7-368e-4a14-9c4b-1167e1751312,0.007487157517351814,Low,13.99,1.2569440040130226,Maintain engagement / loyalty rewards,Higher plan cost,Standard,High,Oceania,57,0
bdeb4f47-097c-49b8-956a-d9fa25802324,0.9957770868685512,High,17.99,214.9683575131828,Offer targeted discount / personalized content,Low recent activity,Premium,Low,North America,21,1
23983a3b-9ddb-44ee-b02d-7128ffc31a36,0.9961332056760261,High,17.99,215.0452364413405,Offer targeted discount / personalized content,Low recent activity,Premium,Medium,Oceania,56,1
1f21093e-a068-4fd4-a23a-3bdbe2a2ac90,0.9961418322112274,High,13.99,167.23229079162087,Offer targeted discount / personalized content,Low engagement,Standard,Low,South America,64,1
452e1227-fdcd-4f2a-b51d-93c972870576,0.9961013697737874,High,8.99,107.45941577119619,Offer targeted discount / personalized content,Low recent activity,Basic,Medium,Europe,54,1
f53aabeb-9951-48d4-a47c-ee92be30b9ef,0.9956653637122331,High,17.99,214.94423871819686,Offer targeted discount / personalized content,Higher plan cost,Premium,Low,South America,62,1
d0478dc6-40b3-4217-b23b-1e5d368d99e3,0.9961378600095688,High,13.99,167.23162393840641,Offer targeted discount / personalized content,Low engagement,Standard,Low,Oceania,63,1
9b97bbce-cee3-4f9f-929a-91a55540665a,0.9958717414268904,High,13.99,167.18694795074637,Offer targeted discount / personalized content,Higher plan cost,Standard,Medium,Europe,69,1
1a4dc981-f642-40e7-be57-eb92abdce2cd,0.9887117036867437,High,17.99,213.4430825918942,Offer targeted discount / personalized content,Low engagement,Premium,Low,Africa,38,1
789522f8-c4a7-458c-8303-68262a0f458a,0.007849020738324759,Low,13.99,1.3176936015499607,Maintain engagement / loyalty rewards,Low recent activity,Standard,Medium,South America,69,0
ca235c75-ef56-4b6e-b147-144484fc7a68,0.9961421636228585,High,8.99,107.46381661163397,Offer targeted discount / personalized content,Low recent activity,Basic,Low,Europe,18,1
e7be6384-c0d8-4762-8490-1242e245f14a,0.009106200791943611,Low,13.99,1.5287489889514936,Maintain engagement / loyalty rewards,Higher plan cost,Standard,Medium,South America,26,0
530f7589-89c5-487c-a14a-d1500bb9fc21,0.9961416478534275,High,13.99,167.2322598416334,Offer targeted discount / personalized content,Low recent activity,Standard,Low,Asia,44,1
cc1eecc4-1916-4342-9400-b18c036d98e5,0.9961421551852825,High,13.99,167.23234501250522,Offer targeted discount / personalized content,Low recent activity,Standard,Low,Asia,43,1
8629cc72-e810-4acd-89b5-51614d21b070,0.00749551470166127,Low,13.99,1.258347008114894,Maintain engagement / loyalty rewards,Higher plan cost,Standard,Medium,Asia,39,0
fa0f95cd-a763-4ca0-b86c-dc7d1e93f8a9,0.007500107852087448,Low,8.99,0.809111635083194,Maintain engagement / loyalty rewards,Stable usage,Basic,High,North America,70,0
f58d7d36-bc85-44c4-b74a-e7de9cf5104a,0.008439777034882565,Low,17.99,1.821979066290448,Maintain engagement / loyalty rewards,Low engagement,Premium,Low,Africa,19,0
094fe1ea-c59b-434b-afd9-be895740dea7,0.007487845949066652,Low,17.99,1.6164761834845087,Maintain engagement / loyalty rewards,Higher plan cost,Premium,High,Europe,23,0
a35dfad2-b67f-40ea-871c-37c1ec686bda,0.9959603165857288,High,17.99,215.0079131445271,Offer targeted discount / personalized content,Higher plan cost,Premium,Medium,Oceania,39,1
234a89e9-0793-4c4b-8855-8afaf76b3bc7,0.9959380434631567,High,17.99,215.00310482282623,Offer targeted discount / personalized content,Low engagement,Premium,Low,Oceania,19,1
7a889b45-8ea4-416d-b58f-d38b5eb7ea45,0.9961412487682153,High,8.99,107.46371791711506,Offer targeted discount / personalized content,Low engagement,Basic,Low,Europe,30,1
6818695a-d9b5-47c0-98dc-c1b0c1c379ce,0.00748882529144911,Low,17.99,1.6166876039180336,Maintain engagement / loyalty rewards,Higher plan cost,Premium,High,Africa,22,0
0cff8cd5-ab3c-4116-8edb-fa314b5a3273,0.9961420505766693,High,13.99,167.23232745081123,Offer targeted discount / personalized content,Low engagement,Standard,Low,Europe,56,1
2774bcf2-ddec-44c9-a3bc-ff87a8a96dee,0.007487151314119535,Low,13.99,1.2569429626143875,Maintain engagement / loyalty rewards,Higher plan cost,Standard,High,South America,61,0
eb0251cf-302e-4e08-a31d-a9a5ab2baef3,0.9961259105865319,High,8.99,107.46206323407506,Offer targeted discount / personalized content,Low engagement,Basic,Low,South America,24,1
e001f24e-444b-4781-84bf-a90a3b374710,0.016425124274111684,Low,8.99,1.7719424066911686,Maintain engagement / loyalty rewards,Stable usage,Basic,Medium,Africa,26,0
83913311-e86f-4750-98dc-e9d4bf78e544,0.007627408310925485,Low,13.99,1.2804893072381704,Maintain engagement / loyalty rewards,Higher plan cost,Standard,High,South America,47,0
463a6397-5c89-4ad4-8d08-f9c6e3081f25,0.9961417124994222,High,13.99,167.23227069440298,Offer targeted discount / personalized content,Low recent activity,Standard,Low,Asia,66,1
7dae8155-8114-4ead-acab-712cdb9fecda,0.9957700249269582,High,13.99,167.16987178473775,Offer targeted discount / personalized content,Low recent activity,Standard,Medium,South America,36,1
1d0e9016-5635-4615-b5aa-defaadffcc7f,0.008566321192649707,Low,13.99,1.4381140018220329,Maintain engagement / loyalty rewards,Higher plan cost,Standard,Medium,Europe,49,0
4d84f911-ed8d-42bd-a583-924e3b9dafd8,0.9961412275033869,High,13.99,167.2321892732686,Offer targeted discount / personalized content,Low engagement,Standard,Low,South America,69,1
0a77605c-e86e-4b72-91a1-7a49969c1ac1,0.9961417074881014,High,8.99,107.46376740381638,Offer targeted discount / personalized content,Low recent activity,Basic,Low,Europe,18,1
17edb2d1-c14b-4e51-a874-2f1658336201,0.00783136070075717,Low,13.99,1.3147288344431138,Maintain engagement / loyalty rewards,Higher plan cost,Standard,Medium,Africa,29,0
f8bef0a9-79f7-4d01-9699-f7d9ca36129b,0.007487602976729862,Low,13.99,1.2570187877334094,Maintain engagement / loyalty rewards,Higher plan cost,Standard,High,Asia,49,0
5eaaffbf-db92-48f4-88e2-6d0924f6bc9c,0.007487101026191439,Low,17.99,1.6163153695342078,Maintain engagement / loyalty rewards,Higher plan cost,Premium,High,Asia,20,0
b2ec2304-01bd-4336-8a61-f0b0abbba0db,0.9961244540554148,High,8.99,107.46190610349814,Offer targeted discount / personalized content,Stable usage,Basic,Medium,Asia,70,1
1a3b4d35-f6d2-4645-a156-55305464e7ae,0.00814470269043454,Low,17.99,1.7582784168110082,Maintain engagement / loyalty rewards,Higher plan cost,Premium,Medium,South America,26,0
9eec9d5c-6e0e-4796-b55f-75b8b68180b4,0.9957741860359987,High,13.99,167.17057035172346,Offer targeted discount / personalized content,Low recent activity,Standard,Medium,Oceania,65,1
5f426a25-b218-474f-8d86-484cb97d3a29,0.9960242049105872,High,13.99,167.21254352038937,Offer targeted discount / personalized content,Low engagement,Standard,Low,Asia,53,1
c40c9949-8c3e-4002-9ad3-3e98abf9d759,0.9959180979402144,High,13.99,167.19473028220318,Offer targeted discount / personalized content,Higher plan cost,Standard,Medium,North America,33,1
629cdfb3-3b30-4a6d-8112-8a323da83e34,0.9961402571662324,High,13.99,167.2320263730671,Offer targeted discount / personalized content,Low recent activity,Standard,Low,Europe,33,1
9e095556-c0fe-4ebd-9e42-00fdbd49a5e6,0.008247507773221297,Low,17.99,1.7804719780830136,Maintain engagement / loyalty rewards,Higher plan cost,Premium,Medium,Europe,19,0
54c05598-365d-4f0a-9053-47c773d60fb0,0.9960957374501282,High,13.99,167.22455240312755,Offer targeted discount / personalized content,Higher plan cost,Standard,Medium,Africa,58,1
33b1d71a-a301-4ff5-b31e-e0ae15703dc6,0.9958960549641891,High,8.99,107.43726640953672,Offer targeted discount / personalized content,Low recent activity,Basic,Medium,Europe,63,1
a7e66b70-b8a9-466c-83c2-28f7ee12b1f5,0.007489738927579039,Low,13.99,1.2573773711619691,Maintain engagement / loyalty rewards,Higher plan cost,Standard,High,South America,50,0
23738ea6-6051-407f-b134-54b5abf97c76,0.9961419777520749,High,17.99,215.04713015711792,Offer targeted discount / personalized content,Low engagement,Premium,Low,Europe,43,1
127c0924-f08c-4b58-826e-eaba5d7e5684,0.9959080074730684,High,13.99,167.19303629457872,Offer targeted discount / personalized content,Low recent activity,Standard,Medium,Europe,46,1
5db3f1f4-2a78-4905-a404-38b184a190d4,0.01159991063066457,Low,8.99,1.251398358836094,Maintain engagement / loyalty rewards,Stable usage,Basic,High,Europe,19,0
ca048e28-c4a0-423c-abe2-a0da5ead69a1,0.007838566382519516,Low,13.99,1.3159385242973762,Maintain engagement / loyalty rewards,Higher plan cost,Standard,Medium,South America,64,0
ece55bb3-fc9a-4a30-92b0-fb95a55aec51,0.011249833413888365,Low,13.99,1.8886220335235788,Maintain engagement / loyalty rewards,Low recent activity,Standard,Medium,North America,59,0
2f262b29-6001-432d-9f5c-0f6558826627,0.007490054213283036,Low,17.99,1.6169529035635417,Maintain engagement / loyalty rewards,Higher plan cost,Premium,High,Africa,66,0
bc7703f4-a5d9-4d99-955e-158eb11751ef,0.007561782023913088,Low,17.99,1.6324375033223575,Maintain engagement / loyalty rewards,Higher plan cost,Premium,High,Europe,51,0
9253a50a-fd90-4a43-a419-1a8725cdaaad,0.0074909777450191065,Low,13.99,1.2575853438338076,Maintain engagement / loyalty rewards,Higher plan cost,Standard,High,Asia,27,0
6dd30fa8-e9be-4ba1-831d-ec479489390d,0.9960430115362533,High,13.99,167.2157007767062,Offer targeted discount / personalized content,Low engagement,Standard,Low,Asia,60,1
0f3aff18-a29f-48d1-96fd-3dce25aa3f30,0.007563142717385002,Low,8.99,0.815911836351494,Maintain engagement / loyalty rewards,Stable usage,Basic,High,North America,41,0
b2ac1325-4f88-49f8-b626-c339c8a839b8,0.008088844778353248,Low,17.99,1.7462198107508988,Maintain engagement / loyalty rewards,Low recent activity,Premium,Medium,Oceania,37,0
2cea2e6f-6ac0-451e-bc97-28c032b6431b,0.9961418420311761,High,17.99,215.04710085769028,Offer targeted discount / personalized content,Low engagement,Premium,Low,South America,26,1
daba8bad-2131-40db-9fa3-467c7da43703,0.007487764088337437,Low,17.99,1.6164585113902858,Maintain engagement / loyalty rewards,Higher plan cost,Premium,High,Europe,69,0
ad2be0d3-7744-43bd-b4b8-5b61799756a1,0.9961416825102034,High,8.99,107.46376470920075,Offer targeted discount / personalized content,Low engagement,Basic,Low,Africa,42,1
2e6ffbc2-aaf8-41c1-9d30-47ae9260fb4b,0.007487007030348482,Low,17.99,1.6162950777116303,Maintain engagement / loyalty rewards,Higher plan cost,Premium,High,Europe,19,0
13fc0db0-35b8-4902-a770-11a2aade369d,0.9961138669064742,High,13.99,167.2275959762589,Offer targeted discount / personalized content,Low recent activity,Standard,Low,Europe,61,1
286e9bc1-b9d2-4d4d-9b46-8f823a170139,0.9961420969290614,High,13.99,167.23233523245085,Offer targeted discount / personalized content,Low recent activity,Standard,Low,Asia,34,1
a9bac7bd-9fb2-43cc-b170-fb3a6c9772f7,0.007489028346535758,Low,13.99,1.2572580788164232,Maintain engagement / loyalty rewards,Higher plan cost,Standard,High,Asia,68,0
6e498648-f7cf-4fd0-9315-df66b413fba8,0.0075026397258375205,Low,8.99,0.8093847736233517,Maintain engagement / loyalty rewards,Stable usage,Basic,High,North America,32,0
0acb8995-d92d-46a1-b80a-2c5d7fac4df3,0.9961330510102069,High,8.99,107.46283354298112,Offer targeted discount / personalized content,Low recent activity,Basic,Medium,South America,21,1
b81c524a-a1a3-4047-a9ca-a656564f9ad2,0.9960685612969609,High,17.99,215.03128101278787,Offer targeted discount / personalized content,Low recent activity,Premium,Medium,Europe,24,1
8c722fa9-57be-4fa0-a466-f43e61d35f94,0.9961408592332163,High,17.99,215.0468886912667,Offer targeted discount / personalized content,Low recent activity,Premium,Low,South America,55,1
67261644-d5d8-4867-a359-22d606e2dcc9,0.9961417851690039,High,13.99,167.23228289417236,Offer targeted discount / personalized content,Low recent activity,Standard,Low,Asia,65,1
3cbf2873-561b-4ef3-a946-fc8693dab3bc,0.007488167055774303,Low,13.99,1.25711348532339,Maintain engagement / loyalty rewards,Higher plan cost,Standard,High,Africa,25,0
d021c19c-289d-44b2-959c-bb3231f5f23a,0.007595680225677031,Low,13.99,1.27516279628666,Maintain engagement / loyalty rewards,Higher plan cost,Standard,Medium,Europe,63,0
d73ea6c0-c6a3-43ef-b4df-34d432f0295f,0.9956497505583277,High,17.99,214.94086815053174,Offer targeted discount / personalized content,Higher plan cost,Premium,Medium,Asia,56,1
9ab55bb5-1957-46a6-8472-d26b2fda624a,0.007500644382215757,Low,8.99,0.809169515953436,Maintain engagement / loyalty rewards,Stable usage,Basic,High,North America,47,0
7492f32f-8c97-4a80-81ad-78749329c8f3,0.9958161170685438,High,13.99,167.17760973346714,Offer targeted discount / personalized content,Low recent activity,Standard,Low,Asia,29,1
d9ea07b7-ffa7-4165-8d37-04fdfe0fd5fa,0.008652979557258552,Low,13.99,1.4526622080725657,Maintain engagement / loyalty rewards,Higher plan cost,Standard,Medium,North America,52,0
ad0caecf-9b95-4921-8a81-7bb311564c2a,0.9959624260470635,High,13.99,167.20217208478104,Offer targeted discount / personalized content,Low engagement,Standard,Low,South America,26,1
5b2ec7eb-5ee5-4b1a-a409-88f9b0dba73e,0.9960321772588593,High,17.99,215.02342642664252,Offer targeted discount / personalized content,Higher plan cost,Premium,Medium,Africa,39,1
9fa65636-ca49-40ef-bd85-85dac00a0612,0.007499241657901766,Low,13.99,1.2589726895285485,Maintain engagement / loyalty rewards,Higher plan cost,Standard,High,North America,46,0
f916f25f-2303-4145-af99-99a0b8e8de5b,0.9961413763752924,High,8.99,107.46373168336655,Offer targeted discount / personalized content,Low engagement,Basic,Low,South America,22,1
37b1f7e9-731b-45f0-8b64-0019780a7c3c,0.008513127924412821,Low,17.99,1.8378140563222396,Maintain engagement / loyalty rewards,Low recent activity,Premium,Medium,Africa,36,0
0c65fd72-9e3b-4033-99ed-4397ccf9346f,0.995266133975616,High,8.99,107.36931053328945,Offer targeted discount / personalized content,Stable usage,Basic,Medium,Africa,40,1
9212f1ee-8fcc-49de-9379-496677369ec0,0.007487148548284207,Low,13.99,1.2569424982859527,Maintain engagement / loyalty rewards,Higher plan cost,Standard,High,South America,29,0
245a68d0-ff48-4300-8fd9-94cc361e02c9,0.007488731539862466,Low,13.99,1.2572082509121107,Maintain engagement / loyalty rewards,Higher plan cost,Standard,High,Oceania,53,0
88d0c4cb-a32d-45df-b849-536859b8ba10,0.007487008681792878,Low,13.99,1.2569190174993885,Maintain engagement / loyalty rewards,Higher plan cost,Standard,High,Europe,43,0
9b18d52f-d169-4ac0-aae9-840d5b8fd937,0.9961402873200631,High,17.99,215.04676522665522,Offer targeted discount / personalized content,Low recent activity,Premium,Low,South America,40,1
85f3c893-5cb4-402f-893a-563686a5a644,0.007490920090094613,Low,17.99,1.6171398290496248,Maintain engagement / loyalty rewards,Higher plan cost,Premium,High,Europe,40,0
ff5354ce-5deb-4dc4-8d39-a68c03938af3,0.9960853618833415,High,13.99,167.22281055297537,Offer targeted discount / personalized content,Higher plan cost,Standard,Medium,Europe,69,1
e60d2e98-1236-4d67-aa6c-b5b3ca28e7a0,0.007497781419688626,Low,8.99,0.808860659556009,Maintain engagement / loyalty rewards,Stable usage,Basic,High,Europe,29,0
d6dbab58-a030-43a9-9873-06b044b65052,0.007490076434123946,Low,17.99,1.616957700598677,Maintain engagement / loyalty rewards,Higher plan cost,Premium,High,South America,24,0
f290c3ba-8bc9-48c3-8b9f-d4c878f405fa,0.011576914847707908,Low,13.99,1.9435324646332035,Maintain engagement / loyalty rewards,Higher plan cost,Standard,Medium,Asia,59,0
a12e71fd-b9d2-4a9f-aa23-ec9901dd1fc3,0.007515618541166539,Low,13.99,1.2617220406910385,Maintain engagement / loyalty rewards,Higher plan cost,Standard,Medium,Europe,51,0
44bf9ce1-bd7d-40f8-a16c-abce926888ae,0.9961420339649016,High,17.99,215.04714229234293,Offer targeted discount / personalized content,Low recent activity,Premium,Low,North America,40,1
10b310c8-dca5-4bbc-a54e-696beba345f2,0.9961388256084339,High,13.99,167.23178604314387,Offer targeted discount / personalized content,Low engagement,Standard,Low,Africa,19,1
38d1c68c-e901-4446-a303-9ea123048b89,0.007491564502946644,Low,17.99,1.6172789448961213,Maintain engagement / loyalty rewards,Higher plan cost,Premium,High,North America,52,0
795a4e3f-5b2a-4d74-94c7-0879c68f7140,0.013829570182506698,Low,13.99,2.3217082422392243,Maintain engagement / loyalty rewards,Higher plan cost,Standard,Medium,Asia,20,0
5eb42c33-ba38-441a-8c46-55726449543b,0.007491072009507385,Low,13.99,1.2576011689560997,Maintain engagement / loyalty rewards,Higher plan cost,Standard,High,North America,26,0
6bbbd9ca-d3d6-443d-aed6-a5c6d9a6aa03,0.9961341815788429,High,8.99,107.46295550872559,Offer targeted discount / personalized content,Stable usage,Basic,Medium,Asia,66,1
7c517774-77b3-4c4c-acb6-8d338fcb3a6f,0.870458394675693,High,8.99,93.90505161761376,Offer targeted discount / personalized content,Low recent activity,Basic,Medium,North America,48,1
3485b497-ec38-4c7f-abdb-05c2bad0e25b,0.7936645691764624,High,13.99,133.2404078733445,Offer targeted discount / personalized content,Low recent activity,Standard,Medium,Europe,56,1
4b02c88c-a29d-46c6-aa87-2dae9f140e4e,0.9961355846704805,High,13.99,167.23124195448025,Offer targeted discount / personalized content,Low engagement,Standard,Low,Oceania,52,1
1f0e4cc1-431d-4fbe-89ca-3bd42241cd29,0.9961419500019508,High,13.99,167.2323105663275,Offer targeted discount / personalized content,Low recent activity,Standard,Low,Asia,28,1
2a059484-209d-4e60-8329-4344aac42bbb,0.9958105677583431,High,8.99,107.42804404977007,Offer targeted discount / personalized content,Low recent activity,Basic,Medium,Europe,26,1
1ee12cc7-48c9-452c-83d0-aaf89ee786ff,0.007493902674807098,Low,13.99,1.2580763810466158,Maintain engagement / loyalty rewards,Higher plan cost,Standard,High,North America,50,0
2fb99e15-5e31-4f4e-acaa-78dc5da4b8bf,0.9958353878975252,High,13.99,167.18084492023655,Offer targeted discount / personalized content,Higher plan cost,Standard,Low,Asia,49,1
75609f51-5ee6-4cac-ad28-a3821e94554e,0.9961131297438168,High,8.99,107.46068443676296,Offer targeted discount / personalized content,Stable usage,Basic,Medium,Europe,37,1
f33d248f-0bb4-4189-919e-61f1a239d69e,0.9959026795429529,High,17.99,214.99547045973264,Offer targeted discount / personalized content,Low recent activity,Premium,Low,Africa,38,1
43cb53f5-d22c-4cb2-ae1c-879ffabb8b97,0.007495405632154342,Low,13.99,1.258328697526071,Maintain engagement / loyalty rewards,Low recent activity,Standard,Medium,Asia,62,0
85629d48-5eda-4610-b233-c4e4d562c796,0.9961369493660033,High,13.99,167.23147105956463,Offer targeted discount / personalized content,Higher plan cost,Standard,Low,Oceania,63,1
207f99b4-fa1e-4ed8-ad8e-7fb58d76e1aa,0.996140805446521,High,8.99,107.46367009157069,Offer targeted discount / personalized content,Stable usage,Basic,Medium,North America,26,1
39319e9d-faad-4026-bac4-4270b7853cd0,0.00748892412353816,Low,17.99,1.6167089397894179,Maintain engagement / loyalty rewards,Higher plan cost,Premium,High,Africa,40,0
a5c028fb-e6fd-43ab-a87c-bd591558b580,0.007490961985550109,Low,17.99,1.6171488734405575,Maintain engagement / loyalty rewards,Higher plan cost,Premium,High,Europe,68,0
1a19714f-fc3f-4023-8006-84d562378a9b,0.9960875761281562,High,13.99,167.22318228039487,Offer targeted discount / personalized content,Low engagement,Standard,Low,Europe,23,1
96506b65-616a-497c-a3e4-888b830db1c3,0.9961416992560037,High,13.99,167.23226847109788,Offer targeted discount / personalized content,Low engagement,Standard,Low,Europe,31,1
2d7ebb9d-93bb-495c-80de-4346c8a4cbee,0.9961420465404659,High,8.99,107.46380398078547,Offer targeted discount / personalized content,Low engagement,Basic,Low,South America,47,1
9d34ab95-164d-4c46-8f82-38b03ea4a17f,0.9961365405500079,High,17.99,215.04595637393567,Offer targeted discount / personalized content,Low recent activity,Premium,Medium,South America,67,1
025f67d8-5ff0-4e79-9463-ec829fec6755,0.9954764538225038,High,8.99,107.39199983837173,Offer targeted discount / personalized content,Stable usage,Basic,Medium,Asia,63,1
72795539-6b5f-4f9a-8105-7f15dba34e9d,0.9961419726507243,High,8.99,107.46379600956016,Offer targeted discount / personalized content,Low engagement,Basic,Low,North America,59,1
610b1d2e-92ab-4c35-868a-3227a0e36ba5,0.007825037135036742,Low,13.99,1.3136672342299685,Maintain engagement / loyalty rewards,Higher plan cost,Standard,Medium,South America,34,0
7b2c7b95-8650-4966-80b5-50bcedc9ef73,0.9961418983520651,High,17.99,215.04711301624377,Offer targeted discount / personalized content,Low recent activity,Premium,Low,Asia,35,1
2ce755db-5314-4c64-b00b-ad8c71df90f8,0.9961419530369999,High,13.99,167.23231107585156,Offer targeted discount / personalized content,Low engagement,Standard,Low,South America,21,1
905edc2c-831c-4d3a-90e1-c80fd7f63a97,0.996064578542542,High,17.99,215.03042121576397,Offer targeted discount / personalized content,Low recent activity,Premium,Medium,North America,29,1
b3210d44-92c1-40ad-b881-b560dda637c1,0.9959669143972653,High,13.99,167.2029255890129,Offer targeted discount / personalized content,Low engagement,Standard,Low,Asia,55,1
9e87210e-05ee-4e33-9e89-9cd544cf9a4e,0.9961420299052877,High,17.99,215.04714141595346,Offer targeted discount / personalized content,Low engagement,Premium,Low,Asia,51,1
6380741d-7d1c-4c91-8df5-cb4db02fbac7,0.9958648675631536,High,8.99,107.43390191271303,Offer targeted discount / personalized content,Low recent activity,Basic,Low,North America,23,1
67f97be2-f7bd-4fe4-b6f9-5b5f3fd1da4c,0.007487045018900601,Low,13.99,1.256925117773033,Maintain engagement / loyalty rewards,Higher plan cost,Standard,High,South America,63,0
3b02d521-586b-4e03-88dc-a0e6f9d01eda,0.007837202886817532,Low,17.99,1.6918953592061685,Maintain engagement / loyalty rewards,Higher plan cost,Premium,Medium,South America,42,0
053a53a2-0627-432e-b93b-ae6465d32095,0.0075101331271507695,Low,13.99,1.2608011493860711,Maintain engagement / loyalty rewards,Higher plan cost,Standard,Medium,South America,51,0
a2e3e19d-086e-4e27-9fcd-4677c429156f,0.9961210397075394,High,8.99,107.46153776364935,Offer targeted discount / personalized content,Low engagement,Basic,Low,Asia,20,1
559d5073-6ed9-4e7a-ab5c-4cabe918406b,0.996139541076349,High,17.99,215.04660412756223,Offer targeted discount / personalized content,Low engagement,Premium,Low,South America,26,1
6be63f37-9c93-4781-b9d3-ee6e4170a2c5,0.9961419286749751,High,8.99,107.46379126545631,Offer targeted discount / personalized content,Low engagement,Basic,Low,Asia,50,1
0ba4451f-8bef-4373-99e9-338665b1faaf,0.007504725540849135,Low,13.99,1.2598933237977528,Maintain engagement / loyalty rewards,Higher plan cost,Standard,High,North America,60,0
d4a3ccb8-d383-49aa-8b56-259c70e96ec1,0.007487070390536294,Low,13.99,1.256929377163233,Maintain engagement / loyalty rewards,Higher plan cost,Standard,Medium,Oceania,50,0
1b5e5fe1-2e6d-44d7-9a7c-e5bccbfe2c6d,0.9961401449449152,High,8.99,107.46359883665747,Offer targeted discount / personalized content,Stable usage,Basic,Medium,Europe,53,1
febcc30f-5bb3-4977-ba96-f546920d93c9,0.996140614219725,High,8.99,107.46364946202394,Offer targeted discount / personalized content,Low engagement,Basic,Low,South America,55,1
362b51e7-e0eb-49f2-aa16-2e94b8062820,0.007791560746696867,Low,13.99,1.30804721815547,Maintain engagement / loyalty rewards,Low engagement,Standard,Low,North America,34,0
759ff976-7636-4958-8a91-acb48aa80dfe,0.9959153505376139,High,8.99,107.43934801599778,Offer targeted discount / personalized content,Stable usage,Basic,Medium,Oceania,49,1
33522bd5-ca92-4999-9077-ded7f2fb1e49,0.9959435961464536,High,17.99,215.00430353609636,Offer targeted discount / personalized content,Low recent activity,Premium,Low,Asia,55,1
32d86b8c-cf94-4d2e-9963-baae45c6b1ea,0.9946455092829737,High,8.99,107.30235754144721,Offer targeted discount / personalized content,Stable usage,Basic,Medium,South America,61,1
b58920d7-b06e-4602-8f17-6351acee76bb,0.007490943736146611,Low,13.99,1.257579634424293,Maintain engagement / loyalty rewards,Higher plan cost,Standard,High,South America,33,0
40426e9f-3686-43a6-b231-f0d6d435df43,0.010832420608747709,Low,17.99,2.3385029610164554,Maintain engagement / loyalty rewards,Higher plan cost,Premium,High,Europe,34,0
34ce66fa-96d9-43d5-a840-7d0f624e6686,0.9961420396328068,High,8.99,107.46380323558719,Offer targeted discount / personalized content,Low recent activity,Basic,Low,Europe,69,1
9ae7d36b-12f9-4d0d-a13e-dbade0db9f8e,0.007512938926332957,Low,13.99,1.2612721869527768,Maintain engagement / loyalty rewards,Higher plan cost,Standard,Medium,Oceania,59,0
06571e46-9baa-43e8-a233-e03930636b84,0.9961422013479135,High,8.99,107.46382068141291,Offer targeted discount / personalized content,Low recent activity,Basic,Low,Africa,59,1
3fd709e6-3919-422b-a31f-5d087936d68b,0.0074899393499217575,Low,17.99,1.616928106861109,Maintain engagement / loyalty rewards,Higher plan cost,Premium,High,Europe,21,0
8701ef59-597f-4cb4-abf3-c2fac543e7e4,0.008231810187287053,Low,17.99,1.7770831832315288,Maintain engagement / loyalty rewards,Higher plan cost,Premium,Medium,Oceania,58,0
cd226887-22a7-4f48-ab87-03e7b874b9cb,0.007536829466981585,Low,13.99,1.2652829309168685,Maintain engagement / loyalty rewards,Higher plan cost,Standard,Medium,Asia,20,0
2eba8457-300a-470e-add1-a90f68e6b02a,0.9961420354349961,High,8.99,107.46380278272738,Offer targeted discount / personalized content,Low recent activity,Basic,Low,North America,31,1
115385ba-4d05-41c3-8437-4c6892265daa,0.9961299498369227,High,17.99,215.04453357079487,Offer targeted discount / personalized content,Low engagement,Premium,Low,Oceania,69,1
d42b27cf-7d96-4bd9-8752-2a3e2dbc0def,0.007510596805391787,Low,17.99,1.6213876383479786,Maintain engagement / loyalty rewards,Higher plan cost,Premium,High,Asia,68,0
64c6a3d1-570a-4835-9f8a-295e5f4f5607,0.007492584143413315,Low,13.99,1.2578550259962273,Maintain engagement / loyalty rewards,Higher plan cost,Standard,High,Asia,32,0
1ab284de-6a45-4a1e-bccb-f31c7e8304b9,0.9961385308429073,High,17.99,215.0463860383668,Offer targeted discount / personalized content,Low recent activity,Premium,Low,South America,67,1
3da7720a-a9fb-48f9-835c-45d6eba9a95c,0.008420296334854669,Low,17.99,1.8177735727684259,Maintain engagement / loyalty rewards,Low recent activity,Premium,Medium,Africa,19,0
501815fc-7cd1-4680-8c34-93a69e69f7eb,0.0074892999743223524,Low,13.99,1.2573036796892365,Maintain engagement / loyalty rewards,Higher plan cost,Standard,High,Oceania,37,0
8a86d03a-5e09-42ff-bd95-e5195e959450,0.007490148693872931,Low,17.99,1.6169733000332882,Maintain engagement / loyalty rewards,Higher plan cost,Premium,High,Europe,35,0
9aaa979e-72ef-477c-b2ea-e1e373a1533e,0.007515806152201332,Low,17.99,1.6225122321372232,Maintain engagement / loyalty rewards,Higher plan cost,Premium,High,Asia,51,0
dcf5f39e-43d4-4d3e-bd9a-217b4ef016b8,0.007551166473876499,Low,8.99,0.8146198392017967,Maintain engagement / loyalty rewards,Low recent activity,Basic,High,Africa,37,0
193ff2d8-d842-4028-837d-b13263e2f08f,0.007546979731864886,Low,8.99,0.814168173473584,Maintain engagement / loyalty rewards,Stable usage,Basic,High,South America,60,0
8798f187-18cb-42aa-a3bf-698dfd72a880,0.007684940702556743,Low,17.99,1.6590249988679495,Maintain engagement / loyalty rewards,Higher plan cost,Premium,High,Africa,45,0
81ff625a-3b7d-4d84-8a40-c0e42881eab7,0.9961350990612161,High,8.99,107.46305448672399,Offer targeted discount / personalized content,Stable usage,Basic,Medium,South America,44,1
af59c21c-5c00-4051-b1a8-96b84b8c46be,0.9908255356239388,High,17.99,213.89941663049592,Offer targeted discount / personalized content,Higher plan cost,Premium,Medium,Oceania,26,1
25af57e2-b956-4155-bf4c-3d7687b5d3b8,0.007501385235017576,Low,17.99,1.6193990445355944,Maintain engagement / loyalty rewards,Low recent activity,Premium,High,South America,69,0
4fc64b59-3f7e-4560-b434-027440fd4e30,0.9955863538919857,High,13.99,167.13903709138657,Offer targeted discount / personalized content,Higher plan cost,Standard,Medium,North America,18,1
e8dd552e-5b29-4c98-b499-ac4be92ea012,0.9961370460757223,High,13.99,167.23148729519227,Offer targeted discount / personalized content,Low engagement,Standard,Low,Europe,33,1
2a0d5401-4f2f-49e7-811e-f0ea4fe51a48,0.9952986208103278,High,8.99,107.37281521301819,Offer targeted discount / personalized content,Low recent activity,Basic,Medium,North America,39,1
1feead91-6d5b-4113-84f7-8a01c3112fa4,0.007488532627829662,Low,13.99,1.2571748575600439,Maintain engagement / loyalty rewards,Higher plan cost,Standard,High,Oceania,22,0
5508c3b7-0927-40eb-9e4f-b9fed144ab44,0.9961390216510078,High,8.99,107.4634776557107,Offer targeted discount / personalized content,Stable usage,Basic,Low,Europe,62,1
47fe2c0b-aac3-4406-9d6f-fac41aa6ef9b,0.008354870826710879,Low,8.99,0.9013234647855696,Maintain engagement / loyalty rewards,Stable usage,Basic,High,Europe,32,0
ec4b1929-7af9-4042-af0d-580378d7fd70,0.008540532653617287,Low,17.99,1.8437301892628997,Maintain engagement / loyalty rewards,Low engagement,Premium,Low,Africa,64,0
b81d84e9-720c-4ebf-88d1-76fb220fec64,0.9961415494851998,High,17.99,215.0470377028649,Offer targeted discount / personalized content,Low recent activity,Premium,Low,North America,58,1
dc750f45-8d0f-4d97-9c14-5f2c12b388df,0.0074873378320328785,Low,17.99,1.6163664911792577,Maintain engagement / loyalty rewards,Higher plan cost,Premium,Medium,Africa,35,0
35183e0c-9d34-4de7-8e56-c02d8150d52a,0.0075270652311754446,Low,13.99,1.2636437110097336,Maintain engagement / loyalty rewards,Higher plan cost,Standard,High,Asia,59,0
ea0ee4eb-bc26-492d-a755-e024bd41fc86,0.008330831833663161,Low,17.99,1.7984599762512032,Maintain engagement / loyalty rewards,Higher plan cost,Premium,Medium,Africa,33,0
e68ca7ad-262c-4faa-8f72-31acf9b3520c,0.9957952086501118,High,17.99,214.97226964338614,Offer targeted discount / personalized content,Higher plan cost,Premium,Medium,North America,60,1
5cbb9981-6f2d-424f-af91-af52901b2f54,0.992877334469583,High,8.99,107.11160684257862,Offer targeted discount / personalized content,Stable usage,Basic,Medium,South America,65,1
c7d5fd94-65a7-44d0-9950-cbd4a81baefc,0.0075013542224951395,Low,13.99,1.259327346872484,Maintain engagement / loyalty rewards,Higher plan cost,Standard,High,North America,49,0
5ff73d3c-2fab-46f6-9b67-48982872780e,0.00808491470240608,Low,17.99,1.7453713859554245,Maintain engagement / loyalty rewards,Low recent activity,Premium,Medium,Africa,25,0
1d278ed7-0ab6-4012-8ab9-58513b6242e1,0.9957441107473036,High,17.99,214.9612386281279,Offer targeted discount / personalized content,Higher plan cost,Premium,Medium,Europe,46,1
37371173-515b-475e-afc8-832445a40a2a,0.995527184134738,High,17.99,214.91440851100722,Offer targeted discount / personalized content,Higher plan cost,Premium,Medium,South America,19,1
175442f3-3430-402e-8032-bd875f2163c2,0.9961411911381717,High,13.99,167.23218316827626,Offer targeted discount / personalized content,Low recent activity,Standard,Low,South America,47,1
74c58c56-4bbd-4e7c-8ff9-1853e03f0e7b,0.9961404382365101,High,8.99,107.4636304769547,Offer targeted discount / personalized content,Stable usage,Basic,Medium,Europe,51,1
1367ea74-884b-4db8-b4be-43a00413f280,0.008527685315804192,Low,13.99,1.4316278108172078,Maintain engagement / loyalty rewards,Low engagement,Standard,Low,Europe,32,0
b5632911-eebb-4df5-98e5-68ba421fee57,0.790484647895329,High,8.99,85.2774838149481,Offer targeted discount / personalized content,Stable usage,Basic,High,North America,59,1
10b6a948-69ee-4074-8e15-c15ce0304f8f,0.008326283536807564,Low,13.99,1.3978164801592539,Maintain engagement / loyalty rewards,Low recent activity,Standard,Medium,North America,64,0
05cc6f25-3ad7-48e3-b37d-cd542f0facd8,0.007493216854536253,Low,13.99,1.2579612455395464,Maintain engagement / loyalty rewards,Higher plan cost,Standard,High,North America,29,0
1170be2f-64e5-4819-856d-961cd44a38d4,0.9961420830222206,High,8.99,107.46380791643716,Offer targeted discount / personalized content,Low engagement,Basic,Low,South America,57,1
c6a8e5fa-5432-47ce-b361-ae6096451a27,0.007490396157787102,Low,8.99,0.8080639375020726,Maintain engagement / loyalty rewards,Stable usage,Basic,High,North America,49,0
ec9db0f2-3043-427d-a332-28ec111524de,0.9961415857218776,High,8.99,107.46375426767615,Offer targeted discount / personalized content,Low engagement,Basic,Low,Europe,65,1
2773e85d-c7cf-4a74-885e-e2f0d15c50f5,0.9960786813708171,High,17.99,215.033465734332,Offer targeted discount / personalized content,Low recent activity,Premium,Low,Oceania,21,1
82f97023-7abf-4356-9b04-437f708c843a,0.9958183937820664,High,13.99,167.1779919481333,Offer targeted discount / personalized content,Low recent activity,Standard,Medium,Asia,66,1
7cdbbdf7-d057-4b7f-b595-38a19016ad63,0.9959318041786507,High,13.99,167.19703128551188,Offer targeted discount / personalized content,Higher plan cost,Standard,Medium,Oceania,69,1
7d6adea2-0428-4b69-b74a-83be5a20dcdd,0.9959258028017288,High,13.99,167.19602377435425,Offer targeted discount / personalized content,Low engagement,Standard,Low,Africa,38,1
58c2d13e-80d1-4d13-ba1b-c10fdb76845d,0.007496352670726332,Low,8.99,0.8087065261179567,Maintain engagement / loyalty rewards,Stable usage,Basic,High,Europe,63,0
fd0bbc67-8b8e-4ced-ae4b-67e27c0e854e,0.01667386214171724,Low,17.99,3.5995533591539175,Maintain engagement / loyalty rewards,Higher plan cost,Premium,Medium,Europe,31,0
0b3ee497-e62e-42de-907d-169ab8c05e41,0.9961420750823574,High,17.99,215.0471511687793,Offer targeted discount / personalized content,Low engagement,Premium,Low,Europe,42,1
578a0a90-3fed-4c72-ba24-bb08903f1d4e,0.9959540415101346,High,17.99,215.00655848120783,Offer targeted discount / personalized content,Low recent activity,Premium,Medium,Europe,48,1
7a9a43fb-a99f-4468-a7df-8b037e5723d7,0.00853159473738441,Low,13.99,1.432284124512095,Maintain engagement / loyalty rewards,Higher plan cost,Standard,Medium,South America,67,0
9bdf15cd-9bb1-498f-ae9f-182f09db433a,0.9961377391687808,High,8.99,107.46333930152807,Offer targeted discount / personalized content,Low recent activity,Basic,Low,South America,70,1
c3f7aa56-f0bd-416c-8351-b4a71bb9cc03,0.007494470348094973,Low,17.99,1.6179062587467425,Maintain engagement / loyalty rewards,Higher plan cost,Premium,High,South America,49,0
b21933f8-6d51-47a5-8cc3-800b518ebd77,0.008034980193571815,Low,13.99,1.3489124748968364,Maintain engagement / loyalty rewards,Higher plan cost,Standard,Medium,South America,46,0
816f0519-7f1f-4840-b216-b8c08471d1c9,0.007487746505373466,Low,17.99,1.6164547155800237,Maintain engagement / loyalty rewards,Higher plan cost,Premium,High,North America,31,0
fbf49131-0d40-4538-b833-61f2853232f7,0.008046691180820787,Low,13.99,1.3508785154361937,Maintain engagement / loyalty rewards,Low recent activity,Standard,Medium,South America,41,0
fca823b8-3edd-4563-a0cf-b232af5e2b5b,0.0074904948715035806,Low,13.99,1.257504279028021,Maintain engagement / loyalty rewards,Higher plan cost,Standard,High,Europe,62,0
003a0b79-bbe0-4fc3-a472-6f41163304f6,0.00748724543173711,Low,17.99,1.6163465438034068,Maintain engagement / loyalty rewards,Higher plan cost,Premium,High,North America,38,0
9df42ee9-00e2-45dc-90a7-f5111edb1dd4,0.9960341743408853,High,17.99,215.02385755671028,Offer targeted discount / personalized content,Low recent activity,Premium,Medium,Europe,45,1
a5274505-ce99-404d-91d2-7eb2b196c891,0.007490920988033485,Low,17.99,1.6171400228966686,Maintain engagement / loyalty rewards,Higher plan cost,Premium,High,North America,20,0
ab0b6855-52b4-4535-bde3-ef4e0941742b,0.0074937185348584665,Low,17.99,1.6177439573052455,Maintain engagement / loyalty rewards,Higher plan cost,Premium,High,South America,18,0
b69cfa34-4ed4-4990-91ba-4e92acf4365d,0.00749690054786811,Low,17.99,1.6184308902737676,Maintain engagement / loyalty rewards,Higher plan cost,Premium,High,South America,28,0
9ec86251-a006-474a-a64e-cdca8f8c125d,0.007740706768316253,Low,13.99,1.2995098522649324,Maintain engagement / loyalty rewards,Low recent activity,Standard,Medium,North America,34,0
28da7e28-603e-4b58-90d9-084ffdc09314,0.9961420731053247,High,8.99,107.46380684660244,Offer targeted discount / personalized content,Low engagement,Basic,Low,Oceania,53,1
168a2180-feec-4b0e-82e7-a717621851ad,0.007495582697694002,Low,8.99,0.808623461427229,Maintain engagement / loyalty rewards,Stable usage,Basic,High,Oceania,56,0
66b059d7-75da-4083-ae90-baf7321930ba,0.9961421149946421,High,8.99,107.463811365622,Offer targeted discount / personalized content,Low recent activity,Basic,Low,Asia,29,1
1fda63bb-9af0-4c63-b275-92e1711d8c2f,0.007584559684702491,Low,17.99,1.6373547447335737,Maintain engagement / loyalty rewards,Higher plan cost,Premium,Medium,Asia,62,0
1e5ea5bb-78d0-44d0-8ed9-1ab9ee0f5ec6,0.007626615564008984,Low,8.99,0.8227592870452893,Maintain engagement / loyalty rewards,Stable usage,Basic,High,North America,40,0
3e7541bd-bfd7-4c88-a7f6-bcdb0c97507a,0.9961412459182789,High,17.99,215.046972168838,Offer targeted discount / personalized content,Low recent activity,Premium,Low,Africa,54,1
5ce962cf-4737-4fed-b993-de3e16546c74,0.007568014002908671,Low,8.99,0.8164373506337875,Maintain engagement / loyalty rewards,Stable usage,Basic,High,South America,63,0
3fe2608c-c96b-44ba-9bd4-3b9815ca30a8,0.9959100052604006,High,8.99,107.43877136749202,Offer targeted discount / personalized content,Stable usage,Basic,Medium,North America,34,1
0518f586-beca-4a14-89bc-b8084bcf6599,0.9961227789424412,High,8.99,107.46172539231057,Offer targeted discount / personalized content,Low recent activity,Basic,Medium,South America,29,1
2841bec1-e995-44c2-a8a3-461e3eb33cb6,0.9961403595803808,High,17.99,215.04678082621263,Offer targeted discount / personalized content,Low recent activity,Premium,Low,Europe,31,1
79834450-f52d-498e-902b-cb69d3f6c6a4,0.996070576575087,High,17.99,215.0317160710298,Offer targeted discount / personalized content,Higher plan cost,Premium,Medium,Asia,26,1
2efa1510-6349-40ab-8c60-5b5abec779a6,0.007493238898679461,Low,17.99,1.617640413446922,Maintain engagement / loyalty rewards,Higher plan cost,Premium,High,Europe,23,0
2adb38da-c9e8-43dc-b500-4ebdfc5187e1,0.9961420493376523,High,8.99,107.46380428254592,Offer targeted discount / personalized content,Low recent activity,Basic,Low,Europe,45,1
fa4ec32f-55e7-4609-bb12-293d41b042f6,0.007491532357824927,Low,13.99,1.2576784522316489,Maintain engagement / loyalty rewards,Higher plan cost,Standard,High,South America,22,0
54ef27f9-1c05-4e92-8b3d-adbaf901c73f,0.007488800355724889,Low,17.99,1.616682220793889,Maintain engagement / loyalty rewards,Higher plan cost,Premium,High,Asia,62,0
6a973e51-c068-46f4-92f7-8eec5d2028cd,0.007487599688180401,Low,17.99,1.616423020684385,Maintain engagement / loyalty rewards,Higher plan cost,Premium,High,Europe,33,0
6c9531ae-10ec-45cf-99bc-971287abef2a,0.0074930922785991436,Low,17.99,1.617608761103983,Maintain engagement / loyalty rewards,Low recent activity,Premium,Medium,Europe,68,0
b6b5ba74-46cf-4df3-aeae-c16d3338d3e3,0.9959190246121521,High,17.99,214.9989990332714,Offer targeted discount / personalized content,Low recent activity,Premium,Low,South America,59,1
04df6b31-22ff-4a64-b1f9-fde97eed25f8,0.007488745142970441,Low,13.99,1.2572105346018776,Maintain engagement / loyalty rewards,Higher plan cost,Standard,High,Africa,37,0
aa9475e4-00e1-4e7c-9c1b-780632d33b3d,0.009251012447860932,Low,8.99,0.9979992228752372,Maintain engagement / loyalty rewards,Stable usage,Basic,Medium,Africa,39,0
aa019cbc-24d5-4898-93ee-5b2f4b89ef68,0.9957871656049401,High,13.99,167.17274936175733,Offer targeted discount / personalized content,Low engagement,Standard,Low,Africa,47,1
f8b2fc02-c42f-48c0-a07b-56e4d8eb9d85,0.010200578979639408,Low,8.99,1.1004384603234993,Maintain engagement / loyalty rewards,Stable usage,Basic,High,South America,64,0
57e85db6-af70-499c-9d7d-c89dcc29a52d,0.9958980547680472,High,13.99,167.19136543445975,Offer targeted discount / personalized content,Low engagement,Standard,Low,Asia,55,1
86b5d63b-5dd5-4d9b-907e-ef44a55e3c9e,0.007677152047981815,Low,8.99,0.8282111629362783,Maintain engagement / loyalty rewards,Stable usage,Basic,High,Oceania,55,0
15e35649-01d8-4a27-849b-6aab102fce77,0.007486991410572982,Low,13.99,1.256916118006992,Maintain engagement / loyalty rewards,Higher plan cost,Standard,High,Asia,56,0
5bf04dcf-b209-4833-a2b7-be6c11aa6a41,0.9940306698399605,High,13.99,166.87786885273258,Offer targeted discount / personalized content,Higher plan cost,Standard,Medium,Oceania,38,1
3cf947ab-e2d5-43cf-8dee-e8b8566d5dee,0.008349747675662086,Low,17.99,1.802543528221931,Maintain engagement / loyalty rewards,Higher plan cost,Premium,Medium,North America,56,0
3a5fcf0b-57a7-4e8d-8afd-7bcf84b8adc5,0.0074880946459152985,Low,13.99,1.2571013291562603,Maintain engagement / loyalty rewards,Higher plan cost,Standard,High,Europe,63,0
61ae1e60-0d02-409b-b105-b64c3f2ecf90,0.007496935767586176,Low,17.99,1.6184384935065035,Maintain engagement / loyalty rewards,Higher plan cost,Premium,High,Europe,38,0
884c5fad-a79e-457f-be31-813997b37cf6,0.007662070889190678,Low,8.99,0.8265842075258902,Maintain engagement / loyalty rewards,Stable usage,Basic,Medium,Europe,34,0
3414e470-95a7-4043-b8ce-b7c876fa0969,0.9961419524880707,High,17.99,215.04712470312467,Offer targeted discount / personalized content,Low recent activity,Premium,Low,Asia,33,1
2a4f3f62-fb1c-4854-b2d0-8078586f0eff,0.007988905937431224,Low,13.99,1.341177528775954,Maintain engagement / loyalty rewards,Higher plan cost,Standard,Medium,Africa,43,0
6d118c34-ab50-4536-a2a2-b07a214e2343,0.007487329777500539,Low,13.99,1.2569729230467905,Maintain engagement / loyalty rewards,Higher plan cost,Standard,High,Oceania,43,0
147bda63-2552-4e10-a3d7-3ad43264b5e2,0.9961407355978643,High,17.99,215.04686200086695,Offer targeted discount / personalized content,Low recent activity,Premium,Low,Asia,26,1
43711252-d3df-41aa-98bf-b17bd33ad95e,0.0074876486046003485,Low,13.99,1.2570264477403066,Maintain engagement / loyalty rewards,Higher plan cost,Standard,High,Asia,23,0
755df1c3-0358-4107-9e92-d5bcc92e25ff,0.007488977588259152,Low,13.99,1.2572495575169467,Maintain engagement / loyalty rewards,Higher plan cost,Standard,High,Oceania,39,0
a29dec9d-fc5a-4d29-9c63-5d4465de58c6,0.9961356830732166,High,8.99,107.46311748993863,Offer targeted discount / personalized content,Stable usage,Basic,Medium,Asia,28,1
4e50ad61-f951-418f-88ca-cbdaf2b57e8d,0.995651191309166,High,8.99,107.41085051843284,Offer targeted discount / personalized content,Stable usage,Basic,Medium,South America,63,1
cc3ba241-0ca3-40b2-a1f9-a8e88cb724e8,0.007521016418466447,Low,13.99,1.2626282363321473,Maintain engagement / loyalty rewards,Higher plan cost,Standard,Medium,Europe,66,0
a8eeb6ff-e4e6-4fa6-b4dd-2147d66e5234,0.9959570811332699,High,17.99,215.0072146750503,Offer targeted discount / personalized content,Low recent activity,Premium,Low,Africa,62,1
81a4ab80-32bd-4d9a-9e23-6cecbebf2173,0.9961410423170729,High,13.99,167.2321581841902,Offer targeted discount / personalized content,Low engagement,Standard,Low,South America,57,1
9677ed5d-0bf2-4ccc-92ca-c176e3ed5ab2,0.9961413032971121,High,8.99,107.46372379969245,Offer targeted discount / personalized content,Low engagement,Basic,Low,Europe,49,1
bc860dfd-b813-4828-a17c-0b55c994de44,0.9958822617290073,High,13.99,167.18871409906575,Offer targeted discount / personalized content,Low recent activity,Standard,Medium,Africa,30,1
a5f996c0-05a7-4654-b5ee-46b897cfbb83,0.994638319909644,High,8.99,107.3015819518524,Offer targeted discount / personalized content,Low recent activity,Basic,Medium,Asia,23,1
ac99a3e4-fbf6-4b32-82cc-76d8d2d528f1,0.007524097408455568,Low,17.99,1.6243021485373879,Maintain engagement / loyalty rewards,Higher plan cost,Premium,High,Europe,57,0
dc8a8278-a2ed-47b1-aa4f-c0693a216b8f,0.9961042674504711,High,13.99,167.22598441958507,Offer targeted discount / personalized content,Low recent activity,Standard,Medium,Europe,63,1
19f92e26-27ea-420a-803a-fffce53367a5,0.9961421987986782,High,8.99,107.46382040640141,Offer targeted discount / personalized content,Low engagement,Basic,Low,North America,69,1
1ada8db6-b7b4-4bfc-ae3d-600e0fce87c6,0.007839809295374433,Low,17.99,1.6924580306854324,Maintain engagement / loyalty rewards,Low recent activity,Premium,Medium,North America,42,0
9e87a156-02ad-45a1-b98f-e218859f3d38,0.007749051723579703,Low,17.99,1.6728652860863864,Maintain engagement / loyalty rewards,Higher plan cost,Premium,Medium,South America,64,0
eb5b6e30-6cc5-4abf-a0e0-99faac5951e6,0.9940127773147482,High,8.99,107.23409841671503,Offer targeted discount / personalized content,Stable usage,Basic,Medium,South America,41,1
4abe31be-3910-4fe0-9b6b-17481304f2c6,0.9961408679828783,High,17.99,215.04689058014372,Offer targeted discount / personalized content,Low recent activity,Premium,Low,Asia,23,1
99e90dad-2eaa-46e0-838a-ed38065dcef8,0.9961420669095302,High,8.99,107.46380617820012,Offer targeted discount / personalized content,Low engagement,Basic,Low,Asia,37,1
012bcaff-f27c-444f-bba9-0e8d362980d6,0.9961418590301834,High,17.99,215.04710452743598,Offer targeted discount / personalized content,Low recent activity,Premium,Low,Europe,20,1
67370c23-ea2c-4fae-a662-bac10e67fb5d,0.009050858307073511,Low,17.99,1.9538992913310294,Maintain engagement / loyalty rewards,Low engagement,Premium,Low,North America,40,0
d58c60e4-282f-48df-a284-f965335453a6,0.009218210036001621,Low,17.99,1.99002718257203,Maintain engagement / loyalty rewards,Low recent activity,Premium,Low,Oceania,37,0
2a7592d1-a98b-47f9-9b78-1da8608e4ba2,0.007487370672503957,Low,13.99,1.2569797884999643,Maintain engagement / loyalty rewards,Higher plan cost,Standard,High,Europe,49,0
fb89a317-d2a8-4415-b75b-923bc1f30e87,0.9961415408478265,High,8.99,107.46374942666353,Offer targeted discount / personalized content,Stable usage,Basic,Low,Africa,32,1
eae91e7a-6c46-4327-b6d4-a5ad5d813d39,0.9950294729397873,High,13.99,167.0455479171315,Offer targeted discount / personalized content,Higher plan cost,Standard,Medium,Europe,43,1
c2e7c00e-db9d-4789-89ad-76d415275d8d,0.996141122446444,High,8.99,107.46370428952238,Offer targeted discount / personalized content,Low recent activity,Basic,Low,South America,18,1
95b33d84-4e8c-487c-80e1-3612c7911294,0.00780524676842996,Low,13.99,1.3103448274840217,Maintain engagement / loyalty rewards,Low recent activity,Standard,Medium,South America,70,0
9691b88b-4dcc-4c06-a61b-7703cc740491,0.007509503477964011,Low,8.99,0.8101252352027575,Maintain engagement / loyalty rewards,Stable usage,Basic,High,Europe,60,0
819a11d2-8939-4883-84fb-7983e1326cbb,0.007487097968787826,Low,17.99,1.6163147095019157,Maintain engagement / loyalty rewards,Higher plan cost,Premium,Medium,Africa,26,0
09cb6244-abf9-46b2-98fe-24e87b26170e,0.010482486007822395,Low,13.99,1.7597997509932235,Maintain engagement / loyalty rewards,Higher plan cost,Standard,Low,South America,56,0
eb9c8e47-3f0f-4851-95fc-9edd7ff39aa2,0.9961420256768211,High,13.99,167.23232327062473,Offer targeted discount / personalized content,Low engagement,Standard,Low,Europe,22,1
d2947208-73ad-4e8c-9665-809f51d636fb,0.0075889770473726945,Low,8.99,0.8186988438705662,Maintain engagement / loyalty rewards,Low recent activity,Basic,High,North America,44,0
cc7fca45-d81c-4971-8fd7-2a953250de71,0.9961419582509912,High,13.99,167.2323119511764,Offer targeted discount / personalized content,Low engagement,Standard,Low,North America,44,1
28da3fe8-e182-4b9e-874c-0ac4c7cdf9cd,0.9959291325537013,High,8.99,107.4408348198933,Offer targeted discount / personalized content,Stable usage,Basic,Medium,Europe,56,1
6ef6129f-8d85-4be9-a20a-bd1e67689ab7,0.9959675391686413,High,17.99,215.00947235572625,Offer targeted discount / personalized content,Low recent activity,Premium,Medium,Asia,32,1
bead6a43-11a4-4f53-af77-0d537fe06928,0.9959172518390259,High,17.99,214.99861632700888,Offer targeted discount / personalized content,Higher plan cost,Premium,Medium,North America,32,1
e2f70790-f0ed-4ad8-8985-bc89def534a9,0.010771111606876419,Low,8.99,1.1619875201498282,Maintain engagement / loyalty rewards,Stable usage,Basic,Medium,North America,29,0
8710f794-e3ec-4fd0-b4aa-f9feff298048,0.007917330184544253,Low,13.99,1.3291613913812892,Maintain engagement / loyalty rewards,Higher plan cost,Standard,High,Europe,26,0
35ccb42a-5b8f-4a56-b979-56ef4df94413,0.995812572973616,High,13.99,167.17701475081066,Offer targeted discount / personalized content,Low recent activity,Standard,Low,Africa,47,1
3032fb1b-eee1-4e0b-8b51-30b6a52cd563,0.9961415733066799,High,17.99,215.04704284544601,Offer targeted discount / personalized content,Low recent activity,Premium,Low,Asia,55,1
a47b3283-a619-43f4-8ae0-b649ee493a8e,0.007728462325453654,Low,17.99,1.6684204468189348,Maintain engagement / loyalty rewards,Higher plan cost,Premium,Medium,Oceania,68,0
e27f7ce7-451e-43a1-921d-805411db2e25,0.007490599754345318,Low,17.99,1.617070674968067,Maintain engagement / loyalty rewards,Higher plan cost,Premium,High,North America,57,0
985405ca-0c9a-41bb-b747-4c142f3e339a,0.010938763799211128,Low,8.99,1.1800738386588967,Maintain engagement / loyalty rewards,Stable usage,Basic,High,Asia,46,0
d8a243e7-f547-459a-929c-4105fd3f8b38,0.0076780237907754,Low,8.99,0.8283052065488501,Maintain engagement / loyalty rewards,Stable usage,Basic,Medium,Africa,65,0
ca6b3804-bb03-4b9b-b835-76b2fe647189,0.007496641861704923,Low,17.99,1.6183750451048586,Maintain engagement / loyalty rewards,Higher plan cost,Premium,High,South America,60,0
1bbee03c-aa9a-43ba-a760-10d789b2bb68,0.9961421311616518,High,17.99,215.0471632751774,Offer targeted discount / personalized content,Low recent activity,Premium,Low,Europe,47,1
b8c8c57b-903f-448b-88fc-0313c24694b7,0.9959294334986669,High,13.99,167.19663329575621,Offer targeted discount / personalized content,Higher plan cost,Standard,Medium,Asia,24,1
39414f09-6fcd-4d7e-a1f0-f4345620df82,0.9942540279515353,High,13.99,166.91536621250373,Offer targeted discount / personalized content,Higher plan cost,Standard,Medium,Africa,21,1
b4aebd19-20bf-4d4e-a458-45038b95a910,0.007491532146927586,Low,13.99,1.2576784168262032,Maintain engagement / loyalty rewards,Higher plan cost,Standard,High,North America,54,0
4ca1ccbe-5e66-4bdc-b1d4-282060b755ed,0.9959757704318688,High,17.99,215.01124932083184,Offer targeted discount / personalized content,Low recent activity,Premium,Low,South America,67,1
c5bfe476-a505-42d5-8a63-9ec89b17d347,0.007491918935771958,Low,17.99,1.6173554598544504,Maintain engagement / loyalty rewards,Higher plan cost,Premium,High,Europe,67,0
2d9e4af8-9f66-4585-9e71-d42609937bb8,0.996114476096438,High,17.99,215.041193099699,Offer targeted discount / personalized content,Low engagement,Premium,Low,Oceania,37,1
0bf9c06d-e909-461d-9505-147648fc9e80,0.008071676148743554,Low,17.99,1.7425134469907582,Maintain engagement / loyalty rewards,Higher plan cost,Premium,Medium,Africa,46,0
730c39fa-5f30-44a1-9ca8-0fb76e80cd16,0.996127933323755,High,8.99,107.4622814469667,Offer targeted discount / personalized content,Low recent activity,Basic,Medium,North America,37,1
dd50e0b3-cece-4441-881f-09eee537b752,0.014142363231384588,Low,8.99,1.5256781454017694,Maintain engagement / loyalty rewards,Stable usage,Basic,Medium,Asia,64,0
7ebf8b63-c79a-41b3-b418-e06465b5d3ee,0.007488641018036954,Low,13.99,1.2571930541080438,Maintain engagement / loyalty rewards,Higher plan cost,Standard,High,Asia,64,0
95f04ac9-d1ae-4d72-874a-8e2927626532,0.9961406925786701,High,8.99,107.46365791538693,Offer targeted discount / personalized content,Low recent activity,Basic,Low,North America,50,1
a76291ab-bfb6-4bb9-8467-2c5c89ce0c01,0.9960979463798957,High,17.99,215.0376246644919,Offer targeted discount / personalized content,Higher plan cost,Premium,Medium,Europe,31,1
3d0adeac-cb46-4796-8548-b37987c94581,0.9961420842221267,High,8.99,107.46380804588301,Offer targeted discount / personalized content,Low recent activity,Basic,Low,Africa,44,1
54b96af4-ca5c-4846-a42d-4d6f8698163d,0.007710084846919825,Low,8.99,0.8317639532857106,Maintain engagement / loyalty rewards,Stable usage,Basic,High,Oceania,64,0
e6a7df09-1068-494e-86b1-382393fc5ee9,0.007490873394654989,Low,13.99,1.2575678254946796,Maintain engagement / loyalty rewards,Higher plan cost,Standard,Medium,Asia,54,0
b96e7dcf-5d14-4745-bb48-28c661562440,0.9961233120543215,High,13.99,167.2291816276795,Offer targeted discount / personalized content,Low recent activity,Standard,Medium,South America,69,1
ad17bae3-ef4b-43ea-95f6-c26fd969493e,0.9961416976385111,High,8.99,107.46376634124258,Offer targeted discount / personalized content,Low engagement,Basic,Low,South America,65,1
2cb5d01b-9a5a-4270-a03f-d487eb11ae88,0.0075509037706719875,Low,17.99,1.6300891060126683,Maintain engagement / loyalty rewards,Higher plan cost,Premium,High,North America,58,0
b832a589-8dc2-48a0-8a58-25d1035941ec,0.996141998733226,High,17.99,215.0471346865288,Offer targeted discount / personalized content,Low engagement,Premium,Low,North America,21,1
728a8191-97ca-408b-882e-f8f5ec540146,0.0074975574392587545,Low,17.99,1.61857269998718,Maintain engagement / loyalty rewards,Higher plan cost,Premium,High,North America,28,0
10d74e3d-d297-4008-9a90-bd424fd2423e,0.007487082295214183,Low,17.99,1.6163113258908377,Maintain engagement / loyalty rewards,Higher plan cost,Premium,Medium,Africa,70,0
8492a1da-4c16-458f-b27f-7f3127b402bb,0.0074905160863059095,Low,8.99,0.8080768753906815,Maintain engagement / loyalty rewards,Stable usage,Basic,High,Oceania,69,0
ac9e9c4b-a50e-4c0c-9f68-d0a2b3a657f5,0.0077143551126687415,Low,8.99,0.8322246295547038,Maintain engagement / loyalty rewards,Stable usage,Basic,High,Oceania,28,0
ccddfb15-797a-4e9e-b571-4675290b071d,0.9959249174181715,High,13.99,167.1958751361626,Offer targeted discount / personalized content,Low recent activity,Standard,Low,Asia,42,1
414f08d4-5a4c-4113-b152-09813060f9a4,0.9956512053171906,High,8.99,107.41085202961852,Offer targeted discount / personalized content,Low engagement,Basic,Low,Oceania,27,1
16bb271f-9990-42ef-a49e-5563fb1d11b9,0.9960300983752199,High,8.99,107.45172701271872,Offer targeted discount / personalized content,Low engagement,Basic,Low,Africa,30,1
724493ea-fdfc-4cb1-914c-4f157f8803a8,0.9958083507156987,High,8.99,107.42780487520959,Offer targeted discount / personalized content,Low engagement,Basic,Low,Asia,41,1
525028b4-ea2d-463f-892f-86a839621ee9,0.00757482780232166,Low,8.99,0.8171724233144606,Maintain engagement / loyalty rewards,Stable usage,Basic,High,North America,27,0
ea3decc3-11cf-464e-8b9b-91e394e97d41,0.0077527696548327085,Low,8.99,0.8363687903633525,Maintain engagement / loyalty rewards,Stable usage,Basic,High,Asia,57,0
ad8bfdb0-341b-4c9c-8e83-d96aed9203e5,0.995664387995485,High,8.99,107.4122741769529,Offer targeted discount / personalized content,Low recent activity,Basic,Medium,Europe,69,1
b146adf9-cdfd-48d7-bc1c-0748cca548b2,0.007494566146642398,Low,8.99,0.8085137958997819,Maintain engagement / loyalty rewards,Stable usage,Basic,High,South America,38,0
b488bac9-04c0-425b-a671-70598580c686,0.9961415942074161,High,17.99,215.04704735749695,Offer targeted discount / personalized content,Low recent activity,Premium,Low,North America,55,1
d29365dc-c4e0-4b7e-a094-b3aee49a99f4,0.996141792681108,High,8.99,107.46377659443795,Offer targeted discount / personalized content,Low recent activity,Basic,Low,South America,26,1
63f9d986-7068-49e3-b822-fab8e0a49bc1,0.9961341039071303,High,8.99,107.46294712950123,Offer targeted discount / personalized content,Low recent activity,Basic,Low,Africa,31,1
d2bbf3a7-d910-4d8b-b554-497251508886,0.9961420559832522,High,13.99,167.2323283584684,Offer targeted discount / personalized content,Low engagement,Standard,Low,South America,36,1
0ceddb1d-533e-46bc-967f-823b87b432fa,0.9961318428269006,High,8.99,107.46270320416605,Offer targeted discount / personalized content,Stable usage,Basic,Medium,South America,70,1
9747ed12-6f16-46af-8c59-c54fcd947b73,0.9961256003975107,High,17.99,215.0435946138146,Offer targeted discount / personalized content,Low recent activity,Premium,Medium,North America,49,1
08dbcf43-5ce6-4326-a997-8da4cf6f731f,0.00750416340995628,Low,13.99,1.2597989532634604,Maintain engagement / loyalty rewards,Higher plan cost,Standard,Medium,Oceania,47,0
3c78a99f-e9a5-4f6a-9bd4-9bea5f137515,0.007491288686278519,Low,13.99,1.2576375446524377,Maintain engagement / loyalty rewards,Higher plan cost,Standard,High,South America,31,0
99cbb3de-fe56-4704-82c1-ffa8dd5c7a36,0.00886750400185717,Low,8.99,0.9566263317203516,Maintain engagement / loyalty rewards,Stable usage,Basic,High,Oceania,40,0
ae2fd5ac-59e1-4433-b26b-3ac43b42a4bf,0.007487683032330375,Low,13.99,1.2570322274676233,Maintain engagement / loyalty rewards,Higher plan cost,Standard,High,Europe,69,0
0a82244e-e72e-46a5-9d96-76eedc5674c6,0.007582345010973018,Low,8.99,0.8179833797837692,Maintain engagement / loyalty rewards,Stable usage,Basic,Medium,Europe,19,0
8316d994-9295-49d6-b608-7a27856fa6cf,0.9961406237423395,High,13.99,167.23208791386395,Offer targeted discount / personalized content,Low recent activity,Standard,Low,Europe,30,1
e1b71893-1f20-45ab-b9e6-0edacceaf9d3,0.9916895872870576,High,8.99,106.98347267652777,Offer targeted discount / personalized content,Low recent activity,Basic,Medium,Africa,29,1
00c85c4a-478b-411c-a06f-8d229eea4684,0.007489814432875228,Low,13.99,1.2573900469910932,Maintain engagement / loyalty rewards,Higher plan cost,Standard,High,Africa,62,0
77601669-57ba-4d83-822b-2c9d3fbee785,0.9960650166130126,High,17.99,215.03051578641714,Offer targeted discount / personalized content,Higher plan cost,Premium,Medium,Oceania,38,1
aa3d931e-f2c1-4a87-ac26-f4feed539178,0.007493818563511004,Low,17.99,1.6177655514907552,Maintain engagement / loyalty rewards,Low recent activity,Premium,High,South America,47,0
4abb2b16-b493-4d53-a738-9475abc94756,0.007487267396661304,Low,17.99,1.6163512855912423,Maintain engagement / loyalty rewards,Higher plan cost,Premium,High,Europe,64,0
dbee2c1d-4003-4723-b0db-0cdd117d341d,0.996141371357852,High,17.99,215.04699924873304,Offer targeted discount / personalized content,Low recent activity,Premium,Low,Asia,21,1
06ad36eb-67ec-4eb4-93d7-fa5c1a4abded,0.007496271767572248,Low,8.99,0.8086977982856942,Maintain engagement / loyalty rewards,Stable usage,Basic,High,Africa,22,0
74296717-7313-49b7-a0ff-17281751b037,0.00827110862363777,Low,17.99,1.7855669296709213,Maintain engagement / loyalty rewards,Higher plan cost,Premium,Medium,North America,60,0
10374c5a-0a9b-46c9-a19a-4b9acbfe6322,0.007487001388726755,Low,17.99,1.6162938597983318,Maintain engagement / loyalty rewards,Higher plan cost,Premium,High,South America,27,0
107f9e60-e4ce-4fe0-b90f-7f478b64e346,0.9961240513415038,High,8.99,107.46186265872143,Offer targeted discount / personalized content,Stable usage,Basic,Medium,Europe,36,1
e6f5aad8-3d0d-482c-b377-0399c888f984,0.9961418046435124,High,8.99,107.46377788494212,Offer targeted discount / personalized content,Low recent activity,Basic,Low,South America,22,1
e88ae0bf-e5ca-4295-ab09-1ea14e389b70,0.9959819025700758,High,8.99,107.44652764925978,Offer targeted discount / personalized content,Low engagement,Basic,Low,North America,43,1
3c748cc8-fab5-41d0-971e-eba32b247a66,0.007487364434747103,Low,13.99,1.2569787413053437,Maintain engagement / loyalty rewards,Higher plan cost,Standard,High,Africa,50,0
bd3ee325-8a00-419a-b1a6-e976080197f5,0.9961315072461374,High,8.99,107.4626670017133,Offer targeted discount / personalized content,Stable usage,Basic,Medium,Europe,67,1
ce5f31e7-101e-4709-ac71-b46dfd8c8c59,0.01618321015260978,Low,17.99,3.493631407745399,Maintain engagement / loyalty rewards,Higher plan cost,Premium,High,Europe,59,0
f9aae5f5-3f3b-4afe-ba24-4f313a94ec46,0.00754298482572188,Low,8.99,0.8137372029988763,Maintain engagement / loyalty rewards,Low recent activity,Basic,High,Europe,33,0
46942525-7197-40ab-a5d1-79e46f5e09f4,0.9961373923775291,High,13.99,167.23154543233957,Offer targeted discount / personalized content,Higher plan cost,Standard,Medium,Oceania,50,1
eca3b2cc-7fa6-4731-93c2-c2af38d448ad,0.007492715244466916,Low,8.99,0.8083141205730908,Maintain engagement / loyalty rewards,Stable usage,Basic,High,Oceania,55,0
17f77859-2514-41c7-95be-cd3570d0025c,0.9961408207582767,High,13.99,167.2321209888995,Offer targeted discount / personalized content,Low engagement,Standard,Low,North America,46,1
e0795841-bcb5-499e-86e6-cb0f87f9870f,0.995892737963086,High,8.99,107.43690857145772,Offer targeted discount / personalized content,Stable usage,Basic,Medium,North America,51,1
c76969cd-336d-4838-a240-8002d91705f2,0.007487271569865744,Low,17.99,1.616352186502617,Maintain engagement / loyalty rewards,Higher plan cost,Premium,Medium,Africa,67,0
74dcb7c7-74c6-43e6-9034-d1a72adad651,0.9961329744972529,High,8.99,107.46282528876364,Offer targeted discount / personalized content,Low recent activity,Basic,Medium,Oceania,44,1
9ee5c445-56ec-4208-b47c-759c3b7f01bb,0.9961421291529373,High,13.99,167.2323406421951,Offer targeted discount / personalized content,Low recent activity,Standard,Low,Africa,58,1
999d8e4e-1e8e-46fa-818e-9657afcc0068,0.9961415895653591,High,8.99,107.46375468231093,Offer targeted discount / personalized content,Stable usage,Basic,Medium,South America,59,1
a1743e4c-9e2c-4f48-a208-dba3b8df1c91,0.007499415064459137,Low,8.99,0.8090368971538517,Maintain engagement / loyalty rewards,Stable usage,Basic,High,Oceania,22,0
32b42dc3-6e82-44bb-b5d0-f323244aba7c,0.9946686286926338,High,8.99,107.30485166336135,Offer targeted discount / personalized content,Stable usage,Basic,Medium,Oceania,44,1
1386123c-5f7c-459e-ae51-08ae5fbe47bb,0.996140979201108,High,17.99,215.04691458993517,Offer targeted discount / personalized content,Low recent activity,Premium,Low,Asia,63,1
b1298a61-b99b-4b75-a99a-ad94966f69f6,0.007491414403424911,Low,13.99,1.2576586500469742,Maintain engagement / loyalty rewards,Higher plan cost,Standard,High,North America,57,0
71f9b5da-cd65-4d82-aadc-03be9f0d0822,0.0074877271722564335,Low,17.99,1.6164505419467186,Maintain engagement / loyalty rewards,Higher plan cost,Premium,High,South America,43,0
feb0dafb-ef3c-4cd8-a3e4-530babafb063,0.00870422060365084,Low,13.99,1.461264554940903,Maintain engagement / loyalty rewards,Low engagement,Standard,Low,Africa,55,0
68fd098e-d088-47eb-b14f-bd5e306322a0,0.9961114810095271,High,13.99,167.2271954318794,Offer targeted discount / personalized content,Low recent activity,Standard,Low,North America,19,1
ad293cc0-f9c5-41cc-b98b-d30104acd571,0.007487267106455956,Low,17.99,1.6163512229417116,Maintain engagement / loyalty rewards,Higher plan cost,Premium,Medium,Africa,64,0
2d709119-8028-4486-8e2c-d140c42a3e33,0.9961416277887954,High,17.99,215.04705460704514,Offer targeted discount / personalized content,Low recent activity,Premium,Low,North America,61,1
2619177e-ff09-4d89-b00b-f61e7dad8bf9,0.9961292445746974,High,17.99,215.04438131878567,Offer targeted discount / personalized content,Low engagement,Premium,Low,Oceania,44,1
a2fa6fbd-35f8-4db0-aff2-2673727dc84c,0.996141172042638,High,13.99,167.23217996251805,Offer targeted discount / personalized content,Low recent activity,Standard,Low,Europe,40,1
dc3a0a45-0717-4baa-86f2-8d6573d5cd0c,0.007487026321614826,Low,13.99,1.2569219788726969,Maintain engagement / loyalty rewards,Higher plan cost,Standard,High,Oceania,33,0
5fa5ca82-b81d-40df-a054-96e09acb28ea,0.007488819604768939,Low,13.99,1.2572230352486096,Maintain engagement / loyalty rewards,Higher plan cost,Standard,High,Europe,47,0
ce71d08b-80b9-4b6a-a055-d07ad964b74e,0.996138922410896,High,17.99,215.0464705700642,Offer targeted discount / personalized content,Low recent activity,Premium,Low,Asia,48,1
3f0c299b-2856-4fcd-9da8-a1d19afa1365,0.007778003531204404,Low,8.99,0.8390910209463311,Maintain engagement / loyalty rewards,Stable usage,Basic,High,South America,69,0
c298405c-4f93-4e45-b8ce-de46bc13b51a,0.011255586959336632,Low,8.99,1.214252721173236,Maintain engagement / loyalty rewards,Stable usage,Basic,Medium,Africa,37,0
107b7ac2-d69a-482e-ba42-0707d07983f5,0.9961406413228964,High,13.99,167.23209086528783,Offer targeted discount / personalized content,Low engagement,Standard,Low,Africa,36,1
a9414457-2c36-4d97-8820-4dcc8349368e,0.9958863180230535,High,17.99,214.99193833481675,Offer targeted discount / personalized content,Low recent activity,Premium,Low,North America,25,1
db07d34d-d62e-4cee-a65b-00f8a336c73b,0.9961417836031391,High,8.99,107.46377561510664,Offer targeted discount / personalized content,Stable usage,Basic,Medium,Asia,37,1
a1fa1e89-c730-4c7f-b615-5fc51f92abfc,0.9961409971863768,High,13.99,167.23215060764895,Offer targeted discount / personalized content,Low engagement,Standard,Low,North America,54,1
df2e5ee6-a486-4cd8-b452-959e63e397c6,0.9961418223622989,High,17.99,215.04709661157307,Offer targeted discount / personalized content,Low engagement,Premium,Low,Africa,67,1
5dbd7687-5f99-4393-93cd-22ad811b4d22,0.9961418110104265,High,13.99,167.23228723243042,Offer targeted discount / personalized content,Low recent activity,Standard,Low,North America,63,1
3f8f748f-aae8-4ebd-8e6d-a88ed721f2fd,0.007596078630666171,Low,8.99,0.8194649626762665,Maintain engagement / loyalty rewards,Stable usage,Basic,High,North America,69,0
dfb72a40-99ce-419c-8bb8-a7e6d80f8d0f,0.007503601087313969,Low,8.99,0.8094884852994308,Maintain engagement / loyalty rewards,Stable usage,Basic,High,Asia,45,0
2c9893fa-7934-40a5-8ddb-85f934f5dbe0,0.9961408913477415,High,13.99,167.23213283945887,Offer targeted discount / personalized content,Low recent activity,Standard,Low,South America,68,1
45c38e06-d28c-46b6-b473-bd983b259d4c,0.996141401547951,High,13.99,167.23221849187004,Offer targeted discount / personalized content,Low engagement,Standard,Low,South America,20,1
64d85f24-42f8-48b1-8675-590db42d23e5,0.0074889603756307585,Low,13.99,1.2572466678608918,Maintain engagement / loyalty rewards,Higher plan cost,Standard,High,Oceania,18,0
0aa018d1-6f8d-493a-bd1b-7d79b803fd22,0.9959108183803742,High,13.99,167.1935081896972,Offer targeted discount / personalized content,Higher plan cost,Standard,Medium,Africa,26,1
d50276ec-30c4-4e33-94b1-68cb83eaf5a7,0.9961344940873829,High,8.99,107.46298922214686,Offer targeted discount / personalized content,Stable usage,Basic,Low,Africa,59,1
76cc2999-f28b-46ee-b31d-a27407c1f421,0.01100740473500686,Low,17.99,2.376278534193281,Maintain engagement / loyalty rewards,Low recent activity,Premium,Medium,Asia,36,0
9ae4fd75-7402-4539-8d0d-a5d7d1ac9596,0.007541000517978344,Low,17.99,1.6279511918211647,Maintain engagement / loyalty rewards,Higher plan cost,Premium,Medium,Oceania,51,0
1b9db6e9-6522-4731-9474-7b1f63da1fc9,0.007540046290339486,Low,8.99,0.8134201938018237,Maintain engagement / loyalty rewards,Stable usage,Basic,High,Asia,44,0
0c7a461a-e6f9-45c9-a1ba-b9745a6b3b17,0.9958020703389338,High,8.99,107.42712734816418,Offer targeted discount / personalized content,Low engagement,Basic,Low,Oceania,57,1
37dd41be-f537-46b1-8e2e-905604a8cdad,0.007487096449453679,Low,17.99,1.6163143815080598,Maintain engagement / loyalty rewards,Higher plan cost,Premium,Medium,South America,24,0
2fa9fc55-ecbd-428f-a0e6-7ce6f60e8975,0.007487780392785666,Low,17.99,1.6164620311945694,Maintain engagement / loyalty rewards,Higher plan cost,Premium,High,Europe,54,0
76f5fba2-0349-4f73-84aa-475fa2f8c789,0.9958861077761296,High,8.99,107.43619330688887,Offer targeted discount / personalized content,Low engagement,Basic,Low,Europe,63,1
cf48d58a-217e-40c4-b6c5-72bbbe03fd56,0.007905582158469876,Low,13.99,1.3271891327639227,Maintain engagement / loyalty rewards,Higher plan cost,Standard,Medium,North America,20,0
ac919ac2-e711-45b2-8d74-f2d164585c15,0.007515319973851305,Low,13.99,1.261671917210157,Maintain engagement / loyalty rewards,Higher plan cost,Standard,Medium,Africa,37,0
dbdab0cd-577e-49b5-b94e-4c5d8162c4f5,0.996140605449958,High,13.99,167.23208484293895,Offer targeted discount / personalized content,Low recent activity,Standard,Medium,Asia,66,1
d85e4916-857b-4008-b7a5-20ea8157e9af,0.996140635186759,High,13.99,167.2320898351531,Offer targeted discount / personalized content,Low recent activity,Standard,Low,South America,36,1
17ed341d-de04-4466-8b18-bda03f5e38fd,0.0074869904866727375,Low,17.99,1.6162915062629106,Maintain engagement / loyalty rewards,Higher plan cost,Premium,High,Asia,35,0
274599c6-5a23-4d2e-a471-22fa0e76e24e,0.007568714675203529,Low,8.99,0.8165129391609567,Maintain engagement / loyalty rewards,Low recent activity,Basic,High,South America,51,0
dc5b0984-88d3-4ff3-b093-f0cfdb80070d,0.9946040063560936,High,17.99,214.71511289215346,Offer targeted discount / personalized content,Low engagement,Premium,Low,North America,22,1
ca23a8be-fef8-4b6c-afba-136af304b2d5,0.00817005473625059,Low,13.99,1.3715887891217489,Maintain engagement / loyalty rewards,Higher plan cost,Standard,Medium,Asia,19,0
4099d31a-cc4b-4948-bcb8-d3270cf3a9f5,0.007498694577321147,Low,8.99,0.8089591710014052,Maintain engagement / loyalty rewards,Stable usage,Basic,High,South America,58,0
37c521d5-e042-4dc6-a38a-be7eafeb9092,0.9961419505215401,High,13.99,167.23231065355614,Offer targeted discount / personalized content,Low engagement,Standard,Low,Africa,37,1
17ce1fd9-fa04-4c76-b7c0-f23519005371,0.007522591406342756,Low,8.99,0.8115371609162565,Maintain engagement / loyalty rewards,Stable usage,Basic,High,North America,34,0
c1660018-6e78-4bd4-88f0-3a1faa017c4c,0.9961248469050584,High,8.99,107.46194848411771,Offer targeted discount / personalized content,Stable usage,Basic,Medium,South America,47,1
86079cfc-0cd9-4487-ac31-0e38a2859cd2,0.007488314107218163,Low,17.99,1.616577249466257,Maintain engagement / loyalty rewards,Higher plan cost,Premium,High,Asia,26,0
3e3cfb79-20ef-4690-a186-7f69adb9c1c6,0.007497273629602055,Low,8.99,0.8088058791614696,Maintain engagement / loyalty rewards,Stable usage,Basic,High,Asia,35,0
c726aec5-29ec-4b62-b752-7d9f91d7ebd1,0.9961415601375382,High,13.99,167.2322451158899,Offer targeted discount / personalized content,Low recent activity,Standard,Low,North America,41,1
7911e6e5-fad9-423b-b343-c74a045ad2ae,0.9961419943015402,High,8.99,107.46379834525015,Offer targeted discount / personalized content,Low recent activity,Basic,Low,Oceania,65,1
0a5ee218-5618-44fe-b90d-cae6da8f6859,0.00794529767567128,Low,17.99,1.7152308622239159,Maintain engagement / loyalty rewards,Low recent activity,Premium,High,South America,63,0
99b365a9-075d-4ed6-b3a4-539d4245cd22,0.9957968666064609,High,13.99,167.17437796589266,Offer targeted discount / personalized content,Low engagement,Standard,Low,Europe,54,1
20b10142-39c2-4061-8573-a1e5f91ad019,0.9961411456507119,High,13.99,167.2321755318415,Offer targeted discount / personalized content,Low engagement,Standard,Low,South America,26,1
2b784338-d744-4800-b6f8-4508260255b7,0.9957243561814216,High,17.99,214.95697401244527,Offer targeted discount / personalized content,Low recent activity,Premium,Medium,Oceania,69,1
ac8576dd-8167-485c-9452-c8fc0e559ed8,0.007587561795509351,Low,8.99,0.8185461664995487,Maintain engagement / loyalty rewards,Stable usage,Basic,High,Asia,45,0
e95a32d7-dbb3-457d-b655-df5765b3ea84,0.9961182385277955,High,8.99,107.46123557237857,Offer targeted discount / personalized content,Low engagement,Basic,Low,Oceania,18,1
a22b2cef-2032-47d9-8fb4-36f3dcf93b94,0.9961368751762454,High,13.99,167.23145860458808,Offer targeted discount / personalized content,Low recent activity,Standard,Low,Europe,30,1
ba13ed63-7cc2-4a1e-9d77-d45bfe793cc5,0.0074881318452746535,Low,17.99,1.616537902757892,Maintain engagement / loyalty rewards,Higher plan cost,Premium,High,North America,58,0
8bdf4628-437d-4675-a5bd-c0e70adb590d,0.007495753798429114,Low,13.99,1.2583871476802797,Maintain engagement / loyalty rewards,Higher plan cost,Standard,High,North America,37,0
e203e4ef-dc62-4e97-884d-77a46ddf3813,0.9960598201311383,High,13.99,167.2185226036155,Offer targeted discount / personalized content,Low engagement,Standard,Low,Oceania,18,1
5b4c2040-0725-49cd-b8bb-0c1848fe1577,0.9961408611698831,High,17.99,215.04688910935434,Offer targeted discount / personalized content,Low recent activity,Premium,Low,Africa,57,1
cdd7611f-d900-43cf-b218-71d45bca9a13,0.9961357529546355,High,17.99,215.04578634784673,Offer targeted discount / personalized content,Low engagement,Premium,Low,North America,59,1
11d562cc-a296-442c-8ad0-4c2a5f5f2e1f,0.007516775939440082,Low,17.99,1.622721589806325,Maintain engagement / loyalty rewards,Higher plan cost,Premium,Medium,Oceania,29,0
1fb210c3-6369-4fb9-9abc-f56736df9f47,0.9961395437231306,High,13.99,167.23190660023917,Offer targeted discount / personalized content,Low engagement,Standard,Low,Oceania,66,1
1aab7315-184d-4e18-8338-071aab257e63,0.9961415718924431,High,8.99,107.46375277575677,Offer targeted discount / personalized content,Low engagement,Basic,Low,South America,55,1
33e54062-d5b6-400e-9f34-fe98abbe476c,0.010909950942548012,Low,17.99,2.3552402094772646,Maintain engagement / loyalty rewards,Low recent activity,Premium,Medium,North America,39,0
5d0fd4a3-dc03-4a99-8cb0-087424513a52,0.9960523116015072,High,17.99,215.02777302853337,Offer targeted discount / personalized content,Higher plan cost,Premium,Medium,South America,51,1
d16fcf8a-89ce-4b6c-9083-bf9e43fbd8d7,0.00808880443800376,Low,13.99,1.3579484890520712,Maintain engagement / loyalty rewards,Low engagement,Standard,Low,Europe,57,0
609e1a47-614a-4c12-b0c7-50c6a27c83bb,0.9961348086295405,High,8.99,107.46302315495484,Offer targeted discount / personalized content,Low engagement,Basic,Low,Europe,48,1
c3fc2a8b-b9e3-48b3-9c46-b3a64b62157d,0.9952505615300566,High,17.99,214.8546912231086,Offer targeted discount / personalized content,Low engagement,Premium,Low,South America,26,1
6af2ef31-7637-45a5-8a64-201ec7cb3065,0.9961406927867665,High,8.99,107.46365793783636,Offer targeted discount / personalized content,Low recent activity,Basic,Medium,Oceania,34,1
a35b0e4d-c43a-48cb-8c56-e49d6879c391,0.9954162000061416,High,13.99,167.11047165703107,Offer targeted discount / personalized content,Low engagement,Standard,Low,Oceania,18,1
1c904da9-0232-449d-a20e-43a3c0e409b7,0.007489425968307292,Low,8.99,0.8079592734609907,Maintain engagement / loyalty rewards,Stable usage,Basic,High,North America,51,0
3f0b4a45-5ec6-4a10-a6f0-dfab7d32c292,0.007668235920110606,Low,8.99,0.8272492910615322,Maintain engagement / loyalty rewards,Stable usage,Basic,High,North America,55,0
696ead93-5262-4d00-a2ab-042f737bcb9c,0.008814654750368965,Low,8.99,0.950924954469804,Maintain engagement / loyalty rewards,Stable usage,Basic,High,Africa,20,0
eacf58bf-9e97-4299-b176-75e028554818,0.007498883452189858,Low,17.99,1.6188589596587466,Maintain engagement / loyalty rewards,Higher plan cost,Premium,High,North America,21,0
75c9cb84-d05c-4a42-8ab2-828d008f94ba,0.9961412842823132,High,8.99,107.46372174837596,Offer targeted discount / personalized content,Low recent activity,Basic,Medium,North America,70,1
dac932ff-cdf8-4b8d-a369-7a25f9bd7a0e,0.9957883575674543,High,8.99,107.42564801437697,Offer targeted discount / personalized content,Low engagement,Basic,Low,Africa,70,1
39000a6b-840b-4387-8278-74242df72456,0.9914405803606947,High,13.99,166.4430446309534,Offer targeted discount / personalized content,Low engagement,Standard,Low,Oceania,66,1
0c1633dd-ffdf-4a8e-acf3-6b8726513703,0.9957564133778322,High,17.99,214.96389452000636,Offer targeted discount / personalized content,Low recent activity,Premium,Medium,South America,55,1
4c9b0d0f-1fa8-439e-af1f-8282130cf0bf,0.9961381517890736,High,13.99,167.23167292234967,Offer targeted discount / personalized content,Low engagement,Standard,Low,South America,28,1
dbaf9169-5442-4b8c-b41d-b9f87f96e404,0.007805731597439754,Low,17.99,1.6851013372552939,Maintain engagement / loyalty rewards,Higher plan cost,Premium,Medium,Africa,47,0
56eae98d-0f94-42e9-bc74-b87ee559adc0,0.010348982938400095,Low,8.99,1.1164482793946022,Maintain engagement / loyalty rewards,Stable usage,Basic,Medium,South America,38,0
4234d7ee-c5d2-43be-ad24-1545623c4983,0.009320160506835738,Low,17.99,2.012036250215699,Maintain engagement / loyalty rewards,Low recent activity,Premium,Medium,North America,63,0
a880a8d5-fd6c-4056-8fea-151329ac0bc0,0.007497249843630943,Low,13.99,1.2586383037487627,Maintain engagement / loyalty rewards,Higher plan cost,Standard,High,North America,29,0
fe3fe07b-85b9-4f24-aef0-78a120ffca7d,0.007526788993487271,Low,17.99,1.6248832079140318,Maintain engagement / loyalty rewards,Higher plan cost,Premium,High,Africa,39,0
da3695da-d79e-4240-be6f-e5252500e74c,0.9960587395951898,High,8.99,107.45481682752907,Offer targeted discount / personalized content,Low engagement,Basic,Low,Oceania,23,1
45556d1e-cca3-4681-91f0-c400a3523511,0.007496561347210727,Low,8.99,0.8087290381370933,Maintain engagement / loyalty rewards,Stable usage,Basic,High,Oceania,58,0
755ce452-4079-48bb-bc47-4ba2b2ecd942,0.010016304235167695,Low,13.99,1.6815371549999527,Maintain engagement / loyalty rewards,Low engagement,Standard,Low,Oceania,26,0
fa010757-b01a-4f20-abed-bce22f5a810a,0.9941269772454886,High,17.99,214.61213184775607,Offer targeted discount / personalized content,Higher plan cost,Premium,Medium,Oceania,63,1
e2dfa569-35ea-412e-9a4e-2b194f5d62c8,0.007498530958655899,Low,17.99,1.6187828633546355,Maintain engagement / loyalty rewards,Higher plan cost,Premium,High,South America,37,0
003e8ce2-25ac-44b6-91db-fc2784528c36,0.9961385210860506,High,13.99,167.23173491992617,Offer targeted discount / personalized content,Higher plan cost,Standard,Low,South America,48,1
e25b97a4-daab-4243-8698-14b71b085a13,0.008106338476099963,Low,17.99,1.7499963502204599,Maintain engagement / loyalty rewards,Higher plan cost,Premium,Medium,Europe,32,0
8acd78db-f4ed-4bc0-a385-0764a60e7b9f,0.9958691592300777,High,8.99,107.43436489774079,Offer targeted discount / personalized content,Low recent activity,Basic,Low,North America,64,1
8a3af76b-7153-48c0-a775-3534fd49fe16,0.9958583550339911,High,8.99,107.43319934106697,Offer targeted discount / personalized content,Low recent activity,Basic,Medium,Oceania,47,1
8661f083-bf8b-497e-80af-74b5442aa691,0.007487021798489216,Low,13.99,1.2569212195303696,Maintain engagement / loyalty rewards,Higher plan cost,Standard,High,South America,48,0
e444d340-ba14-40bd-99f4-85f85f98cf78,0.007755572248002043,Low,8.99,0.8366711341144604,Maintain engagement / loyalty rewards,Stable usage,Basic,High,Asia,44,0
e12dbde6-af94-4fed-8392-75efd9f8c1a8,0.0074892109067918895,Low,13.99,1.2572887270322224,Maintain engagement / loyalty rewards,Higher plan cost,Standard,High,Asia,44,0
095b2666-34f3-42ba-aaa6-f9512b8d30cc,0.008123594100389889,Low,8.99,0.8763733315500613,Maintain engagement / loyalty rewards,Stable usage,Basic,High,Africa,49,0
d3c3d095-8b42-45d2-9c19-7e3fa96ca787,0.00805729881037236,Low,8.99,0.8692213956629702,Maintain engagement / loyalty rewards,Stable usage,Basic,High,South America,60,0
1aa16b12-fff7-48b4-9b72-fa22e08d058d,0.007493152774401343,Low,17.99,1.6176218209377617,Maintain engagement / loyalty rewards,Higher plan cost,Premium,High,North America,61,0
f8aa86e5-518a-4051-9727-74947064db92,0.9961418993826221,High,8.99,107.46378810539727,Offer targeted discount / personalized content,Stable usage,Basic,Low,Asia,68,1
a92a788b-ae74-4716-9bea-7eb0b3cef793,0.0074875886166437654,Low,13.99,1.2570163769621554,Maintain engagement / loyalty rewards,Higher plan cost,Standard,High,Europe,55,0
17183448-1fc2-4e97-a5f2-36d1d5a9ca1e,0.00783450681740937,Low,17.99,1.6913133317423346,Maintain engagement / loyalty rewards,Low recent activity,Premium,Medium,Europe,54,0
cdb0c59c-6086-4985-a133-bd141e1bb6ca,0.9961408350514633,High,8.99,107.46367328535186,Offer targeted discount / personalized content,Low engagement,Basic,Low,Europe,29,1
dcb91836-142b-4bcd-b42c-f0b34c272121,0.9957508418291987,High,17.99,214.9626917340874,Offer targeted discount / personalized content,Low engagement,Premium,Low,Oceania,56,1
828e263c-a5a2-4390-8880-5851ba9395c1,0.996137634436123,High,17.99,215.0461925220702,Offer targeted discount / personalized content,Low recent activity,Premium,Low,South America,18,1
c54f6982-c7af-4460-b1ca-661c411ee091,0.007487865892042113,Low,13.99,1.25706292595603,Maintain engagement / loyalty rewards,Higher plan cost,Standard,High,North America,26,0
e7c17a68-7cb0-445f-8d31-f2c1d07aab3d,0.9959982756788428,High,13.99,167.20819052096414,Offer targeted discount / personalized content,Low engagement,Standard,Low,South America,24,1
da5099cc-9057-4fcd-a133-8873336c7697,0.008173529526501267,Low,13.99,1.3721721369090325,Maintain engagement / loyalty rewards,Low recent activity,Standard,Medium,South America,26,0
2d6081cb-4964-472e-ad69-86ebf0dd7c1c,0.9952821412577398,High,13.99,167.08796587434935,Offer targeted discount / personalized content,Higher plan cost,Standard,Medium,South America,47,1
45edfde5-88c9-424d-8d71-709998c94939,0.007487098683077063,Low,13.99,1.2569341269149774,Maintain engagement / loyalty rewards,Higher plan cost,Standard,Medium,Oceania,59,0
55e8d23c-b8a3-4bb1-9c03-3e14641639ac,0.007489207408397651,Low,13.99,1.2572881397217976,Maintain engagement / loyalty rewards,Higher plan cost,Standard,High,Europe,25,0
def3e5b6-5ce0-4d69-b0b5-b39fad417a6d,0.007495096296280317,Low,17.99,1.6180413884409948,Maintain engagement / loyalty rewards,Higher plan cost,Premium,High,Oceania,35,0
b27e3290-ca39-4779-89db-6402ae280a3d,0.007523188522428931,Low,8.99,0.8116015777996332,Maintain engagement / loyalty rewards,Stable usage,Basic,High,Europe,37,0
3a23e4a5-22f8-4647-8717-8331fa5eba94,0.9961417476408425,High,13.99,167.23227659394465,Offer targeted discount / personalized content,Low recent activity,Standard,Low,Africa,27,1
b945055d-449d-47e8-9f14-574ea7cea9a1,0.9956796113194952,High,13.99,167.15469314831688,Offer targeted discount / personalized content,Low engagement,Standard,Low,Africa,54,1
c5dc62ac-e177-461a-bc76-d7842de60ca8,0.9961397806364287,High,13.99,167.23194637324366,Offer targeted discount / personalized content,Low recent activity,Standard,Low,Europe,66,1
035988be-2cdb-4a69-a630-6d76bc1b97f6,0.00749298265971608,Low,13.99,1.2579219289131356,Maintain engagement / loyalty rewards,Higher plan cost,Standard,High,Oceania,64,0
8a0a4ccf-0708-43c7-8b95-12cf9b4fb001,0.9855636113343393,High,8.99,106.32260239074853,Offer targeted discount / personalized content,Stable usage,Basic,Medium,South America,38,1
f044c71b-3fed-4121-9cd6-b3a3d0be4cf6,0.9959302646745499,High,13.99,167.19677283356344,Offer targeted discount / personalized content,Higher plan cost,Standard,Medium,Africa,53,1
77a6c968-3ec1-4c82-ae01-a2e5b4db0931,0.9958159513237442,High,17.99,214.9767475717699,Offer targeted discount / personalized content,Low engagement,Premium,Low,Africa,51,1
6a53dd10-b7e8-44f2-8f4a-56015f9a5c61,0.996138219861925,High,8.99,107.46339115870447,Offer targeted discount / personalized content,Stable usage,Basic,Low,South America,69,1
bbe577b2-0e7e-44de-aec5-8d54cbb0eed8,0.00749318165129214,Low,13.99,1.2579553356189246,Maintain engagement / loyalty rewards,Higher plan cost,Standard,High,Africa,61,0
8b412cdc-c03a-456c-af50-3d045bc026ee,0.9961422830282135,High,8.99,107.46382949308367,Offer targeted discount / personalized content,Low engagement,Basic,Low,Africa,18,1
735190c8-4a3d-46a6-885f-795f3ecdad42,0.9961420082949821,High,8.99,107.46379985486269,Offer targeted discount / personalized content,Low recent activity,Basic,Low,North America,31,1
f60e85aa-2c80-4282-9a7e-885c5b1801fd,0.9959739085350231,High,13.99,167.20409976485968,Offer targeted discount / personalized content,Low engagement,Standard,Low,North America,29,1
43316923-630e-4b9d-97af-cc263e0b56e3,0.9959519868551693,High,17.99,215.00611492229393,Offer targeted discount / personalized content,Higher plan cost,Premium,Medium,Europe,45,1
67ce86b7-0f74-4af8-acf1-5987206db796,0.007892245564426,Low,17.99,1.7037779724482847,Maintain engagement / loyalty rewards,Low recent activity,Premium,Medium,South America,41,0
87d5811f-29bd-480a-b53e-8b2775331cfe,0.9961368832262852,High,8.99,107.46324696245165,Offer targeted discount / personalized content,Stable usage,Basic,Medium,Africa,69,1
6d446445-a1b2-455d-bba9-d7f3077c0a10,0.9961414230851103,High,13.99,167.23222210752832,Offer targeted discount / personalized content,Low recent activity,Standard,Low,Asia,33,1
dce7ccc8-e51c-4cb3-9aed-7f952220a2d1,0.008100024915660087,Low,17.99,1.7486333787926993,Maintain engagement / loyalty rewards,Low engagement,Premium,Low,North America,55,0
688d52ac-3051-4780-b1f1-5436fdb4d51b,0.9958460804864264,High,17.99,214.98325185540972,Offer targeted discount / personalized content,Low recent activity,Premium,Medium,North America,34,1
efe57503-644e-4224-a159-a8d880e1676b,0.9961414023145003,High,8.99,107.4637344816883,Offer targeted discount / personalized content,Low recent activity,Basic,Low,Oceania,68,1
8a965066-832a-445b-a5d3-6935102c89a0,0.0075532037696162515,Low,8.99,0.8148396226662012,Maintain engagement / loyalty rewards,Stable usage,Basic,High,Oceania,32,0
211cc3e6-2493-4cb5-a05d-648a8b62339e,0.9961090027695848,High,8.99,107.46023921878282,Offer targeted discount / personalized content,Stable usage,Basic,Medium,Europe,64,1
827b839a-2a40-41e8-a668-3e84708aab8d,0.007490112074244536,Low,8.99,0.8080332905695005,Maintain engagement / loyalty rewards,Stable usage,Basic,High,North America,44,0
5a434596-ec80-4d47-a472-46587f20a98f,0.9958148000150479,High,13.99,167.17738862652624,Offer targeted discount / personalized content,Low engagement,Standard,Low,Africa,29,1
6c297fda-c973-4435-ac49-c330b5e20030,0.9961104983820445,High,8.99,107.46040056545496,Offer targeted discount / personalized content,Stable usage,Basic,Medium,Oceania,40,1
e7336493-b9bd-47ee-9298-a74a91625ab9,0.9961409992580436,High,8.99,107.46369099995775,Offer targeted discount / personalized content,Low recent activity,Basic,Low,North America,57,1
14ef7d6f-0c7f-448e-8bb2-a718401cd8a9,0.996013815415766,High,17.99,215.01946247195553,Offer targeted discount / personalized content,Low recent activity,Premium,Medium,Africa,47,1
3914fd90-24cd-4681-a26a-2ba4a2a159f9,0.9960498106587554,High,13.99,167.21684221339189,Offer targeted discount / personalized content,Low engagement,Standard,Low,Africa,31,1
5f056e77-b597-4372-81ec-74cfa153e832,0.9948563987612493,High,17.99,214.76959936457848,Offer targeted discount / personalized content,Higher plan cost,Premium,Medium,Africa,66,1
f1f834a6-23c4-405a-b5f2-dfd604ce318b,0.010636866422263446,Low,17.99,2.2962867232382327,Maintain engagement / loyalty rewards,Low engagement,Premium,Low,Oceania,32,0
2cf69775-8761-45e2-a44d-b4bd0669b757,0.9961420713436077,High,17.99,215.047150361658,Offer targeted discount / personalized content,Low recent activity,Premium,Low,Africa,55,1
4f25b8c4-d5c9-4131-af78-55e3ffeed2dd,0.996142037588393,High,8.99,107.46380301503584,Offer targeted discount / personalized content,Low recent activity,Basic,Low,South America,48,1
c51b4715-3ce4-49e7-9102-508107212399,0.9961419292200773,High,17.99,215.04711968003028,Offer targeted discount / personalized content,Low recent activity,Premium,Low,Europe,66,1
2430b31a-ab1d-4aeb-9d8f-5b5bb2427ff5,0.9961391016086363,High,17.99,215.04650925527238,Offer targeted discount / personalized content,Low engagement,Premium,Low,North America,60,1
a06f6ebb-cdf1-4d0a-ab74-c3c1b86d53ae,0.007502612709524778,Low,17.99,1.619664031732209,Maintain engagement / loyalty rewards,Higher plan cost,Premium,High,Africa,34,0
b160aa5f-532a-4e17-999d-5d17abb3926f,0.007488508466610913,Low,13.99,1.25717080137464,Maintain engagement / loyalty rewards,Higher plan cost,Standard,High,Asia,38,0
f7f78b0a-14a9-43c0-8ab4-dbae4364badc,0.9948570204305272,High,17.99,214.7697335705422,Offer targeted discount / personalized content,Low engagement,Premium,Low,Africa,22,1
6516706c-08dd-4be3-9bcf-d8cc39b8e59b,0.007494908523875582,Low,8.99,0.8085507315556977,Maintain engagement / loyalty rewards,Stable usage,Basic,High,Africa,24,0
e518b0d5-b916-43a0-9f3e-23030ae34aa7,0.00748705476387605,Low,13.99,1.2569267537595112,Maintain engagement / loyalty rewards,Higher plan cost,Standard,High,Oceania,65,0
ca6e759e-e5b0-4f69-b548-2acfba9ef338,0.9961365442466679,High,17.99,215.04595717197063,Offer targeted discount / personalized content,Higher plan cost,Premium,Medium,South America,41,1
b0d6c364-2083-42c5-9c6f-92fb5a21a71a,0.9961409854206474,High,17.99,215.04691593260935,Offer targeted discount / personalized content,Low engagement,Premium,Low,Africa,20,1
5d26a7bf-3240-4197-a94c-369861b65c37,0.9957931161484769,High,17.99,214.97181791413317,Offer targeted discount / personalized content,Low recent activity,Premium,Low,Oceania,50,1
58ae61ba-c2a5-4ae2-b3ec-3a99c8ea6357,0.00750027940852933,Low,13.99,1.2591469071039039,Maintain engagement / loyalty rewards,Low recent activity,Standard,High,North America,38,0
f55fe025-31da-4f50-ab61-f691c3fc3631,0.00921876377510784,Low,8.99,0.9945202360586338,Maintain engagement / loyalty rewards,Stable usage,Basic,Medium,Oceania,30,0
b78b1bc6-d7d2-45a0-ba76-f10383ccc023,0.008534832815033234,Low,17.99,1.8424997081093746,Maintain engagement / loyalty rewards,Higher plan cost,Premium,Medium,South America,35,0
7bb98f8f-da88-4641-9a18-990f20e1ec42,0.9961412990892452,High,13.99,167.23220129110248,Offer targeted discount / personalized content,Low engagement,Standard,Low,Asia,35,1
8639ee6f-b8d5-4f6a-949e-ede441e48612,0.9960260190277623,High,17.99,215.02209698771333,Offer targeted discount / personalized content,Higher plan cost,Premium,Medium,Oceania,59,1
4cac4adf-90cb-4cce-a753-7aee0a1c21ae,0.9961417918391721,High,17.99,215.04709002224047,Offer targeted discount / personalized content,Low engagement,Premium,Low,Oceania,27,1
ed8ebb86-abad-4cd8-b5b9-c5a6fb6abac7,0.9961409925781615,High,13.99,167.23214983402175,Offer targeted discount / personalized content,Low recent activity,Standard,Low,Africa,22,1
d9ebed4c-cdb4-468e-a1e1-9e2cf8ad491d,0.007621840656408613,Low,17.99,1.645402960905491,Maintain engagement / loyalty rewards,Higher plan cost,Premium,Medium,Europe,23,0
ad1bd590-72fa-472e-9a02-22ec6cd82e5f,0.99588404328879,High,8.99,107.43597058999467,Offer targeted discount / personalized content,Low recent activity,Basic,Low,South America,24,1
e68fd0c3-ad0e-46be-b2c8-233662c68310,0.9961349969937603,High,13.99,167.23114329531248,Offer targeted discount / personalized content,Higher plan cost,Standard,Medium,Africa,20,1
6b127fa4-cce8-4a17-8b7f-926b1d1edd42,0.007496311668588719,Low,17.99,1.6183037630149326,Maintain engagement / loyalty rewards,Higher plan cost,Premium,High,Asia,19,0
c8cfc65c-6035-46d5-8c9c-d7bb68bf9f20,0.9961414564285272,High,17.99,215.04701761379044,Offer targeted discount / personalized content,Low recent activity,Premium,Low,Asia,27,1
c0670d76-1e6f-4c29-b07e-c28c5ce90b62,0.007489504858229882,Low,13.99,1.2573380755996326,Maintain engagement / loyalty rewards,Higher plan cost,Standard,High,Europe,33,0
dca23069-4f5f-4525-9277-eadd2bc97e9c,0.9961419933486235,High,8.99,107.4637982424495,Offer targeted discount / personalized content,Stable usage,Basic,Medium,South America,21,1
8e164955-faf6-4390-8b3f-f65a067bdf27,0.007501777758344258,Low,13.99,1.2593984500708342,Maintain engagement / loyalty rewards,Higher plan cost,Standard,High,South America,61,0
8f0aadba-150a-48c7-a659-16e5cee03b2e,0.0074910189831815036,Low,8.99,0.8081311279056207,Maintain engagement / loyalty rewards,Stable usage,Basic,High,South America,67,0
9836211a-c1be-4ccd-b56c-fe50e8f975fd,0.9959330478307453,High,13.99,167.19724006982554,Offer targeted discount / personalized content,Low recent activity,Standard,Low,Africa,18,1
28f087f2-d7ca-4d0c-b8cc-17ac530ecd68,0.007503036968977967,Low,17.99,1.6197556208629633,Maintain engagement / loyalty rewards,Higher plan cost,Premium,High,Asia,25,0
b392aeef-57c0-4bfd-95a8-0d91d61a7493,0.9961352598061801,High,8.99,107.46307182789073,Offer targeted discount / personalized content,Stable usage,Basic,Low,Asia,48,1
be65e2d8-f330-4919-af85-108de70426dd,0.007733367464424204,Low,13.99,1.2982777299275352,Maintain engagement / loyalty rewards,Higher plan cost,Standard,Medium,North America,60,0
2b853bf7-98c9-4980-8425-80cf8a0b472b,0.009692820040221891,Low,8.99,1.0456614259391377,Maintain engagement / loyalty rewards,Stable usage,Basic,High,South America,50,0
48231d68-14ab-4cff-a17c-f9fb1022ba1a,0.9957605691263522,High,13.99,167.168284344932,Offer targeted discount / personalized content,Low recent activity,Standard,Medium,Africa,43,1
7501de45-fff5-4212-8179-1c1877baab45,0.007487038804075623,Low,13.99,1.2569240744282155,Maintain engagement / loyalty rewards,Higher plan cost,Standard,High,Asia,26,0
c8dd50f4-f755-486a-a904-024a1be2ba69,0.007488762340753996,Low,17.99,1.6166740141219724,Maintain engagement / loyalty rewards,Higher plan cost,Premium,High,Africa,25,0
f739acc1-b74a-4659-87ee-b634e946c9b5,0.9949747749929703,High,8.99,107.33787872624163,Offer targeted discount / personalized content,Stable usage,Basic,Medium,Oceania,26,1
5095a93a-4007-4f71-b9c0-063e9a8f41e5,0.008464217288067358,Low,13.99,1.420972798320748,Maintain engagement / loyalty rewards,Higher plan cost,Standard,Medium,North America,67,0
927b4844-c0e6-41ba-bb80-76019beb67c8,0.007488664184629725,Low,17.99,1.6166528241778648,Maintain engagement / loyalty rewards,Low recent activity,Premium,High,Asia,47,0
a4d87de9-69bf-459a-b5e9-95b76b21badb,0.007490627924973932,Low,17.99,1.6170767564433723,Maintain engagement / loyalty rewards,Low recent activity,Premium,High,Asia,33,0
625dc945-cbd7-42b5-9199-2f64f2abd664,0.99614158269098,High,13.99,167.23224890216173,Offer targeted discount / personalized content,Low engagement,Standard,Low,Africa,41,1
72adca9f-6269-4e59-a56b-cb03c699549c,0.0074898528832121865,Low,17.99,1.6169094404278466,Maintain engagement / loyalty rewards,Higher plan cost,Premium,High,Africa,47,0
fce4863c-99e6-4058-ab31-561b8607bbe4,0.007587364281903601,Low,8.99,0.8185248587317605,Maintain engagement / loyalty rewards,Stable usage,Basic,High,Europe,50,0
f6652572-c33f-4cf6-ba8e-db6ce43bf4b9,0.9959819634931188,High,17.99,215.01258627889447,Offer targeted discount / personalized content,Low recent activity,Premium,Low,Asia,56,1
b9380b2a-266e-4475-a158-19726cfc98f7,0.0075156442044825925,Low,8.99,0.810787696779582,Maintain engagement / loyalty rewards,Stable usage,Basic,High,North America,26,0
e9b2749d-d99a-4826-96f7-a9b971b69714,0.0074880224997628,Low,8.99,0.8078078672744109,Maintain engagement / loyalty rewards,Stable usage,Basic,High,Europe,24,0
c448fef8-33e2-4067-b717-ae7f77695a51,0.008175884012915512,Low,17.99,1.7650098407082004,Maintain engagement / loyalty rewards,Low engagement,Premium,Low,Africa,51,0
aed594ac-9218-427f-8d52-d137f7604c5f,0.007931162445751509,Low,17.99,1.7121793487888355,Maintain engagement / loyalty rewards,Higher plan cost,Premium,Medium,Asia,50,0
7370e647-9b05-42bd-8ede-b893eebcbafc,0.9961401523710102,High,8.99,107.46359963778458,Offer targeted discount / personalized content,Low recent activity,Basic,Low,North America,35,1
60d0282f-3849-479f-a487-9a3b59e0c727,0.9959303450576247,High,17.99,215.00144289103997,Offer targeted discount / personalized content,Low engagement,Premium,Low,North America,53,1
3f92d3cc-76cc-4fc6-a6fb-cfea5a0292be,0.007501962326435072,Low,13.99,1.25942943536192,Maintain engagement / loyalty rewards,Higher plan cost,Standard,High,Asia,32,0
c98b0d35-2af6-43a6-8589-e358859de87f,0.0075070100990445145,Low,8.99,0.8098562494849223,Maintain engagement / loyalty rewards,Low recent activity,Basic,High,Asia,34,0
052e5ea6-7c77-4cc2-9437-1baf5694adb5,0.007487106365209157,Low,13.99,1.2569354165913134,Maintain engagement / loyalty rewards,Higher plan cost,Standard,High,Oceania,69,0
2452bd61-488e-4fa5-a947-3329c9d4aac3,0.996141408684411,High,17.99,215.04700730679065,Offer targeted discount / personalized content,Low engagement,Premium,Low,Oceania,31,1
800c65d1-ea65-45d2-843e-b710461c44fd,0.010039935088181944,Low,17.99,2.1674211868367177,Maintain engagement / loyalty rewards,Low recent activity,Premium,Medium,Asia,58,0
00dda31e-daec-401f-af63-32a4bd2be0f9,0.9961390260194593,High,8.99,107.46347812697925,Offer targeted discount / personalized content,Low recent activity,Basic,Medium,South America,42,1
62d7e157-addd-463a-8fa3-07f8f309d8ca,0.9959848486762521,High,8.99,107.44684547519407,Offer targeted discount / personalized content,Low engagement,Basic,Low,Asia,35,1
134fda45-9bd5-42dd-8192-f1b24ff87fc8,0.007488315274181721,Low,17.99,1.6165775013903498,Maintain engagement / loyalty rewards,Higher plan cost,Premium,High,Europe,61,0
5df7e878-2b99-4215-813e-76ddff65867e,0.9961375958233794,High,13.99,167.23157958682893,Offer targeted discount / personalized content,Low engagement,Standard,Low,Europe,19,1
f6b53553-e1df-4c96-ab51-1b9f5d512011,0.9959205073333919,High,13.99,167.19513477112983,Offer targeted discount / personalized content,Low recent activity,Standard,Medium,Asia,65,1
4bcc6a9a-9a97-477c-9fef-531b6bee4626,0.9944845145165214,High,13.99,166.95406029703364,Offer targeted discount / personalized content,Higher plan cost,Standard,Medium,Africa,24,1
4b1239ba-6b62-4d21-a8a6-2b59b284a1b9,0.007487630573096103,Low,17.99,1.6164296881199864,Maintain engagement / loyalty rewards,Higher plan cost,Premium,High,Africa,25,0
10180c1a-d001-46c9-910a-1a232602a1e2,0.9719117907138323,High,8.99,104.84984398220823,Offer targeted discount / personalized content,Stable usage,Basic,Medium,South America,20,1
91d28d6e-d797-43b0-918a-180131e67a89,0.0074881456428806765,Low,13.99,1.257109890526808,Maintain engagement / loyalty rewards,Higher plan cost,Standard,Medium,Oceania,37,0
0e25484d-2192-4933-af25-8c1ce66ddef1,0.007488306653703543,Low,8.99,0.8078385218015383,Maintain engagement / loyalty rewards,Stable usage,Basic,High,Asia,30,0
b8109934-3350-4d7d-a4a2-4665cbbac2b0,0.007922682892356394,Low,13.99,1.3300600039687915,Maintain engagement / loyalty rewards,Higher plan cost,Standard,Medium,Africa,44,0
37efe8d4-f30b-4839-8707-67cfb77cc1ff,0.9959968074324397,High,8.99,107.4481355858116,Offer targeted discount / personalized content,Stable usage,Basic,Medium,South America,62,1
3127338f-47d9-4aa7-b9f6-79107e057b80,0.9957799557033745,High,8.99,107.42474162128005,Offer targeted discount / personalized content,Stable usage,Basic,Medium,South America,46,1
0a8aa6a2-ba3d-4042-b959-8cb224db42f2,0.0074930101828071015,Low,17.99,1.617591038264397,Maintain engagement / loyalty rewards,Low recent activity,Premium,Medium,South America,63,0
f267db4a-af7e-447d-b5b2-09798e3160a4,0.007868028530660601,Low,8.99,0.8488029178876657,Maintain engagement / loyalty rewards,Stable usage,Basic,High,North America,41,0
7e3de2a4-1eda-4822-9414-edf630b56ca0,0.9953383549220718,High,13.99,167.09740302431743,Offer targeted discount / personalized content,Low engagement,Standard,Low,Oceania,63,1
c08952b5-9e61-464b-8118-851535b2f0a0,0.2286264869664719,Low,8.99,24.66422541394299,Maintain engagement / loyalty rewards,Stable usage,Basic,High,North America,52,1
e183f03b-e7ec-425a-b5be-b5c7ee8010b2,0.007487570274311507,Low,17.99,1.616416670818368,Maintain engagement / loyalty rewards,Higher plan cost,Premium,High,Oceania,50,0
fa9e2423-d295-4fb8-af3c-4197ee5b7435,0.012328733536577707,Low,13.99,2.069747786120666,Maintain engagement / loyalty rewards,Low engagement,Standard,Low,North America,30,0
ed914a01-62e5-4b18-b4ad-1e9a28c3a68c,0.996139985834556,High,8.99,107.46358167183192,Offer targeted discount / personalized content,Low engagement,Basic,Low,Europe,50,1
53c0345a-7d19-48bd-b659-70d4a6781dfb,0.009302054239624555,Low,13.99,1.5616288657481703,Maintain engagement / loyalty rewards,Low recent activity,Standard,Low,North America,61,0
6d6a8d7b-f943-4279-ba4f-f2fcc8df2fc0,0.9961419352534113,High,8.99,107.46379197513801,Offer targeted discount / personalized content,Low engagement,Basic,Low,Oceania,30,1
783898c5-a397-44be-9556-e1fd61bf35e9,0.011806657571765276,Low,8.99,1.273702218842038,Maintain engagement / loyalty rewards,Stable usage,Basic,Medium,Europe,43,0
82dee3af-9f17-421c-8d3e-2177420183e1,0.9961278159002604,High,17.99,215.04407289654822,Offer targeted discount / personalized content,Low engagement,Premium,Low,Oceania,56,1
05aa98f7-b533-4184-9f57-bafe5be92e11,0.009058495307452575,Low,8.99,0.9772304737679838,Maintain engagement / loyalty rewards,Stable usage,Basic,Medium,Africa,35,0
a16eabd8-7500-401f-a09f-c196e8084525,0.007494093825115839,Low,13.99,1.258108471360447,Maintain engagement / loyalty rewards,Higher plan cost,Standard,High,Europe,61,0
125660b9-b996-4330-b1c1-c12ecf075f80,0.007538784168581105,Low,8.99,0.8132840361065296,Maintain engagement / loyalty rewards,Stable usage,Basic,High,Africa,40,0
c214433b-2cd5-42bb-8b59-657928b311a6,0.007637947612976365,Low,13.99,1.2822586452664722,Maintain engagement / loyalty rewards,Higher plan cost,Standard,Medium,North America,57,0
ff769f45-e8c0-4224-8fef-763d9b9cf9b6,0.008123427250324496,Low,13.99,1.3637609667844763,Maintain engagement / loyalty rewards,Higher plan cost,Standard,Medium,South America,19,0
7aaf4a07-bbee-41cc-b800-8084935b8b7c,0.007487833240095529,Low,17.99,1.6164734398718226,Maintain engagement / loyalty rewards,Higher plan cost,Premium,High,Asia,55,0
7cd4a8f6-a14a-4c46-9c67-d52b2279855e,0.9961422760268726,High,8.99,107.46382873777901,Offer targeted discount / personalized content,Low recent activity,Basic,Low,Asia,41,1
4231d1df-7cdf-491d-b0ca-794940a56bfd,0.007493898557883133,Low,13.99,1.2580756898974204,Maintain engagement / loyalty rewards,Higher plan cost,Standard,High,Asia,22,0
f1cfed63-b6f3-4af8-b406-dc92beac76ce,0.008066970422221247,Low,13.99,1.354282994482503,Maintain engagement / loyalty rewards,Low engagement,Standard,Low,Oceania,35,0
914a0ec2-9ccc-4c89-a18e-4a95f8f38049,0.9960997987418094,High,17.99,215.03802455238178,Offer targeted discount / personalized content,Low recent activity,Premium,Low,South America,35,1
c39ca4e9-d9f8-440e-a74b-56d91473dd2c,0.9961331310659318,High,17.99,215.04522033451337,Offer targeted discount / personalized content,Low recent activity,Premium,Medium,North America,70,1
edfd175f-6d64-4ba5-9c17-5ed2312cfb32,0.007488228169729595,Low,17.99,1.6165586972812251,Maintain engagement / loyalty rewards,Higher plan cost,Premium,High,South America,32,0
c251eb3b-1929-4c6a-a29e-7bb49e637a0a,0.9923443448964022,High,8.99,107.05410792742387,Offer targeted discount / personalized content,Stable usage,Basic,Medium,Asia,25,1
4c80103d-ac0a-4e95-a494-7ba0f6388867,0.995951562211984,High,8.99,107.44325453142883,Offer targeted discount / personalized content,Low engagement,Basic,Low,North America,49,1
ae7ea312-9fa1-40ef-a563-25d4efa57399,0.0083387056443807,Low,13.99,1.399901903578632,Maintain engagement / loyalty rewards,Low engagement,Standard,Low,Europe,49,0
9eec0f0f-8898-49ab-bdd4-59839a8a1d9d,0.9961379446243047,High,8.99,107.46336146607,Offer targeted discount / personalized content,Stable usage,Basic,Low,Africa,67,1
0b97eae3-769e-4f45-bdc7-47173286870f,0.9961403604732031,High,17.99,215.04678101895507,Offer targeted discount / personalized content,Low engagement,Premium,Low,Asia,39,1
97b3ebca-2895-42c0-8c95-d75f212b5efa,0.9961421154690573,High,8.99,107.4638114168019,Offer targeted discount / personalized content,Low engagement,Basic,Low,Oceania,34,1
72b5dad8-35cd-4e5b-b5f6-9fd189e46db5,0.9960528445384984,High,17.99,215.02788807897102,Offer targeted discount / personalized content,Low recent activity,Premium,Low,South America,27,1
bc0deac4-46d4-46a3-aa7f-7e4f7d0cd88c,0.9961420769632839,High,13.99,167.23233188059612,Offer targeted discount / personalized content,Low engagement,Standard,Low,Asia,53,1
33ce32b1-a79b-4b4f-8e3f-a73a326be03a,0.007487181119895485,Low,17.99,1.6163326601630372,Maintain engagement / loyalty rewards,Higher plan cost,Premium,Medium,Asia,31,0
0d5125bb-9a77-46fd-a008-e12965c68f6e,0.9961354717316819,High,8.99,107.46309469041384,Offer targeted discount / personalized content,Low recent activity,Basic,Medium,Oceania,46,1
7c554923-0fc8-4af4-9482-48ddaa9af4ce,0.007487135587893665,Low,13.99,1.2569403224955884,Maintain engagement / loyalty rewards,Higher plan cost,Standard,High,Africa,30,0
4aaa4b30-0995-42b2-86f8-acd420bd1f27,0.995993498880229,High,13.99,167.20738859201288,Offer targeted discount / personalized content,Low engagement,Standard,Low,Asia,65,1
0b4d9c35-a743-4c45-acac-1953cacbac29,0.008189613139797821,Low,13.99,1.3748722539092582,Maintain engagement / loyalty rewards,Low engagement,Standard,Low,Africa,64,0
6f2eb696-241e-4d07-b0dd-f8fa78955fc7,0.007487042115844268,Low,13.99,1.2569246304079358,Maintain engagement / loyalty rewards,Higher plan cost,Standard,High,Asia,38,0
37eab84e-f904-41ee-9fa0-9160d1a8ac85,0.007516967220059049,Low,8.99,0.8109304236999703,Maintain engagement / loyalty rewards,Stable usage,Basic,High,North America,56,0
07d39ac7-4f54-407c-9065-d2de9017092b,0.008422229815159497,Low,13.99,1.4139239413689764,Maintain engagement / loyalty rewards,Higher plan cost,Standard,Medium,South America,34,0
a816aad2-ddc6-4714-9013-8d76b4de89e5,0.007488287343043279,Low,8.99,0.807836438567509,Maintain engagement / loyalty rewards,Stable usage,Basic,High,Asia,35,0
4825a472-0710-4ab2-824d-2fdd30ed23ca,0.007487004727686504,Low,17.99,1.6162945806129625,Maintain engagement / loyalty rewards,Higher plan cost,Premium,High,Europe,27,0
934908b3-41b9-4415-bbad-0f3032a18506,0.9961414534968392,High,8.99,107.46374000323901,Offer targeted discount / personalized content,Low recent activity,Basic,Low,Asia,52,1
c52a8297-84ec-4e1f-8193-4ee88a0fc34e,0.011686450729724,Low,17.99,2.5228709835328167,Maintain engagement / loyalty rewards,Low recent activity,Premium,Medium,Africa,46,0
b2161461-eb4c-4473-a193-e167ba3c784c,0.9961414380674907,High,8.99,107.46373833872089,Offer targeted discount / personalized content,Low engagement,Basic,Low,Asia,56,1
c5fc233b-21e3-410c-85bf-742fca828d6a,0.007487440811183972,Low,17.99,1.616388722318396,Maintain engagement / loyalty rewards,Low recent activity,Premium,High,Asia,44,0
3ca556af-b4d6-4c39-bb53-f00960221cbf,0.007488090751584628,Low,8.99,0.8078152302809497,Maintain engagement / loyalty rewards,Stable usage,Basic,High,Asia,36,0
5a11d8d0-cb62-456e-939d-ae4a8cbdde5c,0.0074927208848275025,Low,13.99,1.2578779821448411,Maintain engagement / loyalty rewards,Higher plan cost,Standard,High,Asia,62,0
b7fd931c-d59d-466c-b104-dc8819641e5d,0.00749258230150041,Low,13.99,1.257854716775889,Maintain engagement / loyalty rewards,Higher plan cost,Standard,High,Europe,60,0
c175fd94-acfe-41f0-9c92-0f5e386499fe,0.9958391255233086,High,13.99,167.18147239285304,Offer targeted discount / personalized content,Low recent activity,Standard,Medium,Africa,21,1
0a762b77-7701-436c-a5e6-2b4a2cff7d03,0.9961412955936823,High,17.99,215.0469828927641,Offer targeted discount / personalized content,Low engagement,Premium,Low,North America,53,1
ffdf0f37-5ab0-4b5d-b33d-1a4a11e02c70,0.9961398126564859,High,8.99,107.4635629893817,Offer targeted discount / personalized content,Low engagement,Basic,Low,Oceania,70,1
d4b6b1c5-e809-4a36-9126-c485c93c2099,0.9961347162895879,High,17.99,215.0455625525962,Offer targeted discount / personalized content,Low engagement,Premium,Low,North America,32,1
fac8f5fe-151e-4991-98a9-7906520b9967,0.995787436600402,High,8.99,107.42554866045137,Offer targeted discount / personalized content,Low recent activity,Basic,Low,Asia,39,1
b794556e-1123-4c20-bc98-4ad400d68f76,0.9961419907190132,High,13.99,167.23231740190795,Offer targeted discount / personalized content,Low recent activity,Standard,Low,Oceania,35,1
abcdc4df-ade6-4dc0-a29f-26751510f091,0.9959307054767651,High,13.99,167.19684683543935,Offer targeted discount / personalized content,Low recent activity,Standard,Low,Asia,26,1
92a658bc-f2c1-4f19-ba0a-5f8627195a23,0.9961416812789334,High,13.99,167.23226545310735,Offer targeted discount / personalized content,Low engagement,Standard,Low,Africa,38,1
9176aa47-8f35-4b61-aa0c-7f5e82ef4315,0.9961418919881672,High,8.99,107.46378730768348,Offer targeted discount / personalized content,Low engagement,Basic,Low,Oceania,31,1
a74837e1-dc9c-4feb-a9f4-4091b15d15ea,0.995776943990829,High,17.99,214.96832666874016,Offer targeted discount / personalized content,Low engagement,Premium,Low,Europe,43,1
9e6a25d6-4014-4c58-a23f-6016815d6f31,0.007621456791388098,Low,8.99,0.8222027586549481,Maintain engagement / loyalty rewards,Stable usage,Basic,Medium,Oceania,62,0
c52e4d67-f98f-4f1e-83a0-ec401295cd65,0.009258781509757157,Low,13.99,1.5543642398580317,Maintain engagement / loyalty rewards,Low engagement,Standard,Low,Europe,28,0
6d40b2a3-6520-4f59-b076-276940e28dee,0.08660997573946687,Low,17.99,18.697361562636104,Maintain engagement / loyalty rewards,Higher plan cost,Premium,Medium,Africa,19,0
65c8b6a9-0386-40de-b313-0ccfd413fda0,0.007491929898182715,Low,17.99,1.6173578264196844,Maintain engagement / loyalty rewards,Higher plan cost,Premium,High,Oceania,34,0
eab869fb-6318-4e76-ad3d-453d4fd7a219,0.007516212026612901,Low,17.99,1.6225998523051928,Maintain engagement / loyalty rewards,Higher plan cost,Premium,Medium,North America,59,0
f30ef5c3-be17-4886-9bcf-a859532fbfef,0.9956558445336061,High,8.99,107.41135250828543,Offer targeted discount / personalized content,Stable usage,Basic,Medium,South America,27,1
086bac2e-0490-4c8b-8b1e-5b9813ef2e72,0.007899616038294177,Low,13.99,1.3261875405088264,Maintain engagement / loyalty rewards,Higher plan cost,Standard,Medium,Africa,65,0
13169809-d529-496b-a4f8-1d470a744300,0.9961421122937388,High,13.99,167.23233781187287,Offer targeted discount / personalized content,Low recent activity,Standard,Low,Europe,22,1
0a7127ae-3d90-4b6d-8249-484df4905aec,0.007489856066133846,Low,13.99,1.2573970363825502,Maintain engagement / loyalty rewards,Higher plan cost,Standard,High,Asia,51,0
d5dbc55b-8ef1-4988-a9b0-c45505ca2431,0.996142045224507,High,8.99,107.46380383881981,Offer targeted discount / personalized content,Stable usage,Basic,Low,North America,28,1
8afd45e9-d401-4a9b-b3c6-e20808c39073,0.007502204979939182,Low,8.99,0.809337873235839,Maintain engagement / loyalty rewards,Stable usage,Basic,High,Oceania,27,0
7d40c105-0ae1-4235-aab9-f8ec0122145d,0.007487701461676231,Low,17.99,1.6164449915466648,Maintain engagement / loyalty rewards,Higher plan cost,Premium,High,South America,60,0
4834dd77-26eb-49c2-9684-2ca5183ca4f0,0.008364513766721723,Low,13.99,1.4042345711572428,Maintain engagement / loyalty rewards,Low recent activity,Standard,Medium,Asia,47,0
a2a1697f-7d68-4c9a-bd9f-82c6958a0222,0.9961415302650944,High,17.99,215.04703355362858,Offer targeted discount / personalized content,Low recent activity,Premium,Low,South America,40,1
a7a9bf50-f432-4336-b5ce-f5fc967c388d,0.007487897033135953,Low,8.99,0.8077943319347065,Maintain engagement / loyalty rewards,Stable usage,Basic,High,Asia,45,0
4aa4cb4e-bb15-429c-88ae-00274c3fcebf,0.008031022336583543,Low,13.99,1.3482480298656452,Maintain engagement / loyalty rewards,Higher plan cost,Standard,Medium,Asia,64,0
938b3e5a-2269-45d3-9a05-b04df79d7719,0.9959948957867553,High,17.99,215.0153781024447,Offer targeted discount / personalized content,Low engagement,Premium,Low,South America,22,1
ea9ede30-ded4-475e-8bdb-6e6f74ef8557,0.9956130924895241,High,17.99,214.93295440663843,Offer targeted discount / personalized content,Low recent activity,Premium,Medium,Europe,55,1
16cf6caf-bc65-4ec7-bf7b-ed1944ac741d,0.007487581506005798,Low,13.99,1.2570151832282535,Maintain engagement / loyalty rewards,Higher plan cost,Standard,High,Africa,21,0
57b01680-4141-4474-a48b-e78a987b9d2f,0.9925276114741225,High,8.99,107.07387872582834,Offer targeted discount / personalized content,Stable usage,Basic,Medium,Europe,37,1
34c37623-852f-4ce4-92f1-f8c41322e3a3,0.9956583671604937,High,17.99,214.94272830260735,Offer targeted discount / personalized content,Higher plan cost,Premium,Medium,Oceania,21,1
1de748fc-27f6-4d04-95b1-43185506ff98,0.9961314968680692,High,17.99,215.04486754387875,Offer targeted discount / personalized content,Low recent activity,Premium,Medium,North America,32,1
f5463712-8752-4fb0-ae3f-30137078f44b,0.007488662327697534,Low,13.99,1.257196631573862,Maintain engagement / loyalty rewards,Higher plan cost,Standard,High,Oceania,37,0
c1d63ea1-39ef-402c-aaac-6086bd3e3368,0.007487682167578319,Low,13.99,1.2570320822930483,Maintain engagement / loyalty rewards,Higher plan cost,Standard,High,Europe,42,0
c3892ced-e6d1-4218-aa88-6ed1d835de10,0.007948441455216473,Low,8.99,0.8574778641887532,Maintain engagement / loyalty rewards,Stable usage,Basic,High,Africa,46,0
d7cbf38b-95b2-46b7-8ac3-50f4b316878c,0.007495717436025626,Low,17.99,1.6181754800892119,Maintain engagement / loyalty rewards,Higher plan cost,Premium,High,Oceania,59,0
7ae851ab-037f-41f3-b58a-a54190149ed0,0.9961419976734576,High,8.99,107.46379870901261,Offer targeted discount / personalized content,Low recent activity,Basic,Low,Oceania,24,1
692b797c-2e2c-4907-a81a-24f394f25810,0.9956369164350607,High,8.99,107.40931054501436,Offer targeted discount / personalized content,Stable usage,Basic,Medium,Oceania,30,1
b3d7df66-3750-4afa-afd1-d217ac259eff,0.009988852090325826,Low,13.99,1.6769284889238998,Maintain engagement / loyalty rewards,Higher plan cost,Standard,Medium,Asia,63,0
0ac9f17d-3658-4d74-9054-0f96a5460c54,0.996142080818446,High,17.99,215.04715240708612,Offer targeted discount / personalized content,Low recent activity,Premium,Low,Asia,51,1
32c2a5bc-7e17-4fe3-85f0-b00105dde7dc,0.9958785343377222,High,17.99,214.99025799282748,Offer targeted discount / personalized content,Low recent activity,Premium,Low,Africa,47,1
91898a2b-07f0-43d5-aecb-7933052c3f77,0.9959972763904134,High,13.99,167.20802276042258,Offer targeted discount / personalized content,Higher plan cost,Standard,Medium,Asia,32,1
d11573bf-f68b-4134-89ff-659630bb63f3,0.9961401439923904,High,17.99,215.0467342850772,Offer targeted discount / personalized content,Low engagement,Premium,Low,Asia,60,1
aeca46b3-2f4a-4f8a-941a-bcc7c536f372,0.996142038245595,High,17.99,215.047143216459,Offer targeted discount / personalized content,Low engagement,Premium,Low,Africa,40,1
c8117a2e-0ad2-4702-98d4-a91b9e29247c,0.996138869729158,High,8.99,107.46346126638156,Offer targeted discount / personalized content,Stable usage,Basic,Medium,Europe,46,1
12be3d4b-67ef-4665-a7bb-f889989afe1a,0.007497018625335444,Low,17.99,1.6184563808374157,Maintain engagement / loyalty rewards,Higher plan cost,Premium,High,North America,33,0
d14be48f-b54b-4b14-90b7-153e6c90a1ed,0.007729301564491869,Low,17.99,1.6686016217425048,Maintain engagement / loyalty rewards,Higher plan cost,Premium,Medium,North America,31,0
89f7d229-8ad2-4553-8582-066a2af2ebed,0.9961399705448397,High,8.99,107.4635800223773,Offer targeted discount / personalized content,Low recent activity,Basic,Medium,Africa,39,1
f4eaec8d-554b-40c5-9761-c74633a253b5,0.996134027890091,High,17.99,215.04541394091285,Offer targeted discount / personalized content,Low engagement,Premium,Low,Oceania,19,1
1d72e7f2-4e93-471d-8d46-772c2d538fdd,0.0075193255961189896,Low,17.99,1.6232720096901672,Maintain engagement / loyalty rewards,Higher plan cost,Premium,High,Oceania,25,0
e408ee62-5313-4e04-bcec-e23b5202a7ab,0.9961405411965016,High,8.99,107.4636415842786,Offer targeted discount / personalized content,Low recent activity,Basic,Medium,Europe,49,1
f1c83b47-42f3-43d3-8e18-4ea89c57773c,0.007824594850579498,Low,8.99,0.8441172924805163,Maintain engagement / loyalty rewards,Stable usage,Basic,High,North America,67,0
610d956e-f1f5-4b11-9d7c-441a37b21a17,0.9959513309618391,High,13.99,167.20030944187357,Offer targeted discount / personalized content,Low engagement,Standard,Low,Europe,55,1
f0c87ced-93a5-4494-a348-fcfcecb24541,0.9960540236822834,High,17.99,215.02814263253134,Offer targeted discount / personalized content,Low engagement,Premium,Low,Oceania,19,1
a32eee4c-69e9-41ee-a91d-f328cb381b15,0.008264500356522314,Low,17.99,1.7841403369660371,Maintain engagement / loyalty rewards,Low engagement,Premium,Low,Africa,59,0
a5e64288-3362-4735-be6e-a09c1c044761,0.00903213476681421,Low,8.99,0.974386698643917,Maintain engagement / loyalty rewards,Stable usage,Basic,High,North America,26,0
2fe53083-6764-4dc3-bbaa-a88e030e71e2,0.007489735024845167,Low,13.99,1.2573767159710065,Maintain engagement / loyalty rewards,Higher plan cost,Standard,High,Europe,58,0
44f7004f-4f0c-4ff0-848b-97da9a781eb0,0.9959336311835599,High,17.99,215.00215229990692,Offer targeted discount / personalized content,Higher plan cost,Premium,Medium,Oceania,18,1
50ebca29-2130-4894-9f3c-63f3f938f819,0.9960095553089907,High,8.99,107.44951082673391,Offer targeted discount / personalized content,Stable usage,Basic,Medium,North America,59,1
48486230-b6dd-4d6c-8d2a-0c8a2b7f2f39,0.008142297302586383,Low,17.99,1.7577591416823481,Maintain engagement / loyalty rewards,Higher plan cost,Premium,Medium,Asia,41,0
47ea998f-01f4-4e7e-8c55-0fa01baecd11,0.9960468187912417,High,8.99,107.45353081119916,Offer targeted discount / personalized content,Low engagement,Basic,Low,South America,28,1
5af2d5bd-47aa-435f-8ea9-f18bba61da3f,0.007497283822327247,Low,8.99,0.8088069787526635,Maintain engagement / loyalty rewards,Stable usage,Basic,High,South America,35,0
39218d93-3485-4f1a-b7db-f501deb29f04,0.996139718280572,High,13.99,167.23193590494245,Offer targeted discount / personalized content,Higher plan cost,Standard,Low,Asia,56,1
d763fc11-4943-4f8b-80c2-4de5ba439245,0.9961182838029824,High,17.99,215.0420151073878,Offer targeted discount / personalized content,Low engagement,Premium,Low,Africa,34,1
aacd3fe3-fdd1-415f-bdaf-a0d23aeb3c37,0.007949219882224908,Low,13.99,1.3345150338279177,Maintain engagement / loyalty rewards,Higher plan cost,Standard,Medium,Asia,41,0
26f6d31c-6d28-43f9-a56e-760eef8da91e,0.007490463630171982,Low,17.99,1.617041288481527,Maintain engagement / loyalty rewards,Higher plan cost,Premium,High,North America,43,0
1fc5bc15-e2ed-47e0-a8c3-78632ffeae19,0.007502039835679204,Low,13.99,1.2594424476138246,Maintain engagement / loyalty rewards,Higher plan cost,Standard,High,Africa,56,0
d9930885-add6-474c-91bd-a2f9d0d2629d,0.9961416434568295,High,17.99,215.04705798946037,Offer targeted discount / personalized content,Low recent activity,Premium,Low,Oceania,31,1
b0204082-d07f-4b31-858a-7ece1b76fb30,0.007509089199439439,Low,13.99,1.260625894801893,Maintain engagement / loyalty rewards,Higher plan cost,Standard,High,Africa,46,0
f10c6464-abf4-4120-a49d-2b80657f5324,0.007494565239840945,Low,17.99,1.617926743976863,Maintain engagement / loyalty rewards,Higher plan cost,Premium,High,Asia,45,0
23c526da-c76e-4a8c-82ea-838a7736f832,0.007514320955147588,Low,13.99,1.261504201950177,Maintain engagement / loyalty rewards,Low recent activity,Standard,High,Oceania,68,0
bf9a7e56-2737-4931-a68d-e0b9696b65d7,0.996141027025403,High,13.99,167.23215561702466,Offer targeted discount / personalized content,Low recent activity,Standard,Low,Europe,29,1
a88f8e6a-cf81-47eb-b982-5f73f413cf84,0.00748765215453154,Low,17.99,1.616434347120269,Maintain engagement / loyalty rewards,Higher plan cost,Premium,High,Europe,45,0
ee612990-fd6f-4b96-95c5-4c3d64a961a7,0.9959840788222429,High,8.99,107.44676242334359,Offer targeted discount / personalized content,Low engagement,Basic,Low,Oceania,64,1
70ef21fb-2720-408f-8d98-7070d307971b,0.9960043469864482,High,13.99,167.20920977208493,Offer targeted discount / personalized content,Low engagement,Standard,Low,South America,57,1
44e03489-87f8-4024-8ad0-24eb139168fe,0.9961330079496106,High,8.99,107.462828897604,Offer targeted discount / personalized content,Stable usage,Basic,Low,Asia,27,1
72556cf5-71a1-404b-bb96-e1d49e112ed3,0.007517467727426537,Low,17.99,1.6228709329968407,Maintain engagement / loyalty rewards,Higher plan cost,Premium,High,Oceania,30,0
94940860-8fc0-4fe9-a813-136e736dc785,0.009639589564452699,Low,13.99,1.618294296080319,Maintain engagement / loyalty rewards,Higher plan cost,Standard,Medium,South America,69,0
5d4f942c-5e0c-4e72-b7e5-c03cc4dc020c,0.9961415550075717,High,8.99,107.46375095421683,Offer targeted discount / personalized content,Stable usage,Basic,Low,Asia,33,1
6a1cf920-fbb2-4b70-881c-358c007bc43c,0.00754136016897171,Low,13.99,1.2660435451669707,Maintain engagement / loyalty rewards,Higher plan cost,Standard,High,Africa,66,0
8e64c096-6cc3-468e-b5bc-63c64e8ea64a,0.9961072799269024,High,17.99,215.0396395906197,Offer targeted discount / personalized content,Higher plan cost,Premium,Medium,Europe,24,1
c38f1921-4fc2-4350-a1e1-c0aaeedf1654,0.9961418554412648,High,8.99,107.46378336500365,Offer targeted discount / personalized content,Low recent activity,Basic,Low,Oceania,45,1
dcc0039c-307a-4d72-a67e-a69688d676db,0.00906396898923146,Low,17.99,1.9567296253952873,Maintain engagement / loyalty rewards,Low engagement,Premium,Low,Africa,19,0
6c89b2aa-65db-477b-8a60-5d8da393950f,0.007490427017795722,Low,17.99,1.6170333846017404,Maintain engagement / loyalty rewards,Higher plan cost,Premium,High,Europe,33,0
91c178ba-d603-4aa5-8a9f-f872b9e9ee38,0.00748769510219831,Low,13.99,1.2570342537570522,Maintain engagement / loyalty rewards,Higher plan cost,Standard,High,Africa,43,0
2a2087f5-d137-4320-a395-2352acab3eef,0.00749023646468463,Low,8.99,0.8080467098101778,Maintain engagement / loyalty rewards,Stable usage,Basic,High,Europe,19,0
e874713c-7349-4582-806f-1fb0d743ab6c,0.008762309323024284,Low,17.99,1.891607336654482,Maintain engagement / loyalty rewards,Higher plan cost,Premium,High,Africa,64,0
75bb1697-a008-4d94-9307-8652f6b88827,0.007703463291372448,Low,13.99,1.2932574173556066,Maintain engagement / loyalty rewards,Higher plan cost,Standard,Medium,Asia,42,0
f5edc841-bc01-4908-ae59-2051c2757a7b,0.007491657102245452,Low,17.99,1.617298935232748,Maintain engagement / loyalty rewards,Higher plan cost,Premium,High,Europe,63,0
95da76ce-dc72-4192-b15d-57b576909335,0.010277870672440173,Low,8.99,1.1087766881428458,Maintain engagement / loyalty rewards,Stable usage,Basic,Medium,North America,37,0
5152898c-b43a-4087-93bc-4ec283f379b2,0.011929242772930535,Low,8.99,1.286926710343746,Maintain engagement / loyalty rewards,Stable usage,Basic,Medium,Asia,60,0
eee51db1-409b-4642-becb-311ad53094a2,0.007488781259186965,Low,8.99,0.8078897222410899,Maintain engagement / loyalty rewards,Stable usage,Basic,High,Europe,64,0
c8363c4a-8478-4498-b1fb-f6c33222e11d,0.9961422984539876,High,8.99,107.46383115721618,Offer targeted discount / personalized content,Low recent activity,Basic,Low,South America,18,1
8ba829fb-fe7c-47f4-89db-241934a74db6,0.9961421856321013,High,13.99,167.23235012391717,Offer targeted discount / personalized content,Low recent activity,Standard,Low,South America,61,1
6bf1d15a-7ede-4fa1-8ac3-ca10566780ea,0.007507398439832923,Low,8.99,0.8098981436891757,Maintain engagement / loyalty rewards,Stable usage,Basic,High,Asia,70,0
c3f2e7fd-8b89-48a5-8327-6db568e73a64,0.9948140451092264,High,13.99,167.00938189293694,Offer targeted discount / personalized content,Higher plan cost,Standard,Medium,Asia,43,1
ad7ef66f-b1ff-4e88-a13a-3a031501a8cb,0.9961412675503898,High,8.99,107.46371994333605,Offer targeted discount / personalized content,Low engagement,Basic,Low,Europe,20,1
12ddaf98-d735-4343-954a-5269936b4d85,0.9961421450543284,High,8.99,107.46381460846095,Offer targeted discount / personalized content,Low recent activity,Basic,Low,South America,49,1
28028f3f-af46-4e13-b3cd-d32ab1279c48,0.99560856150235,High,8.99,107.40625161487351,Offer targeted discount / personalized content,Stable usage,Basic,Low,North America,40,1
ab76d3cc-b330-42c9-ad6b-28b5e707a64d,0.9959585738445116,High,8.99,107.44401094634591,Offer targeted discount / personalized content,Low engagement,Basic,Low,Africa,63,1
1adad285-b2b1-4090-84b5-21d9aa4d1922,0.9961412354612473,High,17.99,215.04696991137405,Offer targeted discount / personalized content,Low engagement,Premium,Low,Europe,30,1
76ee5c7f-f3c8-49ae-b448-a2510b0bd954,0.0074870631188446975,Low,17.99,1.6163071860961933,Maintain engagement / loyalty rewards,Higher plan cost,Premium,High,South America,53,0
23cfb542-2422-44ab-9acf-48096caccd3c,0.007489614726006624,Low,17.99,1.61685802705031,Maintain engagement / loyalty rewards,Higher plan cost,Premium,High,Oceania,18,0
c32bafe7-6744-4901-bf9a-fa83bda82088,0.995554442668767,High,13.99,167.1336798352326,Offer targeted discount / personalized content,Low engagement,Standard,Low,Africa,39,1
c18a0290-a6c6-4d07-9641-5255c31da967,0.9961330529604625,High,13.99,167.23081693100247,Offer targeted discount / personalized content,Low recent activity,Standard,Medium,North America,70,1
3ad7f42c-02c6-469e-915c-cc1d57bba996,0.00748739392594185,Low,17.99,1.6163786007323266,Maintain engagement / loyalty rewards,Higher plan cost,Premium,High,Europe,19,0
ce97c787-6a6c-4162-aeda-19b2f014d2ff,0.8363438051496154,High,8.99,90.2247696995405,Offer targeted discount / personalized content,Stable usage,Basic,Medium,Oceania,48,1
4f064243-4e60-4a9b-ab4e-b4b262969f53,0.007487019779357016,Low,17.99,1.6162978299675923,Maintain engagement / loyalty rewards,Higher plan cost,Premium,High,South America,26,0
87badf81-7a2d-4bbe-a869-321a3ca58275,0.007949430951133088,Low,13.99,1.3345504680762228,Maintain engagement / loyalty rewards,Low recent activity,Standard,Medium,Europe,48,0
3cd1c05f-5575-4a10-ac1f-b67337a7acaf,0.9961420196561965,High,17.99,215.0471392033797,Offer targeted discount / personalized content,Low engagement,Premium,Low,Asia,19,1
336a2ae7-f0bc-4aa5-8fc8-540c138b7d3c,0.00756616597699155,Low,8.99,0.8162379855978483,Maintain engagement / loyalty rewards,Stable usage,Basic,High,Africa,70,0
7e9ddb87-4b17-40c9-aa12-a070f3720693,0.008243645570232282,Low,13.99,1.3839432183305955,Maintain engagement / loyalty rewards,Higher plan cost,Standard,Medium,Asia,18,0
c1d1ae44-0bc9-49ee-b2ae-e2d6fb2bf599,0.9959721220022815,High,13.99,167.20379984174303,Offer targeted discount / personalized content,Low engagement,Standard,Low,North America,58,1
b819383f-8219-47be-a119-7c9225b5436c,0.007487537468660564,Low,17.99,1.6164095887344423,Maintain engagement / loyalty rewards,Low recent activity,Premium,High,Oceania,57,0
7c1dfa22-78a1-4be1-a9c9-929801f14b1c,0.9961421272573053,High,13.99,167.23234032395644,Offer targeted discount / personalized content,Low engagement,Standard,Low,Oceania,47,1
a7ffdf22-b673-4b5a-aed8-8c53ed42814d,0.007490156077574217,Low,17.99,1.616974894026722,Maintain engagement / loyalty rewards,Higher plan cost,Premium,High,Africa,22,0
958219d9-6c45-4863-ae79-e0580f7936a0,0.9959251654645472,High,17.99,215.00032472048642,Offer targeted discount / personalized content,Low recent activity,Premium,Low,North America,52,1
cdcea36d-e4be-42ff-8df1-f792147643fc,0.9961417268684978,High,13.99,167.2322731066834,Offer targeted discount / personalized content,Low recent activity,Standard,Low,Oceania,53,1
71243054-81b6-43a9-bea5-0bb0a0b2cf11,0.009720819783927009,Low,17.99,2.0985305749541627,Maintain engagement / loyalty rewards,Low engagement,Premium,Low,South America,34,0
f10cd6c5-f3ec-43e7-a296-ccfa7f15942e,0.9961422477753565,High,8.99,107.46382569000548,Offer targeted discount / personalized content,Low engagement,Basic,Low,North America,46,1
cde28795-9a83-4b21-85a4-2fdd628430a5,0.0074877182572681954,Low,17.99,1.6164486173790578,Maintain engagement / loyalty rewards,Higher plan cost,Premium,High,Africa,33,0
0d2e7cf3-53e8-4ff5-8385-3d2047301d5a,0.007724532210938502,Low,8.99,0.8333225349160457,Maintain engagement / loyalty rewards,Stable usage,Basic,High,Asia,59,0
5816a80b-d30e-4f74-b896-66982b245ac2,0.007510974767301029,Low,13.99,1.260942443934497,Maintain engagement / loyalty rewards,Higher plan cost,Standard,Medium,Europe,51,0
8b321e79-2eea-4412-8d82-1d3178d5bf05,0.9961421901176994,High,8.99,107.46381946989742,Offer targeted discount / personalized content,Low engagement,Basic,Low,Oceania,36,1
dfcfa9b7-1cf2-4fc2-a671-12b758a6d6fd,0.008297955601406568,Low,8.99,0.8951834502797407,Maintain engagement / loyalty rewards,Stable usage,Basic,High,Africa,31,0
e502bbd1-d79d-4705-b2f8-51d3d0da534a,0.007489819743322555,Low,17.99,1.616902286188473,Maintain engagement / loyalty rewards,Higher plan cost,Premium,High,Africa,22,0
126bb497-94e7-4c3e-b7e4-58f87b347217,0.9961352433770619,High,8.99,107.46307005551743,Offer targeted discount / personalized content,Low recent activity,Basic,Medium,Asia,27,1
783256b2-4209-4768-8239-6c32fd358074,0.9961413081385908,High,8.99,107.46372432199118,Offer targeted discount / personalized content,Low engagement,Basic,Low,Europe,26,1
399c1cff-c016-45b4-b2b0-984443300064,0.007489386422779869,Low,8.99,0.8079550072894923,Maintain engagement / loyalty rewards,Stable usage,Basic,High,Asia,54,0
728cb69b-4920-4d86-83ce-8c89da725583,0.0082886809260968,Low,17.99,1.7893604383257768,Maintain engagement / loyalty rewards,Higher plan cost,Premium,Medium,Africa,45,0
9347980b-009d-4c3f-99d8-e7c509a64747,0.9961344498333509,High,8.99,107.4629844480219,Offer targeted discount / personalized content,Low engagement,Basic,Low,Europe,44,1
1b8d684d-619c-41b0-9e21-ae96bf84dcf7,0.9961417857680177,High,13.99,167.23228299473482,Offer targeted discount / personalized content,Low recent activity,Standard,Low,South America,24,1
8f4a47f4-7b2a-4afc-b520-7b99b5ab2b37,0.9961410080851282,High,17.99,215.04692082541746,Offer targeted discount / personalized content,Low recent activity,Premium,Low,North America,64,1
96ff8ebe-a6e9-4cdc-ba8f-cd8ab503887e,0.9960463116849481,High,13.99,167.21625480566908,Offer targeted discount / personalized content,Higher plan cost,Standard,Low,Asia,41,1
6e4404fd-2f42-4a86-8d30-769a4f940474,0.007544312491706781,Low,17.99,1.62866618070966,Maintain engagement / loyalty rewards,Low engagement,Premium,Low,South America,42,0
aaddbc84-7ee8-4c0f-8e0c-16ca63dd7881,0.008195429224510367,Low,17.99,1.7692292609872977,Maintain engagement / loyalty rewards,Higher plan cost,Premium,Medium,Oceania,30,0
8dc81534-c8a1-4a55-8f4c-5e34ba2ae7bc,0.9961374006041854,High,13.99,167.23154681343067,Offer targeted discount / personalized content,Low recent activity,Standard,Medium,Asia,28,1
ba083146-d48c-4d1f-aca2-ca4bc5d6178a,0.0074934065321244385,Low,8.99,0.8083886966855844,Maintain engagement / loyalty rewards,Stable usage,Basic,High,Asia,24,0
f6f6624a-b2d0-4655-a972-f9bec17a6ee4,0.007489742916370688,Low,17.99,1.6168857007861042,Maintain engagement / loyalty rewards,Higher plan cost,Premium,High,Europe,23,0
458dc247-15ed-4e76-aa27-d2f194e47d2a,0.9961419932943386,High,8.99,107.46379823659325,Offer targeted discount / personalized content,Low recent activity,Basic,Low,Europe,30,1
c889501d-97d7-4383-9fcf-9c87840e4a43,0.9961240042067235,High,8.99,107.46185757382133,Offer targeted discount / personalized content,Low engagement,Basic,Low,North America,35,1
18fdd87e-1221-4b90-a8ac-c80d74f6511f,0.9959835653537,High,17.99,215.01293208855674,Offer targeted discount / personalized content,Low recent activity,Premium,Medium,South America,22,1
74e8480b-6d93-4e54-8298-026036832022,0.9961420003639851,High,8.99,107.46379899926671,Offer targeted discount / personalized content,Low engagement,Basic,Low,Africa,35,1
5f0daf72-991e-4edc-a8c2-c1a330351e9a,0.007496456403503828,Low,8.99,0.8087177168099929,Maintain engagement / loyalty rewards,Stable usage,Basic,High,Africa,35,0
ca75f885-2393-40f3-bd87-28f761ef8487,0.9961393184760213,High,8.99,107.46350967719317,Offer targeted discount / personalized content,Low engagement,Basic,Low,Oceania,22,1
2bcf8e3c-c68d-4343-9d6f-8a0d4406a4cb,0.0074887499418754945,Low,17.99,1.6166713374520816,Maintain engagement / loyalty rewards,Higher plan cost,Premium,High,Europe,43,0
984019b7-1f52-407c-a36f-8288f6a141a0,0.994108290327022,High,17.99,214.6080977157975,Offer targeted discount / personalized content,Low engagement,Premium,Low,Asia,33,1
6f60718e-5a94-4ed6-9350-982f44c4166c,0.0074930875679811,Low,17.99,1.6176077441757597,Maintain engagement / loyalty rewards,Higher plan cost,Premium,High,Europe,48,0
5d21578a-b614-4939-9ce3-0c2e84aed9a4,0.014966638874040067,Low,17.99,3.2309980001277694,Maintain engagement / loyalty rewards,Higher plan cost,Premium,Medium,Europe,68,0
9731c4f5-6e17-4efb-8757-47e7b6491b02,0.9960582916094822,High,13.99,167.21826599539986,Offer targeted discount / personalized content,Low engagement,Standard,Low,Oceania,58,1
0601af52-dab0-4113-9231-3a750db99347,0.995860355034214,High,8.99,107.43341510109101,Offer targeted discount / personalized content,Stable usage,Basic,Medium,Africa,49,1
bf7c20e7-a641-4744-b5f5-77726be8761b,0.9961415593120707,High,8.99,107.46375141858618,Offer targeted discount / personalized content,Low engagement,Basic,Low,North America,24,1
b1f58e6d-869a-4bcc-b8ef-85c692608b44,0.007509963530684102,Low,13.99,1.260772677531247,Maintain engagement / loyalty rewards,Higher plan cost,Standard,High,Africa,66,0
615bf370-1547-4522-bd9a-095ea804c262,0.9961382858301107,High,17.99,215.04633314500427,Offer targeted discount / personalized content,Low engagement,Premium,Low,South America,26,1
6b9ea7e4-5a75-4ad1-8e49-8b47731862a2,0.9958542875369959,High,8.99,107.43276053949113,Offer targeted discount / personalized content,Stable usage,Basic,Low,Africa,32,1
28e352ce-75b6-4fe3-8f57-ea1b0757ae28,0.9958642638309734,High,8.99,107.43383678208542,Offer targeted discount / personalized content,Low recent activity,Basic,Low,Asia,54,1
ca30626a-76d6-4200-a884-9883377bfbc5,0.9955906903413492,High,17.99,214.92811823089045,Offer targeted discount / personalized content,Low engagement,Premium,Low,Asia,45,1
5bf1d96e-c284-4dae-851a-3b2cc3922dc9,0.007506537139941075,Low,17.99,1.6205112377704793,Maintain engagement / loyalty rewards,Higher plan cost,Premium,High,South America,59,0
2dd034c1-08b9-4b8a-9121-5ee5b4ff187e,0.01361996339331199,Low,8.99,1.4693216508704974,Maintain engagement / loyalty rewards,Stable usage,Basic,Medium,South America,67,0
13b141f5-ad9b-49ea-9c0b-1fbbe042f285,0.007495432147133887,Low,8.99,0.8086072200328038,Maintain engagement / loyalty rewards,Stable usage,Basic,High,Africa,61,0
411b6bce-947c-4e94-a92c-f9709d42f9ea,0.9961412911256675,High,13.99,167.23219995417705,Offer targeted discount / personalized content,Low recent activity,Standard,Low,South America,22,1
7d2e8c99-eba5-41d7-8a5a-6f5d58fecaca,0.0075455195614716865,Low,8.99,0.8140106502915656,Maintain engagement / loyalty rewards,Stable usage,Basic,High,Africa,23,0
c9a12c20-e602-4d0f-b036-4877d4e55e9a,0.008148952223884863,Low,13.99,1.3680460993457908,Maintain engagement / loyalty rewards,Low recent activity,Standard,Medium,South America,61,0
df086863-9f4b-48ba-968b-0286614e5bd5,0.9961414789335219,High,13.99,167.23223148335964,Offer targeted discount / personalized content,Low engagement,Standard,Low,Africa,66,1
c9246e8b-545b-4719-88f1-ee69be75e652,0.00751130339601259,Low,13.99,1.2609976141225938,Maintain engagement / loyalty rewards,Higher plan cost,Standard,High,South America,39,0
1b5a59a3-7bd7-460a-8978-0a0d192fe774,0.9926462109666678,High,17.99,214.29246402348423,Offer targeted discount / personalized content,Low engagement,Premium,Low,Asia,68,1
f6cbd08c-12fa-4eba-b860-da3b6c21eb39,0.011169720786057399,Low,17.99,2.4113193232940713,Maintain engagement / loyalty rewards,Higher plan cost,Premium,Medium,Europe,52,0
8443f57d-34f9-495c-9471-eb212212192e,0.0078023675470965,Low,17.99,1.684375106067192,Maintain engagement / loyalty rewards,Low recent activity,Premium,High,Europe,21,0
d2a932ab-697b-4647-8f2c-dbc66caef165,0.995915335604592,High,13.99,167.19426654129893,Offer targeted discount / personalized content,Low recent activity,Standard,Medium,North America,53,1
e6c7d246-1773-48c1-ac58-689c3e68ac6b,0.9961420390814233,High,8.99,107.46380317610394,Offer targeted discount / personalized content,Low recent activity,Basic,Low,Asia,68,1
7a5a1c2d-4ddf-4ced-8b06-9fe87d4e0d77,0.9956694693238454,High,13.99,167.15299051008716,Offer targeted discount / personalized content,Low engagement,Standard,Low,Europe,46,1
eb1715dc-8db7-4781-a6fd-027e5f6bb5ac,0.9959330784611016,High,17.99,215.00203297818257,Offer targeted discount / personalized content,Low engagement,Premium,Low,Asia,20,1
c2e9b503-386d-42dc-bac7-6a297a98e82c,0.9961347538761588,High,8.99,107.46301724816001,Offer targeted discount / personalized content,Low recent activity,Basic,Medium,Europe,34,1
3589dd2e-c79a-4239-99fb-f35c8b19f77c,0.9961422521531365,High,8.99,107.46382616228036,Offer targeted discount / personalized content,Low engagement,Basic,Low,North America,31,1
d487b07d-0a2d-49c5-81f9-0ca3d4a25069,0.007820928854577868,Low,17.99,1.6883821211262702,Maintain engagement / loyalty rewards,Higher plan cost,Premium,Medium,South America,31,0
e1844a6b-1068-4951-83f9-eb207e5b60d3,0.9961420883988256,High,8.99,107.4638084964653,Offer targeted discount / personalized content,Stable usage,Basic,Low,Europe,24,1
181fd400-afb0-4208-9315-759de2eb87d9,0.007781516152361395,Low,8.99,0.8394699625167472,Maintain engagement / loyalty rewards,Stable usage,Basic,High,North America,66,0
996b6673-00fa-4bf0-b45d-74d98888f537,0.007885788827272217,Low,8.99,0.8507188986861267,Maintain engagement / loyalty rewards,Stable usage,Basic,High,North America,26,0
47610273-6edd-4a7b-a38e-8299b453981e,0.9961418124519554,High,13.99,167.23228747443426,Offer targeted discount / personalized content,Low recent activity,Standard,Low,Asia,53,1
01adeb52-273b-42eb-979a-3fb1a4440a75,0.007528573492937586,Low,8.99,0.8121825084181067,Maintain engagement / loyalty rewards,Stable usage,Basic,Medium,Oceania,32,0
1a3f4483-772d-43ea-a48a-605e0ebe7079,0.008170593799077443,Low,17.99,1.7638677893448385,Maintain engagement / loyalty rewards,Higher plan cost,Premium,Medium,South America,33,0
e473c69f-6859-4428-844e-93814aaf0186,0.007487002699562549,Low,17.99,1.616294142781563,Maintain engagement / loyalty rewards,Higher plan cost,Premium,High,Africa,49,0
5ee0ae54-f871-4dd1-9614-e4ca9f74659f,0.007486965665078224,Low,13.99,1.2569117958533322,Maintain engagement / loyalty rewards,Higher plan cost,Standard,High,Europe,46,0
a03ee82d-6ef9-4c38-976a-d121e6b7dea0,0.9961422331286036,High,8.99,107.46382410991376,Offer targeted discount / personalized content,Low recent activity,Basic,Low,South America,29,1
082c7632-daca-4f82-ba6e-dc1e7dca5624,0.010952386689500746,Low,8.99,1.1815434760633405,Maintain engagement / loyalty rewards,Stable usage,Basic,High,South America,69,0
da9c8b84-7d45-457f-9038-dfe4a87751a1,0.9961413122614229,High,8.99,107.46372476676231,Offer targeted discount / personalized content,Low recent activity,Basic,Low,Europe,54,1
1e2cf6c0-3fb4-49d5-8aeb-af2a4c886d64,0.9961401246359711,High,13.99,167.23200412388684,Offer targeted discount / personalized content,Low recent activity,Standard,Low,South America,59,1
b8004935-690f-401b-b365-33b40b1d5d4e,0.9961404638823339,High,17.99,215.04680334291822,Offer targeted discount / personalized content,Low engagement,Premium,Low,Asia,18,1
2de72af7-0363-4ede-bf96-c0003a896f72,0.007487514437744473,Low,17.99,1.6164046168202768,Maintain engagement / loyalty rewards,Higher plan cost,Premium,High,Asia,42,0
023674fd-9b81-45e5-8f9d-f8733d7d65d8,0.9959473847048106,High,13.99,167.1996469442436,Offer targeted discount / personalized content,Low recent activity,Standard,Low,South America,47,1
77a52f9c-7768-491c-9b1d-723ead182bdf,0.996139072264787,High,8.99,107.46348311592521,Offer targeted discount / personalized content,Low recent activity,Basic,Medium,North America,23,1
454fec46-8e0d-4393-8447-cd6a9e571728,0.007936205583189396,Low,13.99,1.3323301933058358,Maintain engagement / loyalty rewards,Low recent activity,Standard,Medium,South America,51,0
5cc8a992-4c30-43be-a159-973c513b4dd6,0.007495497403518866,Low,8.99,0.8086142598916153,Maintain engagement / loyalty rewards,Stable usage,Basic,High,Asia,30,0
1a0e524e-c388-4abf-af21-46baf2798e0a,0.007499598189822233,Low,8.99,0.8090566527180225,Maintain engagement / loyalty rewards,Stable usage,Basic,High,North America,65,0
2e4826ea-64a8-4eae-84f2-4e5e2c104656,0.007487062619451393,Low,17.99,1.6163070782871665,Maintain engagement / loyalty rewards,Higher plan cost,Premium,High,South America,70,0
f4c54bfe-7854-4c8c-ad84-b9710932a4af,0.007563297043970354,Low,8.99,0.8159284851035218,Maintain engagement / loyalty rewards,Stable usage,Basic,High,Asia,49,0
7108b055-a04f-4eb1-b937-acf3b9eacbfc,0.994212441268773,High,17.99,214.63058182110268,Offer targeted discount / personalized content,Low engagement,Premium,Low,Europe,37,1
72836765-0277-45c6-8517-86670c85cc1c,0.008151014341579735,Low,13.99,1.368392287664406,Maintain engagement / loyalty rewards,Higher plan cost,Standard,High,Asia,70,0
fa628a8c-2284-4cd4-b893-92f7667cd544,0.995869125107386,High,17.99,214.98822672818247,Offer targeted discount / personalized content,Higher plan cost,Premium,Medium,South America,26,1
bfc31455-3690-4b1c-8b1d-7c920788dacd,0.9961398235905545,High,17.99,215.0466651167289,Offer targeted discount / personalized content,Low engagement,Premium,Low,North America,64,1
838a0849-d3c0-459d-be8a-3062f5c3c0f4,0.99607705660998,High,17.99,215.03311498096247,Offer targeted discount / personalized content,Low recent activity,Premium,Medium,Oceania,43,1
9adb0b11-3199-438c-9b3c-59dee22c6b27,0.0074882980073918,Low,17.99,1.6165737738357415,Maintain engagement / loyalty rewards,Higher plan cost,Premium,High,North America,59,0
817458bd-a260-4430-b45e-f81d607fb449,0.9961163340193098,High,17.99,215.04159418808857,Offer targeted discount / personalized content,Low recent activity,Premium,Low,North America,60,1
219a55d5-2799-4e22-9e75-ef4fe26ed9cd,0.9960728548280121,High,8.99,107.45633957884596,Offer targeted discount / personalized content,Stable usage,Basic,Medium,Europe,60,1
6d10f486-9b5f-4cd3-b85b-fc27a5a5595d,0.9961419191281712,High,8.99,107.46379023554712,Offer targeted discount / personalized content,Low recent activity,Basic,Low,Europe,69,1
082fd087-4859-4b03-9ec1-f51050cd285b,0.008971125619894452,Low,17.99,1.936686598822814,Maintain engagement / loyalty rewards,Higher plan cost,Premium,Medium,Asia,42,0
c31a20bb-1b05-4448-801c-a8193f1b4f74,0.0074903729909297796,Low,17.99,1.6170217212819207,Maintain engagement / loyalty rewards,Higher plan cost,Premium,High,Africa,47,0
cbdd092b-08f0-4234-8418-feceb1f990d9,0.9959098389565355,High,17.99,214.9970160339369,Offer targeted discount / personalized content,Higher plan cost,Premium,Low,Oceania,54,1
74bab484-aac9-4a5c-8e3d-d2a4504a1eff,0.007489002692524995,Low,13.99,1.2572537720210961,Maintain engagement / loyalty rewards,Higher plan cost,Standard,High,Oceania,35,0
c3614ddf-ee73-496a-b1ea-3e27f6a5288a,0.00795428461800149,Low,17.99,1.7171709633341612,Maintain engagement / loyalty rewards,Low recent activity,Premium,Medium,Asia,50,0
26024fd4-7715-4460-ae23-4e78f477a652,0.007502273169061208,Low,17.99,1.6195907317369334,Maintain engagement / loyalty rewards,Higher plan cost,Premium,Medium,Oceania,69,0
c7cf1b97-cdd3-47cf-a147-a8ab731a5f19,0.007501636003060928,Low,8.99,0.809276492010213,Maintain engagement / loyalty rewards,Stable usage,Basic,High,Africa,25,0
6004fb8d-885f-4bdc-bcef-d671742ba6f6,0.9956633621634815,High,8.99,107.4121635101964,Offer targeted discount / personalized content,Low recent activity,Basic,Medium,Asia,51,1
19fc98f0-ad10-4ad2-9526-28254dca93e5,0.007575416851521732,Low,13.99,1.2717609810334682,Maintain engagement / loyalty rewards,Higher plan cost,Standard,High,Africa,23,0
80b1fe1e-8ef5-42af-ada7-af43d8993352,0.9960035723323817,High,17.99,215.0172511951145,Offer targeted discount / personalized content,Low recent activity,Premium,Low,Asia,39,1
c65be27e-f93b-4423-a704-e981640e344e,0.008039918329609635,Low,17.99,1.7356575689961278,Maintain engagement / loyalty rewards,Higher plan cost,Premium,Medium,Oceania,22,0
e2bcc0cf-556c-4c71-93b4-f4e99a0e9520,0.9961347581496925,High,17.99,215.04557158935563,Offer targeted discount / personalized content,Low recent activity,Premium,Medium,Asia,51,1
693dbaee-4cc2-4978-ab24-f5588acfe591,0.0074924935466641664,Low,8.99,0.8082902038141302,Maintain engagement / loyalty rewards,Stable usage,Basic,High,Europe,52,0
cc439399-1ef2-4143-8924-b9e36668bdea,0.0447806957461717,Low,13.99,7.517783201867305,Maintain engagement / loyalty rewards,Higher plan cost,Standard,Medium,North America,51,0
4b051c08-de8a-4d4e-a445-efb30be01528,0.9958465060251624,High,17.99,214.98334372071207,Offer targeted discount / personalized content,Low recent activity,Premium,Low,North America,68,1
d1be299e-4ffd-47bf-9976-93a9c9456ba0,0.9961354657752028,High,8.99,107.46309404782889,Offer targeted discount / personalized content,Low engagement,Basic,Low,North America,46,1
2f01c18c-8ac5-4b63-873e-fe10605673e3,0.9961414639468028,High,17.99,215.04701923683578,Offer targeted discount / personalized content,Low engagement,Premium,Low,Africa,55,1
ab672cb5-ca3c-4c41-8f60-05033fd5a24f,0.9961312391893781,High,13.99,167.2305124351128,Offer targeted discount / personalized content,Low recent activity,Standard,Medium,North America,70,1
5a322090-313f-4308-ab38-8fdf937cc37e,0.007488720948319279,Low,17.99,1.616665078323166,Maintain engagement / loyalty rewards,Higher plan cost,Premium,High,Europe,56,0
2b48ac28-5439-47a6-b935-4438f01794ee,0.33179253924003893,Low,13.99,55.701331487617736,Maintain engagement / loyalty rewards,Higher plan cost,Standard,Low,Oceania,24,0
612e9485-7864-4dcb-83be-bc58c403719e,0.9961401385557979,High,13.99,167.23200646074736,Offer targeted discount / personalized content,Low engagement,Standard,Low,Europe,68,1
f140d0f2-16e8-44d1-b48c-2d1cc316939e,0.007588920028650391,Low,8.99,0.8186926926908042,Maintain engagement / loyalty rewards,Stable usage,Basic,High,North America,59,0
1575ab22-bbac-4dc1-be66-e03431a9fc07,0.007492292708070514,Low,13.99,1.257806099830878,Maintain engagement / loyalty rewards,Higher plan cost,Standard,High,Oceania,28,0
3a68905f-037f-48eb-97b0-7e8c5a6f9c5a,0.9949755727621472,High,17.99,214.79532664789235,Offer targeted discount / personalized content,Higher plan cost,Premium,Medium,South America,36,1
6ed1be2a-984e-4fe7-becc-351b913eb571,0.9961357774228118,High,8.99,107.46312766837293,Offer targeted discount / personalized content,Low recent activity,Basic,Low,Oceania,31,1
79a31ced-93d3-4f11-a961-7ce4256ab073,0.007501220283910208,Low,13.99,1.2593048612628457,Maintain engagement / loyalty rewards,Higher plan cost,Standard,High,North America,18,0
1e0c89ad-a44c-479e-b2b5-eb8e35cc0f41,0.996141436225088,High,8.99,107.4637381399625,Offer targeted discount / personalized content,Low recent activity,Basic,Low,Europe,30,1
f4223a44-e729-4eb9-afca-28680c9cdb21,0.9927613800045071,High,8.99,107.09909767488622,Offer targeted discount / personalized content,Stable usage,Basic,Medium,Europe,58,1
96ba87e6-324e-4976-96e1-5359f74975f6,0.007491276023108539,Low,8.99,0.8081588573729492,Maintain engagement / loyalty rewards,Stable usage,Basic,High,Asia,24,0
4a019852-cd31-4f1a-ab65-fce6b1b4fa01,0.9960834555051962,High,17.99,215.03449637446175,Offer targeted discount / personalized content,Low recent activity,Premium,Low,Oceania,62,1
31832db0-5f36-4c75-9226-07c279e0f707,0.996032963182514,High,17.99,215.0235960918411,Offer targeted discount / personalized content,Low engagement,Premium,Low,Africa,35,1
9d3b9aa9-6ef6-40c3-990a-0b71d4e1cd32,0.007540912790994278,Low,8.99,0.8135136718924628,Maintain engagement / loyalty rewards,Stable usage,Basic,High,Asia,54,0
d62d3551-4902-442d-8c64-0d6877a35934,0.008458715422929386,Low,8.99,0.9125262198256223,Maintain engagement / loyalty rewards,Stable usage,Basic,Medium,South America,42,0
84e03006-c72a-4d1f-bd72-d59d7854660a,0.007487048847259861,Low,13.99,1.2569257604779853,Maintain engagement / loyalty rewards,Higher plan cost,Standard,High,North America,36,0
0ea4c14c-52be-4987-a6b8-396c00b47ee1,0.007507872197973102,Low,17.99,1.620799450098433,Maintain engagement / loyalty rewards,Higher plan cost,Premium,Medium,Oceania,47,0
d736a739-cc2b-4884-ae4b-72c68825f391,0.007613293072055422,Low,13.99,1.2781196409366642,Maintain engagement / loyalty rewards,Higher plan cost,Standard,High,South America,45,0
7fde535c-b503-4287-a277-ee12295cf580,0.00748711305576704,Low,17.99,1.6163179664789884,Maintain engagement / loyalty rewards,Higher plan cost,Premium,Medium,Europe,36,0
4ad47677-3633-4836-a9df-c0f173e50006,0.008220836827236053,Low,13.99,1.3801140865563886,Maintain engagement / loyalty rewards,Low recent activity,Standard,Medium,South America,23,0
8ad33487-24c0-448e-a75a-35ec18a47e30,0.007488171143339451,Low,13.99,1.257114171543827,Maintain engagement / loyalty rewards,Higher plan cost,Standard,High,North America,58,0
ac50dc85-d01d-4066-b80f-ef5f2d2af804,0.9954081437270796,High,13.99,167.1091191689021,Offer targeted discount / personalized content,Higher plan cost,Standard,Medium,South America,27,1
d25fa337-92ae-40f9-a2ab-8c6bc5cdf6ae,0.9959201971372673,High,17.99,214.99925215799323,Offer targeted discount / personalized content,Higher plan cost,Premium,Medium,North America,40,1
ca46ce36-fc9e-44f2-8389-482a3140e392,0.9959444814143262,High,13.99,167.1991595398371,Offer targeted discount / personalized content,Low recent activity,Standard,Low,Europe,47,1
1646d3ef-e240-4ca8-8594-d79116550b71,0.007818189517214217,Low,17.99,1.687790752976205,Maintain engagement / loyalty rewards,Higher plan cost,Premium,Medium,South America,57,0
0d95ff72-e987-4197-b250-afc7e62d2dee,0.9958986742952136,High,13.99,167.19146944068046,Offer targeted discount / personalized content,Higher plan cost,Standard,Medium,South America,52,1
62b61c40-b80a-416a-9ccb-fe3c9e6d0a06,0.9960087875718081,High,13.99,167.20995525755515,Offer targeted discount / personalized content,Low engagement,Standard,Low,Oceania,25,1
4ef6fb81-a622-445f-8f85-597ecf5567be,0.007487664366694034,Low,17.99,1.6164369834819081,Maintain engagement / loyalty rewards,Higher plan cost,Premium,High,South America,32,0
056fe4f4-e919-4cfe-ba2f-fdec0661500d,0.9437730429946003,High,8.99,101.81423587825748,Offer targeted discount / personalized content,Stable usage,Basic,Medium,Oceania,32,1
ee07ca21-c2c4-44e6-9df9-1c15ec176c3a,0.017858499423241917,Low,13.99,2.998084883173853,Maintain engagement / loyalty rewards,Higher plan cost,Standard,Medium,Africa,44,0
6531fb78-bb8a-4beb-ab13-c3e8b856e3f6,0.9957599351658226,High,8.99,107.42258180568896,Offer targeted discount / personalized content,Stable usage,Basic,High,Asia,20,1
266c6b86-79e8-4fa9-a41c-be3d23ef2475,0.007487081019652503,Low,13.99,1.2569311615792622,Maintain engagement / loyalty rewards,Higher plan cost,Standard,High,Europe,51,0
4115cbbb-3de8-46ef-a43f-b338d350ad79,0.996141922197334,High,8.99,107.46379056664838,Offer targeted discount / personalized content,Low recent activity,Basic,Low,Africa,64,1
5381612f-764a-40ee-9b78-d63104e51f5f,0.9958628948391686,High,17.99,214.98688173787968,Offer targeted discount / personalized content,Low engagement,Premium,Low,North America,47,1
3988c64c-4754-489c-bf86-146be943c7b8,0.9961420155413366,High,8.99,107.4638006365994,Offer targeted discount / personalized content,Low recent activity,Basic,Low,North America,25,1
83d9f3d1-27b2-46d3-b2c5-6803bb220f4d,0.007487098627623326,Low,13.99,1.2569341176054039,Maintain engagement / loyalty rewards,Higher plan cost,Standard,High,Oceania,56,0
31fa49f8-825a-4ea0-8ac6-ea7101ad0bda,0.007487686210455207,Low,17.99,1.6164416991130701,Maintain engagement / loyalty rewards,Higher plan cost,Premium,High,South America,59,0
b0494b53-2f3c-46cc-b907-265ed1f3d345,0.007489510840644101,Low,13.99,1.2573390799273316,Maintain engagement / loyalty rewards,Higher plan cost,Standard,High,North America,45,0
a9815df5-69e5-4cb7-9cdd-e7e47b879875,0.9956160564010371,High,17.99,214.9335942558559,Offer targeted discount / personalized content,Higher plan cost,Premium,Medium,Oceania,68,1
8d1288c4-b29c-4cba-8c59-4bbf0db22487,0.9961370749715008,High,17.99,215.0460717448476,Offer targeted discount / personalized content,Low recent activity,Premium,Medium,South America,50,1
3a1bf4c6-39ee-430e-bdf0-74fd5f9615c2,0.9960539128640367,High,13.99,167.21753089161447,Offer targeted discount / personalized content,Low engagement,Standard,Low,Europe,20,1
ee78b050-dae3-4b93-ba7c-cc046f2e7003,0.9961421437465112,High,8.99,107.46381446737362,Offer targeted discount / personalized content,Low recent activity,Basic,Low,Africa,23,1
1d8fdb2f-7a27-4d1f-9dcf-fc324a029558,0.007728588771769826,Low,8.99,0.8337601566985289,Maintain engagement / loyalty rewards,Stable usage,Basic,High,North America,45,0
a58a4b83-c549-420b-acf2-e746ed63477a,0.9961411187768239,High,17.99,215.04694472154074,Offer targeted discount / personalized content,Low recent activity,Premium,Low,Oceania,19,1
7769cf6c-0c7c-4f5b-8807-03a2ccb516a7,0.008047954369737717,Low,13.99,1.3510905795915682,Maintain engagement / loyalty rewards,Low recent activity,Standard,Medium,Asia,34,0
32fb3202-3001-457c-b218-60b3e3bfe26b,0.9961411962589178,High,8.99,107.46371225241205,Offer targeted discount / personalized content,Stable usage,Basic,Medium,Europe,54,1
622065af-078b-407b-ac57-754272d9b7df,0.9961421178475394,High,13.99,167.2323387442449,Offer targeted discount / personalized content,Low recent activity,Standard,Low,Asia,47,1
0c18ab75-e044-4805-ac68-9828f50f3193,0.9938752289048365,High,8.99,107.21925969425376,Offer targeted discount / personalized content,Low recent activity,Basic,Medium,Africa,32,1
6c602423-7b4c-4b86-8505-32b042557344,0.9961047065863319,High,17.99,215.03908405785734,Offer targeted discount / personalized content,Low recent activity,Premium,Low,Europe,30,1
351a509c-28ab-4e97-8ac2-d8addfe48e93,0.0074905286294854505,Low,13.99,1.2575099463180175,Maintain engagement / loyalty rewards,Higher plan cost,Standard,High,Oceania,59,0
d9ac3ade-6c21-4bae-89bd-c2ad880d31f0,0.007820608819795728,Low,13.99,1.3129238086673067,Maintain engagement / loyalty rewards,Low recent activity,Standard,Medium,Asia,54,0
5c3ffb03-1eb8-4441-853f-e6aca2fdbc2b,0.9961400411067952,High,8.99,107.46358763460107,Offer targeted discount / personalized content,Low recent activity,Basic,Low,Europe,44,1
c836e596-7e8e-4be9-8413-4d75f8151709,0.996141642374802,High,13.99,167.23225892188177,Offer targeted discount / personalized content,Low engagement,Standard,Low,Europe,35,1
79aa6450-52e2-4c0e-9efe-969afaa8c252,0.007491627022689312,Low,17.99,1.6172924416581687,Maintain engagement / loyalty rewards,Higher plan cost,Premium,High,Europe,56,0
5913a03e-ba87-408c-b4fd-b0713609ab9f,0.9961410680041748,High,17.99,215.04693376074124,Offer targeted discount / personalized content,Low recent activity,Premium,Low,Europe,18,1
c004d46a-3676-4c1f-bd2a-b3ca2c55389d,0.007546707843757555,Low,13.99,1.2669413128100184,Maintain engagement / loyalty rewards,Higher plan cost,Standard,High,Oceania,63,0
4a3d750d-4fc6-43ce-9354-c086e2372d3e,0.9961067171884235,High,17.99,215.03951810663682,Offer targeted discount / personalized content,Low recent activity,Premium,Low,Europe,38,1
81703340-2d76-4363-953e-56bed0c5b93c,0.9961314984346623,High,13.99,167.2305559572111,Offer targeted discount / personalized content,Higher plan cost,Standard,Medium,Asia,39,1
feff7dcc-8b4d-4121-9638-e39edad5c67f,0.007490193246661457,Low,17.99,1.6169829180892752,Maintain engagement / loyalty rewards,Low recent activity,Premium,High,North America,52,0
56ba0529-b5aa-48e2-ba5b-154e594ce824,0.9960058559242956,High,17.99,215.01774417693693,Offer targeted discount / personalized content,Low recent activity,Premium,Low,Oceania,57,1
7f9e1a97-c9be-4712-a61b-aed1bbbf858e,0.010431497263142447,Low,13.99,1.7512397605363539,Maintain engagement / loyalty rewards,Higher plan cost,Standard,High,Africa,37,0
dc9be9a8-e518-4f3c-a023-bdbaeeb17b3c,0.012666336248916471,Low,13.99,2.1264245294680975,Maintain engagement / loyalty rewards,Low engagement,Standard,Low,South America,53,0
633ce2e6-3297-4e35-83ac-1eb8ebb10331,0.007679980561337394,Low,8.99,0.8285163029570781,Maintain engagement / loyalty rewards,Stable usage,Basic,High,North America,58,0
03d585d7-1c33-4d36-a7b1-f75db2ebff42,0.9961409943447865,High,13.99,167.23215013060278,Offer targeted discount / personalized content,Low recent activity,Standard,Low,South America,31,1
181b6713-b90e-4211-a3c5-0f763e890d58,0.00879627532238323,Low,17.99,1.8989399165960914,Maintain engagement / loyalty rewards,Low recent activity,Premium,Low,South America,38,0
fff878e7-afef-4b0f-9934-6f5b2819e20d,0.9961422298450227,High,8.99,107.46382375568105,Offer targeted discount / personalized content,Low engagement,Basic,Low,Oceania,58,1
e1a73fc5-3f78-481b-bc83-3e2938ba4129,0.013780784996580853,Low,8.99,1.4866710854311425,Maintain engagement / loyalty rewards,Low recent activity,Basic,Medium,North America,20,0
3d98a1f8-5893-42da-b18d-59e48283ec63,0.007700693760497751,Low,8.99,0.8307508428824975,Maintain engagement / loyalty rewards,Stable usage,Basic,High,Oceania,69,0
6d950e48-0e13-4e8f-a6d7-2c30b2ec6529,0.011707535926589924,Low,8.99,1.2630089757605212,Maintain engagement / loyalty rewards,Stable usage,Basic,Medium,Asia,55,0
887801e2-9db1-4956-a541-c39601fb5c06,0.9961417975181399,High,8.99,107.46377711625692,Offer targeted discount / personalized content,Low engagement,Basic,Low,Asia,21,1
f967ac11-3d04-4c44-a518-5e6f432cd0c0,0.04261164952359171,Low,13.99,7.153643722020577,Maintain engagement / loyalty rewards,Higher plan cost,Standard,Medium,Oceania,60,0
88ff87a0-d3a1-4609-9960-d505e81d2507,0.9961364291414025,High,13.99,167.23138372425868,Offer targeted discount / personalized content,Low engagement,Standard,Low,Africa,34,1
4ab6dc88-5117-45e9-8a50-d7ce2f48cc66,0.9961366517553666,High,17.99,215.04598038094855,Offer targeted discount / personalized content,Higher plan cost,Premium,Low,Asia,27,1
b084d328-0b3a-49bd-a03f-06d53bf89686,0.010910655968930242,Low,8.99,1.1770415659281945,Maintain engagement / loyalty rewards,Stable usage,Basic,Medium,North America,44,0
cbe73b6f-edfd-43a2-95aa-8821c564389e,0.007487915975891031,Low,17.99,1.6164913008753556,Maintain engagement / loyalty rewards,Higher plan cost,Premium,High,Europe,36,0
be92bfd0-a5a6-431a-b376-dd8207dd32d2,0.007495392173882343,Low,13.99,1.2583264381513677,Maintain engagement / loyalty rewards,Higher plan cost,Standard,High,South America,63,0
1b5358fa-03c3-4163-8dd5-c30b2460ca97,0.007493982499176419,Low,13.99,1.2580897819617372,Maintain engagement / loyalty rewards,Higher plan cost,Standard,High,North America,36,0
83662cbb-68d7-4d0a-bed6-73c0b4fb0206,0.007487470026987554,Low,13.99,1.2569964681306707,Maintain engagement / loyalty rewards,Higher plan cost,Standard,High,Oceania,34,0
5a10ba14-49e9-4305-84c4-39690a5750e2,0.9961412758431081,High,13.99,167.23219738854098,Offer targeted discount / personalized content,Low recent activity,Standard,Low,Asia,43,1
6d3f8263-b314-4d76-b2bf-0329597d963e,0.007494401337900428,Low,8.99,0.8084960163326982,Maintain engagement / loyalty rewards,Stable usage,Basic,High,Asia,42,0
a34e8ef9-faa1-42a4-8db2-d0402e6f09ee,0.007487071898775596,Low,17.99,1.6163090815076757,Maintain engagement / loyalty rewards,Higher plan cost,Premium,High,South America,46,0
b33d87e2-8e21-405e-95e0-b357f02a0af5,0.007688053073648062,Low,8.99,0.8293871655851528,Maintain engagement / loyalty rewards,Stable usage,Basic,High,North America,37,0
651e01c7-45b6-44ef-a851-16dd82b0d92f,0.9961312871109348,High,8.99,107.46264325352766,Offer targeted discount / personalized content,Stable usage,Basic,Medium,Asia,58,1
eb9340bf-76e0-4abc-a037-897ab16a9321,0.9961419409519531,High,8.99,107.46379258989671,Offer targeted discount / personalized content,Stable usage,Basic,Medium,Asia,19,1
13d9a2c4-6246-4b31-9c92-2dd0a8ab193b,0.007490271504453508,Low,13.99,1.257466780167655,Maintain engagement / loyalty rewards,Low recent activity,Standard,Medium,Oceania,53,0
ea772153-fc26-4ae7-9a01-f0c441d77bac,0.996139010585361,High,13.99,167.2318170970704,Offer targeted discount / personalized content,Low engagement,Standard,Low,South America,61,1
a856148d-f351-4167-97b3-f542c4b0055b,0.9961394360703324,High,17.99,215.04658145886336,Offer targeted discount / personalized content,Low recent activity,Premium,Medium,Africa,37,1
41c3b640-f804-4274-8b9b-10c9ad380348,0.9960888718987274,High,13.99,167.22339981435837,Offer targeted discount / personalized content,Low engagement,Standard,Low,Africa,56,1
470957a2-9765-4376-bd45-7b0c8ae3fdac,0.007488376843110195,Low,13.99,1.2571487044213396,Maintain engagement / loyalty rewards,Higher plan cost,Standard,High,South America,65,0
01bf79df-d2f3-4bf8-b63c-1e8031b22ac3,0.007971326714636833,Low,17.99,1.7208500111557994,Maintain engagement / loyalty rewards,Higher plan cost,Premium,Medium,Asia,33,0
c2a427a1-f7a0-4e27-aa4b-00a947a019fb,0.99582244520668,High,13.99,167.17867210129742,Offer targeted discount / personalized content,Low recent activity,Standard,Medium,North America,36,1
dc9c76a8-0447-4ba5-ae03-cf1babba783b,0.008144332459152744,Low,13.99,1.3672705332425628,Maintain engagement / loyalty rewards,Higher plan cost,Standard,Medium,Europe,65,0
e75da4f2-0792-4146-9a51-f4a49af1275b,0.0074970393141320256,Low,13.99,1.2586029600564845,Maintain engagement / loyalty rewards,Higher plan cost,Standard,High,South America,44,0
611b8c45-f9dd-4635-a726-f2fab2ab0c7e,0.007487826799401966,Low,13.99,1.2570563630836022,Maintain engagement / loyalty rewards,Higher plan cost,Standard,High,North America,36,0
6f8f6066-8b9d-4d86-9706-fd94c6d87f8c,0.9961235347769335,High,8.99,107.4618069317356,Offer targeted discount / personalized content,Low engagement,Basic,Low,South America,38,1
0ef46415-fdcc-428b-8f0d-068a9412db6a,0.9961417151370748,High,8.99,107.46376822898765,Offer targeted discount / personalized content,Low engagement,Basic,Low,Asia,44,1
79ffa97f-3b33-4795-9d8b-98cb819d9a5c,0.0074884406395564155,Low,17.99,1.6166045652674388,Maintain engagement / loyalty rewards,Higher plan cost,Premium,High,Asia,20,0
e3c31b2e-94eb-419b-8212-3536e2385d2c,0.012582255095320155,Low,8.99,1.3573736796831384,Maintain engagement / loyalty rewards,Stable usage,Basic,Medium,Asia,31,0
d8a1b0e1-30c5-404c-aaef-ee2f91090379,0.9961420975606959,High,17.99,215.04715602140303,Offer targeted discount / personalized content,Low engagement,Premium,Low,Oceania,33,1
3305c5ff-0c1d-4454-a4d1-dea0e3978975,0.007488637895786821,Low,17.99,1.6166471489424588,Maintain engagement / loyalty rewards,Higher plan cost,Premium,High,Africa,50,0
13869085-2e02-4a17-add2-47d51472d671,0.007940590288466031,Low,17.99,1.7142146314740467,Maintain engagement / loyalty rewards,Low recent activity,Premium,Medium,Asia,64,0
e4103b71-a2ba-4c11-82f8-9bff9aba5a4b,0.007490398962954918,Low,17.99,1.6170273281227074,Maintain engagement / loyalty rewards,Higher plan cost,Premium,High,Asia,40,0
e160466a-f14f-4ad4-b190-ab9ffd5c2a27,0.9961417790570899,High,8.99,107.46377512467888,Offer targeted discount / personalized content,Low engagement,Basic,Low,North America,67,1
f6c82890-a67e-4c6c-bc25-c0942e667b1a,0.009754514329060372,Low,13.99,1.6375878655626552,Maintain engagement / loyalty rewards,Higher plan cost,Standard,High,Africa,61,0
c8c6df6c-920d-4f3c-80b1-8607d13c62dd,0.9961329402535821,High,13.99,167.23079800977138,Offer targeted discount / personalized content,Low engagement,Standard,Low,North America,67,1
45b3fb12-d487-41cf-a511-6bb224c2848d,0.9961376424906332,High,8.99,107.4633288718895,Offer targeted discount / personalized content,Low recent activity,Basic,Low,South America,53,1
284b8e48-b6ef-4947-a69b-4934f8509b51,0.007984011696050173,Low,17.99,1.7235884449433112,Maintain engagement / loyalty rewards,Higher plan cost,Premium,Medium,Asia,32,0
02cc8f8c-5d42-4c4b-bacb-177a896e51b7,0.008726478527495592,Low,13.99,1.46500121519596,Maintain engagement / loyalty rewards,Higher plan cost,Standard,Medium,Europe,31,0
84057a35-72ad-4922-8c79-4bdd241b83c3,0.9959077458686041,High,17.99,214.99656417811423,Offer targeted discount / personalized content,Low recent activity,Premium,Low,North America,69,1
36562aee-2f47-41c0-8455-e0ad53858c3c,0.0075419528241866705,Low,8.99,0.813625870673258,Maintain engagement / loyalty rewards,Stable usage,Basic,High,Africa,55,0
ad57c204-f497-4f4b-88fb-03a6ed249a42,0.007546673088438048,Low,17.99,1.6291757863320058,Maintain engagement / loyalty rewards,Higher plan cost,Premium,Medium,Europe,70,0
37e9a389-655c-4b71-a5f8-ceb53a4b0728,0.00749138510677339,Low,13.99,1.2576537317251169,Maintain engagement / loyalty rewards,Higher plan cost,Standard,High,Africa,70,0
f812b295-fffc-4248-9068-a94a1f30bba7,0.995998479023753,High,13.99,167.20822465850767,Offer targeted discount / personalized content,Low recent activity,Standard,Low,North America,70,1
ed9483f7-d1bb-43ea-b042-737f411148e0,0.007488350450450952,Low,8.99,0.8078432465946487,Maintain engagement / loyalty rewards,Stable usage,Basic,High,South America,27,0
a6a03d8a-8c9b-4f3b-910d-4ee276cd1b8b,0.9961346148089731,High,8.99,107.46300224559201,Offer targeted discount / personalized content,Low recent activity,Basic,Low,South America,19,1
ac2992f2-0f0b-410e-acc3-cd2df1cc164d,0.007509010699105516,Low,8.99,0.810072074219503,Maintain engagement / loyalty rewards,Low recent activity,Basic,High,Europe,63,0
a885f06b-975d-4dc1-b097-fbeeb8a5ae05,0.9961414635028236,High,8.99,107.46374108268462,Offer targeted discount / personalized content,Low engagement,Basic,Low,Oceania,47,1
7fba5ae9-1913-4021-9975-c3b8982a0c16,0.007492092388055191,Low,17.99,1.6173929047333546,Maintain engagement / loyalty rewards,Higher plan cost,Premium,High,Europe,27,0
6631dbbb-dba7-4e36-98e1-ecd5867db158,0.007488460908729106,Low,8.99,0.8078551628336959,Maintain engagement / loyalty rewards,Stable usage,Basic,High,Europe,33,0
2cc8e207-22d5-4fb0-a161-45d411d07da6,0.008659863853071959,Low,17.99,1.8694914086011742,Maintain engagement / loyalty rewards,Low recent activity,Premium,Medium,Oceania,58,0
7d760c06-d947-48e0-8db5-f5329387d1ef,0.9951503828851447,High,17.99,214.83306465724502,Offer targeted discount / personalized content,Low engagement,Premium,Low,Europe,66,1
ecdc67bf-2219-48d4-ad54-61842802c67c,0.009499480368491697,Low,13.99,1.5947727642623861,Maintain engagement / loyalty rewards,Higher plan cost,Standard,High,Oceania,55,0
7b1a55cd-297f-4b7e-b881-1b5fd6f5ec61,0.9958520486389103,High,13.99,167.18364192550027,Offer targeted discount / personalized content,Higher plan cost,Standard,Medium,South America,30,1
bd92a3f0-63ff-4e60-8ebd-7789d7318af9,0.9961412603893093,High,13.99,167.23219479415724,Offer targeted discount / personalized content,Low engagement,Standard,Low,North America,70,1
7cdf9e69-0b07-42dc-8aa9-225c8cdf6904,0.0074872175768708775,Low,17.99,1.6163405304948848,Maintain engagement / loyalty rewards,Higher plan cost,Premium,High,North America,70,0
36d2ad86-3674-4aa9-86e0-b523c81990b6,0.007486986503628669,Low,17.99,1.6162906464033568,Maintain engagement / loyalty rewards,Higher plan cost,Premium,High,Oceania,33,0
10e56352-8dce-4ba9-a452-87405310c972,0.008087010267487142,Low,13.99,1.3576472837057416,Maintain engagement / loyalty rewards,Low recent activity,Standard,Medium,North America,57,0
fe446b20-d84d-4ee7-9de6-6bf726b339b4,0.995989253132597,High,17.99,215.01415996626503,Offer targeted discount / personalized content,Low recent activity,Premium,Medium,North America,54,1
8974f6aa-5a7b-4cef-9f38-b56ac2869ef4,0.9953980773870551,High,13.99,167.10742923173882,Offer targeted discount / personalized content,Higher plan cost,Standard,Medium,Africa,30,1
4c950183-7b4d-433d-94f0-7f415e89c36e,0.008178889898521056,Low,13.99,1.373072036163715,Maintain engagement / loyalty rewards,Higher plan cost,Standard,Medium,Europe,31,0
ef0c40a9-94e9-43d8-b0f5-0123e35c851c,0.9960474364010032,High,17.99,215.02672057024859,Offer targeted discount / personalized content,Low engagement,Premium,Low,South America,18,1
727a2bec-50ec-47ee-9905-3caf8cb2a987,0.995951473398096,High,17.99,215.00600407718096,Offer targeted discount / personalized content,Higher plan cost,Premium,Medium,South America,52,1
1f958ee1-08d0-46d2-8375-88bb42ff738a,0.007491050662876536,Low,17.99,1.6171680171017861,Maintain engagement / loyalty rewards,Higher plan cost,Premium,High,Asia,36,0
1d5bbdf1-b8eb-49c8-8502-6925c92285d6,0.007500020577631819,Low,13.99,1.2591034545728297,Maintain engagement / loyalty rewards,Higher plan cost,Standard,High,Oceania,49,0
ee8faa7f-a7e8-4a8b-8441-695a894635ec,0.9961420926306943,High,8.99,107.4638089529993,Offer targeted discount / personalized content,Low recent activity,Basic,Low,South America,49,1
33287cc9-f41f-40ae-ac5c-71754484e635,0.007671988188020932,Low,8.99,0.8276540857236981,Maintain engagement / loyalty rewards,Stable usage,Basic,High,Asia,40,0
e3a08f87-a693-47d8-a47e-cf071d5c1d71,0.9960829867165961,High,17.99,215.03439517237874,Offer targeted discount / personalized content,Higher plan cost,Premium,Medium,Asia,58,1
0b4eb218-348c-4c68-a3a5-08e7993b303a,0.007489106581501631,Low,13.99,1.2572712129024939,Maintain engagement / loyalty rewards,Higher plan cost,Standard,High,Asia,56,0
2146a842-093c-446d-a78d-86b66080475f,0.008700500381072531,Low,13.99,1.4606400039744565,Maintain engagement / loyalty rewards,Higher plan cost,Standard,Medium,Europe,20,0
e6dd515f-7399-4451-8a24-6e0ffda79f66,0.9956109078837037,High,13.99,167.14315921551616,Offer targeted discount / personalized content,Higher plan cost,Standard,Medium,South America,67,1
cc2d1c2c-57dd-420b-8937-6004c639af1d,0.9961418820972299,High,8.99,107.46378624064916,Offer targeted discount / personalized content,Stable usage,Basic,Medium,North America,18,1
a54a7593-d55e-4f30-b27b-56c9b17b6bb6,0.008336144599373376,Low,13.99,1.3994719553428023,Maintain engagement / loyalty rewards,Low recent activity,Standard,Low,Oceania,68,0
7fe742a0-9a13-4740-93f2-7de97369def0,0.007489937617658075,Low,17.99,1.6169277329000251,Maintain engagement / loyalty rewards,Higher plan cost,Premium,High,Oceania,57,0
7948427b-e1c2-40c2-8447-04791699eeb9,0.007508106808557041,Low,8.99,0.8099745625071336,Maintain engagement / loyalty rewards,Stable usage,Basic,High,Africa,23,0
c4694ef0-b6af-47a9-b7ae-f24ad7ecdb29,0.007894112784678286,Low,17.99,1.704181067956348,Maintain engagement / loyalty rewards,Higher plan cost,Premium,Medium,Africa,29,0
ed0d8d2e-659d-4a88-ba88-b42846c0e9c8,0.9961411872836342,High,13.99,167.23218252117653,Offer targeted discount / personalized content,Low recent activity,Standard,Low,Oceania,41,1
45e9c6d3-4c02-4437-9a89-b1e425b3809c,0.007597407893784644,Low,13.99,1.275452837208566,Maintain engagement / loyalty rewards,Higher plan cost,Standard,High,Oceania,37,0
7e2e2ab8-ef15-4a1d-ab31-70439070dcb2,0.008217603461555697,Low,17.99,1.7740162352806437,Maintain engagement / loyalty rewards,Low engagement,Premium,Low,Europe,45,0
ac363bfb-8031-4077-a271-465e28b18e97,0.9961419469266453,High,17.99,215.0471235025242,Offer targeted discount / personalized content,Low engagement,Premium,Low,Africa,47,1
e8a364a4-feae-43f7-805e-eca0a2ba8b9c,0.0074943466666114456,Low,17.99,1.6178795583880787,Maintain engagement / loyalty rewards,Higher plan cost,Premium,High,Oceania,55,0
1d57d21e-088d-4e30-9d26-a22f243d2cfd,0.00748952330690827,Low,8.99,0.8079697743492642,Maintain engagement / loyalty rewards,Stable usage,Basic,High,Asia,70,0
fddebef1-3eb1-4164-b39e-58708ccec633,0.9961414529522283,High,8.99,107.46373994448639,Offer targeted discount / personalized content,Low engagement,Basic,Low,South America,42,1
9b096c41-88cb-47f7-821a-51088e67fd01,0.008069383561471074,Low,13.99,1.354688112299764,Maintain engagement / loyalty rewards,Higher plan cost,Standard,High,Asia,33,0
586bee8a-9719-4537-ab4a-5ce2b2a584fa,0.009946674803295164,Low,8.99,1.0730472777794822,Maintain engagement / loyalty rewards,Stable usage,Basic,High,North America,57,0
1d2a4f65-52e7-4608-8b68-eb5bd4cdffe7,0.9961323795035455,High,13.99,167.23070387105523,Offer targeted discount / personalized content,Higher plan cost,Standard,Medium,North America,64,1
2dae5422-290c-43f5-86a0-1b32d4ac035b,0.9959937775114669,High,17.99,215.01513668917545,Offer targeted discount / personalized content,Low recent activity,Premium,Low,Europe,69,1
4524dbd8-5791-42d4-b071-f52c41ee1c6e,0.9959286534168748,High,8.99,107.44078313061246,Offer targeted discount / personalized content,Low engagement,Basic,Low,Africa,27,1
05c92d11-017e-4bc6-bb81-936a2547ed8a,0.9960901332502781,High,17.99,215.03593796607004,Offer targeted discount / personalized content,Higher plan cost,Premium,Medium,Oceania,39,1
44b4f479-0f54-4647-b5fc-eca9657724ce,0.9961400755045968,High,17.99,215.04671949993232,Offer targeted discount / personalized content,Low recent activity,Premium,Low,Africa,65,1
1b04627d-b81d-4bad-8343-ae22bd145828,0.007488028383775045,Low,8.99,0.8078085020416519,Maintain engagement / loyalty rewards,Stable usage,Basic,High,South America,39,0
b281af12-1392-4e70-9dc8-b394fe8de6a8,0.9961374357596657,High,13.99,167.2315527153327,Offer targeted discount / personalized content,Higher plan cost,Standard,Medium,Africa,52,1
08b88a8c-5cf1-4443-8735-cb68e6ec3769,0.00749893794981662,Low,8.99,0.808985426026217,Maintain engagement / loyalty rewards,Stable usage,Basic,High,Oceania,62,0
aac86e6a-dd8e-4a52-9ab0-b6f14fd2911f,0.9961419729986289,High,8.99,107.46379604709209,Offer targeted discount / personalized content,Low recent activity,Basic,Low,Europe,52,1
3e53a4a8-4033-4454-8c95-0b6be106de8d,0.992560042028591,High,13.99,166.63097985575988,Offer targeted discount / personalized content,Low engagement,Standard,Low,Europe,43,1
48b92021-3236-486c-8c47-9e0c6e6e6c4b,0.009221599596147222,Low,13.99,1.5481221402011958,Maintain engagement / loyalty rewards,Low engagement,Standard,Low,Asia,32,0
2d323e83-1795-4c77-91fa-cbc75c603296,0.007487047597948923,Low,17.99,1.6163038354452133,Maintain engagement / loyalty rewards,Higher plan cost,Premium,High,South America,18,0
adc7f84c-3aab-48f5-af7e-27358f82ac21,0.007650617641593793,Low,8.99,0.8253486311751383,Maintain engagement / loyalty rewards,Stable usage,Basic,High,North America,45,0
5c43c29c-5301-4c78-bde7-d3f55324e38e,0.007496018178890358,Low,8.99,0.8086704411386919,Maintain engagement / loyalty rewards,Stable usage,Basic,High,Asia,21,0
3b324e22-6303-4712-b779-d62414ac4ecc,0.9961412746438703,High,8.99,107.46372070858072,Offer targeted discount / personalized content,Low recent activity,Basic,Low,Asia,63,1
8bfa387d-bfd3-411f-ab70-4754993bc947,0.0074893379876223905,Low,17.99,1.6167982847679214,Maintain engagement / loyalty rewards,Higher plan cost,Premium,High,Africa,57,0
3937c4f3-e061-412e-881c-4abc32f985e0,0.007745523078903286,Low,13.99,1.3003184144862836,Maintain engagement / loyalty rewards,Higher plan cost,Standard,Medium,Europe,24,0
f2bd18f7-ed02-4f34-980e-1c7dba261108,0.007491517335367686,Low,17.99,1.617268762359176,Maintain engagement / loyalty rewards,Higher plan cost,Premium,High,Europe,56,0
2224d120-e062-49d2-bd41-26419d703ce9,0.08669058738727423,Low,17.99,18.71476400516476,Maintain engagement / loyalty rewards,Higher plan cost,Premium,Medium,Asia,39,0
fedb3f81-a21c-43fe-839b-fcb7c0252e68,0.007490013377726085,Low,8.99,0.80802264318909,Maintain engagement / loyalty rewards,Stable usage,Basic,High,Africa,66,0
74e01e40-d5a7-4efb-90fe-f1300408cb29,0.007804076720213911,Low,17.99,1.6847440823597792,Maintain engagement / loyalty rewards,Higher plan cost,Premium,Medium,Africa,38,0
048c60bd-5233-445a-83d5-f33e8e5ad0f1,0.007491342810935673,Low,8.99,0.8081660624437403,Maintain engagement / loyalty rewards,Stable usage,Basic,High,North America,49,0
b4ebf013-bb7d-4033-b06d-cd08a2026791,0.9948428573682946,High,8.99,107.3236474528916,Offer targeted discount / personalized content,Stable usage,Basic,High,Oceania,25,1
886e8d80-2dd5-42ef-82ce-513b690759b0,0.007487198514593295,Low,13.99,1.2569508866299222,Maintain engagement / loyalty rewards,Higher plan cost,Standard,High,South America,64,0
81882b96-2263-47c0-be9a-895d4c8983d3,0.007492268101955539,Low,17.99,1.6174308378501618,Maintain engagement / loyalty rewards,Higher plan cost,Premium,High,Oceania,70,0
acbfff21-46ea-4d22-9320-980af367bdc2,0.9958360620159852,High,13.99,167.18095809124358,Offer targeted discount / personalized content,Low recent activity,Standard,Medium,Africa,46,1
ce4f1f9b-06d3-4ed6-a75c-bc1d13e5cbec,0.9961421159019153,High,8.99,107.46381146349863,Offer targeted discount / personalized content,Low engagement,Basic,Low,Europe,62,1
6e006abe-2672-4309-9303-6ca60ffd2e60,0.9961422599823683,High,8.99,107.4638270068979,Offer targeted discount / personalized content,Low engagement,Basic,Low,South America,56,1
3cf2407f-5d20-4c4c-aa54-7f5ca07e0183,0.0075096249363202,Low,8.99,0.8101383381302232,Maintain engagement / loyalty rewards,Stable usage,Basic,High,Africa,66,0
ab212213-fe29-41ff-9baf-98537678d60c,0.9961398980100615,High,8.99,107.46357219732545,Offer targeted discount / personalized content,Stable usage,Basic,Medium,Europe,25,1
f8d78376-febd-4540-8d6a-81bbab8f3b57,0.007511648208113346,Low,8.99,0.8103566086912677,Maintain engagement / loyalty rewards,Stable usage,Basic,High,Oceania,45,0
3878e4e3-2960-4b36-b25c-f90ddd01b5d8,0.0074882475086236674,Low,13.99,1.2571269917477412,Maintain engagement / loyalty rewards,Higher plan cost,Standard,High,South America,29,0
47c7ceb4-e638-4732-abbf-708c055d13f5,0.007516747331872834,Low,17.99,1.622715414004707,Maintain engagement / loyalty rewards,Higher plan cost,Premium,High,Africa,68,0
8511ae79-b03f-432b-bac6-1933649f2b24,0.00748769621031409,Low,17.99,1.6164438578826057,Maintain engagement / loyalty rewards,Higher plan cost,Premium,High,Europe,56,0
18c6f3b7-bdb7-4860-b12f-d614adedd94e,0.007486987032175629,Low,17.99,1.6162907605060746,Maintain engagement / loyalty rewards,Higher plan cost,Premium,High,Africa,35,0
3396e8c6-d124-466a-976a-2282eb070659,0.0074870167479162445,Low,17.99,1.6162971755401587,Maintain engagement / loyalty rewards,Higher plan cost,Premium,High,Africa,51,0
2c7e4d20-2f73-49a5-82d4-3eea433b1dee,0.007502401681304649,Low,17.99,1.6196184749600473,Maintain engagement / loyalty rewards,Higher plan cost,Premium,High,North America,24,0
8ce3c8fd-8d0a-42cd-9ace-c79d8847f482,0.007487179108077691,Low,17.99,1.6163322258518118,Maintain engagement / loyalty rewards,Higher plan cost,Premium,High,North America,32,0
180983f8-9d3c-440f-b4cd-32012522ca03,0.007561503085966359,Low,8.99,0.8157349529140508,Maintain engagement / loyalty rewards,Stable usage,Basic,Medium,South America,38,0
49fa3709-598c-42ec-9f7f-3fe2952a7a9d,0.9961412553123035,High,13.99,167.2321939418295,Offer targeted discount / personalized content,Low recent activity,Standard,Low,South America,27,1
11b11026-73bb-42af-8a0f-092fac0012ee,0.9958672708876681,High,13.99,167.18619743662174,Offer targeted discount / personalized content,Higher plan cost,Standard,Medium,Asia,49,1
ab2a775f-9e55-4246-a6f8-6f9b9b933da5,0.010875926103064117,Low,17.99,2.347894927129482,Maintain engagement / loyalty rewards,Low recent activity,Premium,Medium,Oceania,47,0
9204fff6-14fd-45be-ab46-1cd5efe61aff,0.007520510434056956,Low,17.99,1.6235277925042157,Maintain engagement / loyalty rewards,Higher plan cost,Premium,Medium,Oceania,59,0
95718011-6fd5-45fc-a8f1-4edcd8cadcbf,0.9961413175257949,High,8.99,107.46372533468276,Offer targeted discount / personalized content,Low engagement,Basic,Low,Africa,64,1
080276bb-8ca9-4584-bd17-e42062a10a56,0.008521392259532114,Low,17.99,1.8395981609877925,Maintain engagement / loyalty rewards,Low engagement,Premium,Low,Asia,56,0
362cc198-e99a-4e0f-91b3-f0442b7d0177,0.014927067579322712,Low,17.99,3.2224553490241865,Maintain engagement / loyalty rewards,Higher plan cost,Premium,Medium,Europe,41,0
26b02b3c-52b1-4c5e-b5d7-62e599a4e310,0.9961420151874331,High,8.99,107.46380059842028,Offer targeted discount / personalized content,Low recent activity,Basic,Low,Africa,65,1
75019d85-6f3c-4332-a407-7ff4f9a5da92,0.0079430428616676,Low,17.99,1.714744092976801,Maintain engagement / loyalty rewards,Higher plan cost,Premium,Medium,Asia,59,0
038a3b7a-2156-496b-95dc-1a141efbf296,0.007487839313753898,Low,17.99,1.6164747510531914,Maintain engagement / loyalty rewards,Low recent activity,Premium,High,Oceania,64,0
bcf1e773-449b-4e76-878a-9e9620465707,0.9961378029460788,High,17.99,215.04622889999945,Offer targeted discount / personalized content,Higher plan cost,Premium,Medium,Europe,55,1
f621bd06-0cdf-4010-b39e-3ad5d697ba92,0.007489709566763601,Low,13.99,1.2573724420682733,Maintain engagement / loyalty rewards,Higher plan cost,Standard,High,South America,51,0
dfd041ff-d855-4c8e-81c1-57155d28c48f,0.9961418627897635,High,17.99,215.04710533905413,Offer targeted discount / personalized content,Low recent activity,Premium,Low,Oceania,54,1
b656e72d-28cd-4aec-bc48-4fd49b5fc7c8,0.007487019012609564,Low,13.99,1.2569207518368934,Maintain engagement / loyalty rewards,Higher plan cost,Standard,High,Oceania,21,0
e758dc19-126c-439f-bc98-4302726912cd,0.0077552423691216385,Low,8.99,0.8366355467808424,Maintain engagement / loyalty rewards,Stable usage,Basic,Medium,North America,22,0
f73da12b-b911-40cf-910e-202e6419d7e9,0.00749091819158026,Low,17.99,1.6171394191983466,Maintain engagement / loyalty rewards,Higher plan cost,Premium,High,South America,21,0
de0bbcd6-c19d-4e30-9cf2-b66bf2dc5ceb,0.0081381203961156,Low,13.99,1.366227652099887,Maintain engagement / loyalty rewards,Higher plan cost,Standard,Medium,Europe,49,0
a8df1927-7706-42ec-9dd9-99d18857cb02,0.9961409127648704,High,17.99,215.04690024768018,Offer targeted discount / personalized content,Low recent activity,Premium,Low,Europe,53,1
5253e4fd-15d7-42e6-b83c-4cffe2678758,0.007869799148741707,Low,13.99,1.3211818810907578,Maintain engagement / loyalty rewards,Higher plan cost,Standard,Medium,North America,33,0
e2204612-d947-4f10-8e02-a7e9aa6e4ee8,0.99614122258237,High,8.99,107.46371509218608,Offer targeted discount / personalized content,Low recent activity,Basic,Low,Africa,58,1
da651aa7-4e06-40d7-88dd-bc98395aaade,0.007487271635084296,Low,17.99,1.6163522005819977,Maintain engagement / loyalty rewards,Higher plan cost,Premium,Medium,Africa,43,0
b72187e9-7572-4cc6-b79c-5b07cea9e128,0.010451950288521717,Low,8.99,1.1275563971257228,Maintain engagement / loyalty rewards,Stable usage,Basic,Medium,South America,52,0
c079ea83-bb00-4217-86b6-cbb230f0e14f,0.008084635112284647,Low,13.99,1.3572485426503464,Maintain engagement / loyalty rewards,Higher plan cost,Standard,Medium,North America,33,0
f566b553-8b4f-48d7-90f0-0b21c62cfc5b,0.007487094187064997,Low,17.99,1.6163138931035914,Maintain engagement / loyalty rewards,Higher plan cost,Premium,High,South America,70,0
19841454-1c0f-4a76-bc4a-223be392e712,0.9960055795959747,High,13.99,167.20941670257224,Offer targeted discount / personalized content,Low engagement,Standard,Low,Asia,33,1
2b231ddf-e204-4577-ae91-f0da4cb5f261,0.8648521018858627,High,8.99,93.30024475144687,Offer targeted discount / personalized content,Stable usage,Basic,High,North America,52,1
dfa1b990-66dd-4237-afee-721ed2e9aab6,0.9954625681886295,High,13.99,167.11825594750712,Offer targeted discount / personalized content,Higher plan cost,Standard,Medium,Europe,49,1
6008bb17-f444-46ae-a8c5-b1890e810ca4,0.9961410806312289,High,8.99,107.46369977849696,Offer targeted discount / personalized content,Low recent activity,Basic,Medium,Asia,55,1
b3fe4f32-1641-4053-b26c-b5000c1d2a58,0.9961342062430253,High,8.99,107.46295816949757,Offer targeted discount / personalized content,Stable usage,Basic,Medium,Oceania,54,1
bd8e834a-51cf-4e23-8487-bf5892bce69b,0.007499224687357387,Low,8.99,0.8090163592721149,Maintain engagement / loyalty rewards,Stable usage,Basic,High,Europe,60,0
44a3736f-eb54-4b27-afb8-6f07d6c9c25b,0.9957410122892989,High,8.99,107.42054040576956,Offer targeted discount / personalized content,Low engagement,Basic,Low,Africa,47,1
18c7ffea-f407-4e12-a8ca-f4cf9bb2e4ab,0.9961408222766961,High,13.99,167.23212124381175,Offer targeted discount / personalized content,Low recent activity,Standard,Low,Africa,26,1
945a5f93-9c3b-4b1e-893a-bb486805d851,0.00958059281572558,Low,8.99,1.0335543529604756,Maintain engagement / loyalty rewards,Stable usage,Basic,High,North America,50,0
5862858f-d37e-4231-aaef-31db7463d60d,0.0075668408288671486,Low,8.99,0.816310788618188,Maintain engagement / loyalty rewards,Stable usage,Basic,High,Asia,44,0
1f8f36b8-2b12-423c-8d89-7b6421897c37,0.9961225289309923,High,13.99,167.229050156935,Offer targeted discount / personalized content,Higher plan cost,Standard,Medium,Europe,60,1
5caa5ca3-c54d-4b59-838f-e008e0cdc129,0.9961407924737372,High,17.99,215.04687427923034,Offer targeted discount / personalized content,Low engagement,Premium,Low,Europe,41,1
4efc58fd-c544-473c-8e01-cb331aa88456,0.007642822024979708,Low,8.99,0.8245076400548109,Maintain engagement / loyalty rewards,Stable usage,Basic,High,Europe,40,0
3cf735c4-c340-44e5-9fe5-b5aee7b4d3d9,0.9961420775794168,High,8.99,107.46380732926747,Offer targeted discount / personalized content,Low engagement,Basic,Low,Oceania,42,1
97a423c0-e104-4e03-8ba2-4083cba8d28a,0.9957215478142032,High,17.99,214.95636774213017,Offer targeted discount / personalized content,Higher plan cost,Premium,Medium,North America,34,1
82f9b433-0df6-4474-97b9-c478f3d5d7c8,0.9961287657508484,High,8.99,107.46237124920154,Offer targeted discount / personalized content,Low engagement,Basic,Low,Africa,24,1
e7e1eef2-2f92-487c-a5f3-d1cf791e3167,0.007489790203626734,Low,17.99,1.6168959091589392,Maintain engagement / loyalty rewards,Higher plan cost,Premium,High,Europe,24,0
3d0767c0-fa70-434f-ac4c-57f6ffa24e4c,0.008031831480484673,Low,13.99,1.3483838689437668,Maintain engagement / loyalty rewards,Low recent activity,Standard,Medium,Oceania,70,0
3bc53390-2e23-40a3-9ebd-f4eeb7367575,0.9961420099250858,High,8.99,107.46380003071826,Offer targeted discount / personalized content,Low recent activity,Basic,Low,North America,52,1
be1de62d-9b6f-4c09-9316-1212c248b4c6,0.007489756889363057,Low,17.99,1.6168887172756965,Maintain engagement / loyalty rewards,Higher plan cost,Premium,High,South America,36,0
1b68c20d-bee2-4f66-8701-67809addd9aa,0.9961418545671703,High,8.99,107.46378327070633,Offer targeted discount / personalized content,Low recent activity,Basic,Low,Africa,25,1
72a2c300-cc3d-4e71-81e6-85e4e309c680,0.007497861407470105,Low,8.99,0.808869288637875,Maintain engagement / loyalty rewards,Stable usage,Basic,High,Africa,38,0
322eef98-5dfd-41d1-b4f6-41f20f253632,0.007493175371894982,Low,17.99,1.6176266992846884,Maintain engagement / loyalty rewards,Higher plan cost,Premium,High,Europe,58,0
3cd2ff2c-063e-4384-a092-1f812a51a456,0.007493773615941735,Low,17.99,1.6177558482095016,Maintain engagement / loyalty rewards,Higher plan cost,Premium,High,Europe,19,0
439b60cc-9888-424f-98f0-d2ed345b5dd5,0.9959319902272046,High,8.99,107.44114310571084,Offer targeted discount / personalized content,Stable usage,Basic,Medium,South America,54,1
261ddbef-9b7a-4226-a1b6-631ae8dbf332,0.007494327564725449,Low,13.99,1.2581477115661084,Maintain engagement / loyalty rewards,Higher plan cost,Standard,Medium,Oceania,26,0
0451999d-c51d-4453-8015-9dc317341a30,0.007497484286884212,Low,17.99,1.6185569078525637,Maintain engagement / loyalty rewards,Higher plan cost,Premium,High,South America,23,0
6ed5f317-ba85-4aac-8f7b-0324686982f6,0.9961306514142418,High,8.99,107.46257467456842,Offer targeted discount / personalized content,Stable usage,Basic,Medium,Europe,25,1
0b811eb1-b4b7-4873-ab45-437e74f75a6c,0.05985089486389654,Low,8.99,6.4567145379171595,Maintain engagement / loyalty rewards,Low recent activity,Basic,High,Asia,18,1
d85b071c-30c4-4396-9b9d-14e3e60e724f,0.008307132769784058,Low,8.99,0.8961734832043042,Maintain engagement / loyalty rewards,Stable usage,Basic,High,South America,44,0
11c1de99-a041-4f28-9158-033c5e09ef50,0.007653270946092067,Low,8.99,0.8256348696644122,Maintain engagement / loyalty rewards,Stable usage,Basic,High,North America,56,0
125db7ff-b7e9-44a4-b29c-80b0cd45ea2e,0.0074915329249788665,Low,8.99,0.8081865719467201,Maintain engagement / loyalty rewards,Stable usage,Basic,High,Asia,63,0
f418494c-d6e3-4fca-bdb8-d08fb3b83a85,0.0075323898632522176,Low,13.99,1.2645376102427823,Maintain engagement / loyalty rewards,Higher plan cost,Standard,High,North America,70,0
886da80b-6c19-47ba-b070-c7630c5b4241,0.007604588184976453,Low,17.99,1.6416784973727165,Maintain engagement / loyalty rewards,Higher plan cost,Premium,High,Africa,53,0
922bce16-2ceb-44a4-96f4-fc49fb0e0ac2,0.9939071699616434,High,17.99,214.56467985131957,Offer targeted discount / personalized content,Higher plan cost,Premium,Medium,Asia,61,1
080dac1d-54e2-4664-af52-56eb42281c72,0.010717663413628125,Low,13.99,1.7992813338798896,Maintain engagement / loyalty rewards,Low engagement,Standard,Low,Africa,59,0
c185f0f8-0410-4e1c-bc87-40f90824bf1d,0.9161530727698226,High,8.99,98.83459349040847,Offer targeted discount / personalized content,Stable usage,Basic,Medium,Oceania,31,1
90695f65-6429-4f63-903f-843160038baa,0.007486983703047796,Low,17.99,1.616290041813958,Maintain engagement / loyalty rewards,Higher plan cost,Premium,High,Africa,44,0
4ce50867-9e68-4f77-857c-45d1b57260f3,0.9957476693878702,High,17.99,214.9620068674534,Offer targeted discount / personalized content,Higher plan cost,Premium,Medium,North America,18,1
2dd53c77-3646-42b0-825e-69f598e0dc00,0.9958397929243835,High,8.99,107.4311968606825,Offer targeted discount / personalized content,Low engagement,Basic,Low,Europe,64,1
c090572e-263a-422d-9829-d167bf0e98fa,0.9961421268412953,High,8.99,107.46381264363895,Offer targeted discount / personalized content,Low recent activity,Basic,Low,North America,59,1
aca733c9-cee7-40e5-acc5-0c0627834828,0.9961416057011359,High,13.99,167.2322527651067,Offer targeted discount / personalized content,Low engagement,Standard,Low,Europe,27,1
352b88dc-f431-41cc-ab32-20829a4e4e37,0.9957120203128854,High,13.99,167.16013397012722,Offer targeted discount / personalized content,Low recent activity,Standard,Medium,North America,36,1
24798db7-c1a2-4e80-9275-ae9b143dace7,0.9961320624553155,High,8.99,107.46272689767943,Offer targeted discount / personalized content,Stable usage,Basic,Medium,Europe,28,1
1531f56b-7a98-43de-9ee2-ca215bec697b,0.00748955907798661,Low,8.99,0.8079736333331955,Maintain engagement / loyalty rewards,Stable usage,Basic,High,South America,66,0
ad498abb-6c86-4ece-81b7-9588a0ff3eda,0.9959718494502567,High,17.99,215.0104028593214,Offer targeted discount / personalized content,Higher plan cost,Premium,Medium,South America,24,1
c5703e60-bad8-4b18-880d-7ed85d00462b,0.007487240750637604,Low,17.99,1.616345533247646,Maintain engagement / loyalty rewards,Higher plan cost,Premium,High,North America,66,0
ee43f918-a9d2-4a68-8b2a-5f4a25dee1f2,0.007488365450471971,Low,8.99,0.8078448647969162,Maintain engagement / loyalty rewards,Stable usage,Basic,High,Asia,60,0
12a181f8-58ca-45ab-968b-af28ef28b37b,0.9961396483179824,High,17.99,215.04662727888604,Offer targeted discount / personalized content,Low engagement,Premium,Low,Asia,45,1
0d13d747-9091-4ad1-af2f-752b753b78d5,0.9959428622683726,High,8.99,107.44231598151204,Offer targeted discount / personalized content,Low recent activity,Basic,Medium,South America,54,1
a985f355-5ac2-4b10-a656-ab62e4e279f3,0.009567550080401577,Low,8.99,1.0321473026737222,Maintain engagement / loyalty rewards,Stable usage,Basic,High,South America,33,0
4bcdf3d2-c743-46f8-9656-911dc92e6213,0.009315981522486055,Low,17.99,2.0111340910742896,Maintain engagement / loyalty rewards,Higher plan cost,Premium,Medium,Africa,69,0
aaafd476-ccb4-457e-a984-24abae7f34c8,0.9961382868930354,High,13.99,167.2316956036028,Offer targeted discount / personalized content,Low recent activity,Standard,Medium,North America,44,1
2d08c15f-c97d-4cf0-84fc-9127dcf6e9cb,0.01268412151344748,Low,8.99,1.3683630288707143,Maintain engagement / loyalty rewards,Stable usage,Basic,High,Europe,39,0
ee8b1fc7-9123-4e95-9df9-8bcb4c58bbb8,0.9961416255893883,High,17.99,215.04705413223712,Offer targeted discount / personalized content,Low recent activity,Premium,Low,Oceania,53,1
7829169d-75d6-4f04-bef9-7ae2fc256e33,0.9959745838805312,High,13.99,167.20421314186356,Offer targeted discount / personalized content,Low engagement,Standard,Low,Europe,33,1
177ad6c2-46ed-4fbb-a3f8-1dc137c45417,0.9961421126734005,High,8.99,107.46381111520644,Offer targeted discount / personalized content,Low engagement,Basic,Low,Oceania,36,1
cba44e85-c06e-4bbc-8c94-6ab64421e817,0.010493481685100562,Low,8.99,1.1320368041886486,Maintain engagement / loyalty rewards,Stable usage,Basic,High,Oceania,65,0
e1d31d7f-2cff-40bb-8a77-3da93095d5d4,0.007493341159734565,Low,17.99,1.617662489563498,Maintain engagement / loyalty rewards,Higher plan cost,Premium,High,Asia,23,0
3ca8ae59-19ce-4566-8ad0-922c03c652b2,0.008263985717689026,Low,17.99,1.7840292367347068,Maintain engagement / loyalty rewards,Higher plan cost,Premium,Medium,North America,22,0
e0f75dc5-79d3-466c-af2c-6cddc2518204,0.9961409685451482,High,13.99,167.2321457993595,Offer targeted discount / personalized content,Low recent activity,Standard,Low,North America,51,1
161b7568-fcb1-49a4-ab7e-97cc7be6a554,0.007493113397219278,Low,17.99,1.6176133201916976,Maintain engagement / loyalty rewards,Higher plan cost,Premium,High,Europe,69,0
e8f79144-74d8-4255-845a-4080948838c8,0.9961350602333539,High,8.99,107.4630502979742,Offer targeted discount / personalized content,Stable usage,Basic,Medium,South America,57,1
5f35fd9b-f8b6-4c0c-8ee5-824cec062f5a,0.9961382169410202,High,17.99,215.04631827322743,Offer targeted discount / personalized content,Low engagement,Premium,Low,North America,28,1
a2c2e9bb-e5dd-497c-aa8f-1a6354694023,0.9961288447996137,High,8.99,107.46237977698232,Offer targeted discount / personalized content,Low recent activity,Basic,Medium,Asia,65,1
2eb65cb4-3e68-4e6a-abb5-fb5988bcd903,0.9950146883869401,High,17.99,214.80377092897263,Offer targeted discount / personalized content,Higher plan cost,Premium,Low,Oceania,31,1
467d07a0-cee3-437e-99c0-24ad8b68fb34,0.9960871518387936,High,13.99,167.22311105069667,Offer targeted discount / personalized content,Higher plan cost,Standard,Medium,North America,54,1
bc17d830-baf7-4d14-b51e-b18ee693e4b9,0.995925148830068,High,8.99,107.44040505578774,Offer targeted discount / personalized content,Low recent activity,Basic,Medium,South America,46,1
4e449f48-1106-4a52-a52f-217f716f2987,0.9959201894472972,High,17.99,214.9992504978825,Offer targeted discount / personalized content,Low recent activity,Premium,Medium,Europe,39,1
c9b84086-70b7-4713-9370-09408b3c0173,0.9958672933605642,High,17.99,214.98783129067857,Offer targeted discount / personalized content,Higher plan cost,Premium,Medium,South America,29,1
055a3dec-4f91-4b6d-b8ac-cbfdce142525,0.9961280347583623,High,8.99,107.46229238973211,Offer targeted discount / personalized content,Stable usage,Basic,Medium,Europe,50,1
d00e3438-46da-4754-bb0d-637232738b44,0.9959294505646288,High,8.99,107.44086912691216,Offer targeted discount / personalized content,Low recent activity,Basic,Medium,Africa,54,1
658fa594-c797-41fb-b95f-7e27e0b3dcc8,0.9959093753132617,High,13.99,167.19326592759037,Offer targeted discount / personalized content,Low engagement,Standard,Low,Asia,32,1
e4dd7619-90ac-4b86-944a-f37209896674,0.9961377991911726,High,17.99,215.04622808939033,Offer targeted discount / personalized content,Low engagement,Premium,Low,Oceania,25,1
6fdb47dd-024c-459a-955a-eb58b4306458,0.9884453632350552,High,17.99,213.38558501518366,Offer targeted discount / personalized content,Higher plan cost,Premium,Medium,Europe,64,1
025012fa-15f3-4f23-8772-35803aa97fae,0.00888502232554364,Low,13.99,1.4916175480122664,Maintain engagement / loyalty rewards,Low engagement,Standard,Low,Europe,44,0
94da8854-45e5-453f-99ce-a98d248d8673,0.007878835614448357,Low,17.99,1.7008830324471111,Maintain engagement / loyalty rewards,Higher plan cost,Premium,Medium,Europe,44,0
6fbcc123-9037-4413-b11c-df0870f0f896,0.9961369668503579,High,8.99,107.46325598381662,Offer targeted discount / personalized content,Low recent activity,Basic,Low,Africa,18,1
85e00a43-2e79-4d0b-8231-6920229fb2f9,0.007514397916744761,Low,8.99,0.8106532472584248,Maintain engagement / loyalty rewards,Low recent activity,Basic,High,North America,38,0
4b4467e7-7863-4358-8c3e-2b5f347a1dfc,0.995471760513895,High,13.99,167.1197991550727,Offer targeted discount / personalized content,Low engagement,Standard,Low,Oceania,36,1
7608719d-77c5-43c9-88fd-918eaaf748ba,0.9961268145816298,High,8.99,107.46216075706621,Offer targeted discount / personalized content,Low engagement,Basic,Low,Africa,18,1
dbf86fb5-6f71-4453-95af-8dadc61159d6,0.010284701472114199,Low,8.99,1.1095135948116797,Maintain engagement / loyalty rewards,Stable usage,Basic,Medium,Oceania,21,0
921baddb-222c-49fe-94f2-cc54858a5de8,0.9961404073817224,High,13.99,167.23205159124356,Offer targeted discount / personalized content,Low engagement,Standard,Low,Africa,37,1
893fda9f-2a90-4011-ae1f-9e5ba9cf7d6c,0.9961412401115771,High,17.99,215.04697091528726,Offer targeted discount / personalized content,Low engagement,Premium,Low,South America,34,1
dbb8c947-e4f5-46a0-b002-a03a0e6d5ea4,0.9961410341390595,High,17.99,215.04692644994014,Offer targeted discount / personalized content,Low recent activity,Premium,Low,Europe,36,1
c8e2f96a-60f2-42b0-86f4-b7f16868f196,0.9961419259588951,High,8.99,107.4637909724456,Offer targeted discount / personalized content,Low recent activity,Basic,Low,North America,51,1
df15018a-f407-4f1b-8be5-8cfb76e94670,0.9958574062676208,High,8.99,107.43309698815094,Offer targeted discount / personalized content,Low recent activity,Basic,Low,Europe,54,1
b2f4e8db-e2b0-42f7-81aa-26e6239d7d25,0.996127799329531,High,17.99,215.04406931925914,Offer targeted discount / personalized content,Higher plan cost,Premium,Medium,Europe,37,1
e84d1748-a4af-4405-b3ae-53d2ca64cd15,0.9961392463743838,High,13.99,167.23185668133155,Offer targeted discount / personalized content,Low recent activity,Standard,Low,South America,20,1
9b1b8058-d053-4a3b-82e3-280336c2e162,0.01297690002994771,Low,8.99,1.399947975230759,Maintain engagement / loyalty rewards,Stable usage,Basic,Medium,Africa,20,0
d32c1ecf-9553-4e07-b563-9e800c42efe4,0.9961421391299627,High,13.99,167.23234231713815,Offer targeted discount / personalized content,Low engagement,Standard,Low,Asia,51,1
9904ca50-a24a-42c6-b4b0-5459488f77d9,0.9961406023394274,High,17.99,215.04683323303556,Offer targeted discount / personalized content,Low recent activity,Premium,Low,Oceania,39,1
04d2b903-4529-4255-8f4a-b4b688fcad51,0.007547708434217494,Low,17.99,1.6293992967788724,Maintain engagement / loyalty rewards,Higher plan cost,Premium,High,South America,52,0
8b51b646-9bd3-4bba-9258-43df68214950,0.9961352928304438,High,13.99,167.2311929603749,Offer targeted discount / personalized content,Low recent activity,Standard,Low,Europe,34,1
bb85954d-bb34-4a56-96e8-4a8829119bb7,0.007490606052006693,Low,13.99,1.2575229440108835,Maintain engagement / loyalty rewards,Higher plan cost,Standard,High,Oceania,35,0
2200c15c-d6fe-4aa0-879c-9e929c7aeb08,0.9961404792467118,High,17.99,215.04680665978015,Offer targeted discount / personalized content,Low recent activity,Premium,Low,Oceania,47,1
e1535564-40f4-4c87-8d67-95f407c4ded6,0.00748889802925425,Low,13.99,1.2572362011512035,Maintain engagement / loyalty rewards,Higher plan cost,Standard,High,Africa,42,0
b79ffb90-91f7-44dd-98fc-83d59992fc62,0.007500796599424956,Low,17.99,1.6192719698838594,Maintain engagement / loyalty rewards,Higher plan cost,Premium,Medium,Europe,34,0
546af1fb-d39f-4610-8236-c4cd162d3c0c,0.007496170714355059,Low,17.99,1.6182733338149702,Maintain engagement / loyalty rewards,Low recent activity,Premium,High,Oceania,44,0
95a26a20-22a0-452e-a647-851b418f41de,0.008003425531251853,Low,17.99,1.7277795036866501,Maintain engagement / loyalty rewards,Low recent activity,Premium,Medium,North America,34,0
895ad12a-717f-4427-9caf-bdbc0b6bb987,0.9961147502314042,High,17.99,215.04125227995553,Offer targeted discount / personalized content,Low engagement,Premium,Low,Africa,68,1
ae62aa52-5971-4017-a0d9-f7968e105e3a,0.9961393866602041,High,8.99,107.46351703290281,Offer targeted discount / personalized content,Low engagement,Basic,Low,Europe,20,1
d99b28e5-4ecf-4ac4-871b-e205b421c803,0.9958848046855551,High,13.99,167.189141010611,Offer targeted discount / personalized content,Low recent activity,Standard,Medium,Africa,55,1
62978367-96e2-470a-be63-38060506031d,0.007514469383332491,Low,17.99,1.622223650473818,Maintain engagement / loyalty rewards,Higher plan cost,Premium,Medium,Africa,68,0
ebf470a5-4f3b-4a61-906e-244e5b4178cc,0.007518017674273449,Low,13.99,1.2621248071570266,Maintain engagement / loyalty rewards,Low recent activity,Standard,High,South America,24,0
155fbfe6-62e7-4937-aecd-8b8c14595c20,0.996140906422754,High,8.99,107.4636809848867,Offer targeted discount / personalized content,Low engagement,Basic,Low,South America,48,1
f858d7a7-d4bb-4aeb-af27-6560bac0725f,0.9957674445654799,High,13.99,167.16943859365279,Offer targeted discount / personalized content,Higher plan cost,Standard,Medium,Africa,46,1
ff19f85a-c162-45d2-969d-836e7b33e80f,0.9960117917587537,High,17.99,215.01902560487972,Offer targeted discount / personalized content,Higher plan cost,Premium,Medium,Oceania,70,1
cf64bda1-0bda-4e56-8478-81836f5b24d3,0.9935834526482601,High,8.99,107.1877828716943,Offer targeted discount / personalized content,Low recent activity,Basic,Medium,South America,25,1
c5d86549-b3f3-4afe-9bf3-b1b47a6bf584,0.9959549527307608,High,13.99,167.20091746444012,Offer targeted discount / personalized content,Low recent activity,Standard,Low,Africa,41,1
e5c7d145-545a-4927-b751-7c4159ab7b84,0.9961419505758293,High,8.99,107.46379362812047,Offer targeted discount / personalized content,Low recent activity,Basic,Low,Europe,22,1
142de341-a41c-4cbf-98d2-1c8c86d08880,0.007493079934584687,Low,8.99,0.8083534633429961,Maintain engagement / loyalty rewards,Stable usage,Basic,High,Asia,24,0
25aa1d59-9191-4128-91d6-87f8209a8712,0.996142110603639,High,8.99,107.46381089192059,Offer targeted discount / personalized content,Low engagement,Basic,Low,North America,24,1
a1edd117-ae99-404f-82d8-efff65663f21,0.007503295634857085,Low,17.99,1.6198114616529475,Maintain engagement / loyalty rewards,Higher plan cost,Premium,Medium,Africa,25,0
d212aebd-df18-4bac-992d-3d4e6bb90711,0.007495796911817174,Low,8.99,0.8086465708468368,Maintain engagement / loyalty rewards,Stable usage,Basic,High,South America,29,0
9ef98845-2393-4e72-96fd-95047f25a4b4,0.0075057421822145465,Low,8.99,0.8097194666173053,Maintain engagement / loyalty rewards,Stable usage,Basic,High,Europe,62,0
f81158ac-1559-4728-88fd-9c2e111fc41b,0.9920360581824268,High,8.99,107.02084995672021,Offer targeted discount / personalized content,Low recent activity,Basic,Medium,Oceania,35,1
30a113c8-1b0c-4bc1-885c-e1a385ad11c0,0.007643143084178408,Low,8.99,0.8245422759211667,Maintain engagement / loyalty rewards,Stable usage,Basic,Medium,Africa,41,0
81ca6a1b-94bd-4e46-afe5-e274d3b4ff1f,0.9960687387555154,High,17.99,215.03131932254064,Offer targeted discount / personalized content,Low recent activity,Premium,Low,Europe,66,1
4297d7f1-545a-486b-8473-214ebfa4741a,0.9958547620025684,High,8.99,107.43281172483708,Offer targeted discount / personalized content,Low recent activity,Basic,Medium,South America,38,1
d37ec561-1768-4a93-be30-15a7c820e307,0.0074905481106611925,Low,17.99,1.617059526129538,Maintain engagement / loyalty rewards,Low recent activity,Premium,Medium,North America,48,0
f859113a-2fe6-48da-9ef1-8e7c7b0291ed,0.007489607860723668,Low,8.99,0.8079788960148693,Maintain engagement / loyalty rewards,Stable usage,Basic,High,Asia,50,0
d58ddc1e-1bdf-440a-8c6b-309077fc3f17,0.99614219383709,High,8.99,107.46381987114529,Offer targeted discount / personalized content,Low recent activity,Basic,Low,North America,51,1
2198e57e-f273-418b-9841-2728c362b67c,0.9961421150736139,High,8.99,107.46381137414147,Offer targeted discount / personalized content,Low engagement,Basic,Low,Asia,24,1
30b99823-3634-4286-a9b9-7db9f87cb49b,0.008061378994514461,Low,8.99,0.8696615659282201,Maintain engagement / loyalty rewards,Stable usage,Basic,High,South America,44,0
ce3c7cbb-b993-4916-a81d-4e4ac032a5c9,0.9961420938558916,High,8.99,107.4638090851736,Offer targeted discount / personalized content,Low engagement,Basic,Low,Africa,65,1
55cfd789-ef07-43f7-aeac-cb4e8beb5c27,0.007487621150457325,Low,17.99,1.6164276539607272,Maintain engagement / loyalty rewards,Higher plan cost,Premium,High,South America,35,0
de4e0a07-b2f0-4b45-8764-dedff7dc00ce,0.9961388297888982,High,8.99,107.46345695762633,Offer targeted discount / personalized content,Low recent activity,Basic,Low,Africa,62,1
de33c8b1-ecb2-448f-8f97-a99ffbabe1be,0.0074889241565158915,Low,17.99,1.6167089469086504,Maintain engagement / loyalty rewards,Higher plan cost,Premium,High,Oceania,26,0
e6e1676e-f17d-4e77-89b2-cf0e3df598ab,0.007492079274403237,Low,17.99,1.6173900737581706,Maintain engagement / loyalty rewards,Low recent activity,Premium,High,South America,22,0
a1d6a50d-973f-4e43-a3c0-ce5acf4b09ec,0.9959124373920444,High,8.99,107.43903374585375,Offer targeted discount / personalized content,Low engagement,Basic,Low,Africa,33,1
255cd731-221c-4f98-adda-f7dffb7a03c9,0.007498064036134243,Low,8.99,0.8088911482181622,Maintain engagement / loyalty rewards,Stable usage,Basic,High,North America,25,0
c2feda98-9478-480b-b544-ec89a3cd58b8,0.9957871002709991,High,13.99,167.17273839349534,Offer targeted discount / personalized content,Higher plan cost,Standard,Medium,Asia,61,1
12a31de2-5742-4217-a7ba-eac8cb7a79f6,0.007758035922001337,Low,8.99,0.8369369152655044,Maintain engagement / loyalty rewards,Stable usage,Basic,Medium,North America,61,0
52322a98-a709-4dcd-8cc6-e84f8461e005,0.007488679126219698,Low,13.99,1.2571994517097629,Maintain engagement / loyalty rewards,Higher plan cost,Standard,High,Asia,50,0
468c7547-f285-47e1-8fa8-d836ba848846,0.9958557993707642,High,8.99,107.43292363611803,Offer targeted discount / personalized content,Low engagement,Basic,Low,North America,26,1
3e4d0c22-74cd-4be3-b03c-2342026e82bb,0.9961220945316214,High,13.99,167.2289772299686,Offer targeted discount / personalized content,Higher plan cost,Standard,Medium,South America,46,1
880a72cd-79fd-44fd-806f-b9bdcedd04f4,0.9960961518549443,High,13.99,167.22462197340803,Offer targeted discount / personalized content,Higher plan cost,Standard,Medium,Europe,63,1
cbeb85c5-9480-4ea2-b6ab-8518eece6961,0.996141130777873,High,17.99,215.04694731232718,Offer targeted discount / personalized content,Low recent activity,Premium,Low,Asia,54,1
1141bdf2-a5e8-4026-9422-d4844620fe61,0.9961422584280966,High,8.99,107.46382683922306,Offer targeted discount / personalized content,Low engagement,Basic,Low,South America,40,1
54372fef-6fb6-421f-bab6-606fb3a90f0c,0.007487906013888571,Low,13.99,1.2570696616116133,Maintain engagement / loyalty rewards,Higher plan cost,Standard,High,Europe,18,0
989ca7a0-a0c3-4e55-a23c-3f4458291008,0.008774821747058613,Low,17.99,1.8943085187550133,Maintain engagement / loyalty rewards,Low engagement,Premium,Low,Africa,63,0
7955efc4-a06e-43e7-9b8e-028e700955bd,0.9961174211120115,High,13.99,167.2281926562845,Offer targeted discount / personalized content,Higher plan cost,Standard,Medium,Europe,62,1
e5187426-4fcb-4133-8191-022dbde6aee2,0.9958994431287229,High,17.99,214.9947717826287,Offer targeted discount / personalized content,Low engagement,Premium,Low,Africa,42,1
6f26710a-d654-4a36-99e4-bdaf2943fe2e,0.007496644769020786,Low,13.99,1.2585367238232095,Maintain engagement / loyalty rewards,Higher plan cost,Standard,High,Africa,29,0
6836917d-1c7f-4651-861b-1c4ebbeb6020,0.9961421214498614,High,8.99,107.46381206201104,Offer targeted discount / personalized content,Low engagement,Basic,Low,Oceania,66,1
cc8af428-e171-48ac-8ac3-3354d52bffaa,0.007489512745911277,Low,17.99,1.6168360115873264,Maintain engagement / loyalty rewards,Higher plan cost,Premium,High,Oceania,57,0
8f6bb647-36a1-40de-af06-825e69ea7f9d,0.007579054069726332,Low,8.99,0.8176283530420767,Maintain engagement / loyalty rewards,Stable usage,Basic,High,Oceania,56,0
5ca7dc45-e131-41be-82fb-580106346593,0.9961419691525816,High,8.99,107.4637956321805,Offer targeted discount / personalized content,Low recent activity,Basic,Medium,North America,32,1
bb98f21e-15a6-459f-9739-d007cae5734e,0.9961391706685966,High,13.99,167.231843971844,Offer targeted discount / personalized content,Low recent activity,Standard,Low,North America,69,1
bbeab1f0-e7d0-4d12-9a73-a1927bfdb187,0.007487426513526474,Low,17.99,1.616385635740095,Maintain engagement / loyalty rewards,Higher plan cost,Premium,High,South America,30,0
8b4f9c81-82fb-40df-8382-0dd2a0cef83c,0.9909576455380243,High,8.99,106.90451080064207,Offer targeted discount / personalized content,Stable usage,Basic,Medium,South America,56,1
5e47d43e-927d-46dc-8828-d13eaab15b4e,0.9960584218492217,High,8.99,107.45478254909403,Offer targeted discount / personalized content,Low recent activity,Basic,Medium,Europe,35,1
da1333b2-35f9-4d1e-9799-55116f166b51,0.00948310536475419,Low,13.99,1.5920237286349335,Maintain engagement / loyalty rewards,Low engagement,Standard,Low,Asia,41,0
19352d22-01bc-4e16-b5b7-cb2fe248f5b7,0.9957301826631527,High,8.99,107.41937210570092,Offer targeted discount / personalized content,Low engagement,Basic,Low,Africa,43,1
1f814426-fb33-4ea8-8abb-5c5b4ec64076,0.007504240240858218,Low,8.99,0.8095574371837846,Maintain engagement / loyalty rewards,Stable usage,Basic,High,North America,60,0
99003cbb-a0e2-4663-9628-13f6d46f1a0c,0.9959963219538638,High,17.99,215.0156859834001,Offer targeted discount / personalized content,Low recent activity,Premium,Medium,Africa,22,1
334fbf6b-0681-49de-ae3a-c08da907fda0,0.9961186694802647,High,8.99,107.46128206353097,Offer targeted discount / personalized content,Stable usage,Basic,Medium,North America,18,1
a8fddcff-3303-437f-b4ba-c3ecab9da8f5,0.00749390466233342,Low,8.99,0.8084424349725294,Maintain engagement / loyalty rewards,Stable usage,Basic,High,Europe,41,0
e257dba6-fb3d-41cf-99a2-0700e8f8a568,0.008303749682850121,Low,8.99,0.8958085157858711,Maintain engagement / loyalty rewards,Stable usage,Basic,High,Africa,53,0
052a034c-7746-43fc-912d-4991c01b1f95,0.9961340092956208,High,8.99,107.46293692281156,Offer targeted discount / personalized content,Low recent activity,Basic,Low,Oceania,37,1
f6b21267-fc81-4b2c-bb52-26535593c64d,0.00751517143638439,Low,13.99,1.2616469807402115,Maintain engagement / loyalty rewards,Higher plan cost,Standard,High,North America,37,0
d567ec1c-9950-494f-b619-0071de29b581,0.9959568827198348,High,17.99,215.00717184155792,Offer targeted discount / personalized content,Low recent activity,Premium,Low,North America,41,1
140506ea-05e5-40e5-abc3-253581dd24e0,0.007517237466033967,Low,8.99,0.8109595778357445,Maintain engagement / loyalty rewards,Stable usage,Basic,High,Asia,59,0
c85a5890-a887-41bf-b866-5cd201747ede,0.9961420009018325,High,17.99,215.04713515468757,Offer targeted discount / personalized content,Low engagement,Premium,Low,South America,28,1
863590b0-7d07-487b-a89c-d4700d8d4e4e,0.007491624884600817,Low,17.99,1.6172919800876242,Maintain engagement / loyalty rewards,Higher plan cost,Premium,High,Europe,70,0
46bbc44d-525c-498c-bee4-71c73afbc13c,0.0074879888881622045,Low,13.99,1.257083574544671,Maintain engagement / loyalty rewards,Higher plan cost,Standard,High,North America,50,0
6a061a82-97b7-4d14-b9ae-e7df764684b1,0.9961415264768974,High,17.99,215.0470327358326,Offer targeted discount / personalized content,Low recent activity,Premium,Low,Europe,62,1
b5e00f1f-9d09-4429-889f-ade90e1b3cee,0.9957356653303661,High,17.99,214.9594154315194,Offer targeted discount / personalized content,Low engagement,Premium,Low,Africa,51,1
90826a68-bc7f-4a10-aa24-989fad597c30,0.9961389546577623,High,8.99,107.4634704284794,Offer targeted discount / personalized content,Stable usage,Basic,Medium,North America,27,1
81eb7012-12b8-43df-854b-711a40561be0,0.007494430182845515,Low,13.99,1.258164939096105,Maintain engagement / loyalty rewards,Higher plan cost,Standard,High,South America,63,0
d1b705c9-acf8-4f48-bd4b-c0fc00234b0f,0.007488505826432794,Low,17.99,1.6166186378103116,Maintain engagement / loyalty rewards,Higher plan cost,Premium,High,Africa,56,0
7cf05bfb-74e6-4c8e-a949-8c4193d254d6,0.008170183781820542,Low,13.99,1.3716104532920326,Maintain engagement / loyalty rewards,Low recent activity,Standard,Medium,Asia,56,0
d9900693-90bf-43ce-953f-8d1888e0bb1b,0.008128910311401906,Low,17.99,1.7548691580254432,Maintain engagement / loyalty rewards,Higher plan cost,Premium,Medium,Africa,57,0
94226c99-e3c6-44a8-b8df-d66080b5bf30,0.9961406736344831,High,13.99,167.23209628975704,Offer targeted discount / personalized content,Low recent activity,Standard,Low,South America,64,1
a7723da8-3f8e-49df-b973-d9959d8bf844,0.996135706645469,High,17.99,215.04577635062384,Offer targeted discount / personalized content,Low engagement,Premium,Low,North America,50,1
5649fe75-6de9-4ecc-86f6-712fdfe3848a,0.9958984902111496,High,8.99,107.43752912397883,Offer targeted discount / personalized content,Low engagement,Basic,Low,South America,63,1
0afc4baf-0aa5-44c3-b6be-949008d9c2da,0.9961371949663184,High,13.99,167.23151229094552,Offer targeted discount / personalized content,Low recent activity,Standard,Medium,Africa,47,1
dd192706-2635-46a1-9559-9ca27f7999b9,0.9961060758125532,High,17.99,215.03937964641398,Offer targeted discount / personalized content,Higher plan cost,Premium,Medium,Africa,27,1
bb20c584-b8c7-4e09-a487-df50428b49ba,0.9951950874102937,High,8.99,107.36164602982248,Offer targeted discount / personalized content,Low recent activity,Basic,Medium,North America,21,1
ebaa15ec-5b85-4b6c-8b99-d9ce1cba8577,0.9961357657157139,High,17.99,215.0457891027083,Offer targeted discount / personalized content,Low recent activity,Premium,Low,Asia,52,1
8e1031b6-b98f-4b5a-b035-8d7aafad3c47,0.0076921616605647655,Low,13.99,1.2913600995756127,Maintain engagement / loyalty rewards,Low recent activity,Standard,Medium,Europe,27,0
cb536c36-8a1e-41b7-ac20-43f09a4cedbd,0.9961421903099357,High,8.99,107.46381949063586,Offer targeted discount / personalized content,Low engagement,Basic,Low,Asia,28,1
e623d359-0278-4bfc-82c3-86892eed77a3,0.9961416463938774,High,13.99,167.23225959660414,Offer targeted discount / personalized content,Low recent activity,Standard,Low,Oceania,18,1
630f9371-9298-435a-8a66-f24f4bb528fc,0.007493554765911678,Low,17.99,1.617708602865013,Maintain engagement / loyalty rewards,Higher plan cost,Premium,High,Europe,19,0
91bf7b50-f149-4e23-9e93-b614ad58212e,0.007499107040212531,Low,17.99,1.6189072278410808,Maintain engagement / loyalty rewards,Higher plan cost,Premium,High,Africa,34,0
bc11510c-f213-4766-a2c6-904ce8c1512e,0.9961238593718701,High,8.99,107.46184194903735,Offer targeted discount / personalized content,Low engagement,Basic,Low,Africa,63,1
1769de71-a047-4194-b2a4-5e0a7ef18add,0.008488401317769106,Low,17.99,1.8324760764799943,Maintain engagement / loyalty rewards,Higher plan cost,Premium,Medium,Africa,60,0
8d258669-8a00-4643-9a8b-f004488b0472,0.9961197171980822,High,13.99,167.22857812321405,Offer targeted discount / personalized content,Higher plan cost,Standard,Medium,North America,24,1
c1f2945d-92e6-4f96-b443-eb5b7b84220f,0.007489003566343483,Low,17.99,1.6167260899022309,Maintain engagement / loyalty rewards,Higher plan cost,Premium,High,Oceania,34,0
ff4bc4b3-d731-4cc8-8b4f-221224581e83,0.9961412647706783,High,8.99,107.46371964346079,Offer targeted discount / personalized content,Stable usage,Basic,Medium,South America,55,1
282e622f-a1cc-41a1-8e62-fe70a9375f25,0.996140579346401,High,17.99,215.04682826930105,Offer targeted discount / personalized content,Low recent activity,Premium,Low,Asia,31,1
7928e876-645a-49fe-a21c-9d02944d1523,0.0075112430980663406,Low,17.99,1.6215271600105616,Maintain engagement / loyalty rewards,Higher plan cost,Premium,Medium,Asia,28,0
629740f1-2ca1-4daf-af46-9b3cb2c6fe63,0.007487886114748159,Low,17.99,1.6164848544518327,Maintain engagement / loyalty rewards,Higher plan cost,Premium,High,Europe,58,0
a88809ec-5337-4c2d-bee2-480cdcb0ad4d,0.00857798894858127,Low,8.99,0.9253934477729475,Maintain engagement / loyalty rewards,Stable usage,Basic,High,Oceania,44,0
4f841e9d-dcd6-4e42-818e-c9789756e156,0.007487116278030595,Low,17.99,1.6163186621012449,Maintain engagement / loyalty rewards,Higher plan cost,Premium,Medium,North America,69,0
33572a9e-8851-48b3-a9b8-9b6a3f88b1d1,0.007519312299813391,Low,17.99,1.6232691392837146,Maintain engagement / loyalty rewards,Higher plan cost,Premium,Medium,Africa,42,0
7732d3d5-ded6-4927-86ff-71aa998186f9,0.9961416480560732,High,8.99,107.4637609922892,Offer targeted discount / personalized content,Stable usage,Basic,Medium,South America,52,1
0b05e78a-8c4b-4097-8bc1-72f52ff1e5d9,0.007487042152890951,Low,17.99,1.6163026599660983,Maintain engagement / loyalty rewards,Higher plan cost,Premium,High,South America,50,0
12a50fbb-54f6-4bf1-9c0d-db8bc6dfc159,0.007494457085694161,Low,13.99,1.2581694555463359,Maintain engagement / loyalty rewards,Higher plan cost,Standard,High,South America,20,0
480aa107-c976-4ba7-ac36-ee39787e0eda,0.9961330240303015,High,17.99,215.04519722766145,Offer targeted discount / personalized content,Higher plan cost,Premium,Medium,South America,37,1
16bcce49-e615-4ebb-80e6-bcad0eb613c9,0.9961374447511613,High,13.99,167.23155422482495,Offer targeted discount / personalized content,Low engagement,Standard,Low,South America,51,1
d95789b7-7e89-4e4c-aa62-f881fff47dd1,0.9961414042526293,High,17.99,215.0470063500576,Offer targeted discount / personalized content,Low engagement,Premium,Low,Africa,49,1
37eff54d-aa2b-4cc4-8aba-ea192afc459b,0.007622799462227709,Low,8.99,0.8223476059851251,Maintain engagement / loyalty rewards,Stable usage,Basic,High,Asia,40,0
15559746-e817-4930-9bc7-3342d891627e,0.9961402955116718,High,17.99,215.04676699505967,Offer targeted discount / personalized content,Low recent activity,Premium,Medium,Oceania,60,1
dbfb92e5-f251-4870-9cf1-89bd39cee9bc,0.007491458146322518,Low,17.99,1.6172559846281052,Maintain engagement / loyalty rewards,Higher plan cost,Premium,High,South America,44,0
c1f6a329-e3f2-40d7-a1e2-03175940526b,0.9961413915238484,High,8.99,107.46373331759278,Offer targeted discount / personalized content,Stable usage,Basic,Medium,North America,29,1
37b9f2c3-372c-4a11-9176-4e66bdc8ea38,0.017263532424159653,Low,17.99,3.7268513797275857,Maintain engagement / loyalty rewards,Higher plan cost,Premium,Medium,Asia,30,0
a092de74-2718-48f3-956a-679b4e32095b,0.007510113214539936,Low,17.99,1.6212832407548814,Maintain engagement / loyalty rewards,Higher plan cost,Premium,Medium,Asia,20,0
7bf6c6f7-98e4-45d8-bba8-e23ec8e56048,0.9961355705535521,High,8.99,107.46310535131718,Offer targeted discount / personalized content,Low recent activity,Basic,Low,Asia,55,1
aa0e03bb-5758-4edb-9d50-e2539e629c75,0.9961414089151404,High,8.99,107.46373519376533,Offer targeted discount / personalized content,Low recent activity,Basic,Medium,South America,21,1
97d0f609-4ed9-4c1b-bcfb-443ffb41e275,0.9961420240877118,High,13.99,167.23232300384507,Offer targeted discount / personalized content,Low recent activity,Standard,Low,Asia,29,1
0e10b5dc-491e-4846-8c4f-1c77e212012e,0.995982886556089,High,17.99,215.01278554972845,Offer targeted discount / personalized content,Higher plan cost,Premium,Medium,South America,41,1
61ccaa63-d356-4c51-a436-db45268b829e,0.9961002188614344,High,13.99,167.2253047424576,Offer targeted discount / personalized content,Higher plan cost,Standard,Medium,Africa,28,1
a5b6b29e-7a7e-4f62-9eea-b64ff3861d78,0.9960871020647586,High,17.99,215.03528359374005,Offer targeted discount / personalized content,Low engagement,Premium,Low,North America,25,1
05c4636f-6e42-4460-9449-9667b4ce9fbd,0.9961406014119497,High,8.99,107.46364808032114,Offer targeted discount / personalized content,Low recent activity,Basic,Low,Africa,25,1
146b3e1f-e680-446f-8f4a-54de55694a39,0.9961409747465894,High,17.99,215.0469136282937,Offer targeted discount / personalized content,Low recent activity,Premium,Low,North America,41,1
a1a58d35-7759-4b6e-aeb1-438c26f3b366,0.007488010590971791,Low,13.99,1.2570872180123442,Maintain engagement / loyalty rewards,Higher plan cost,Standard,High,South America,67,0
1e696e35-8de8-4004-9518-cb7281926da8,0.00749681846562607,Low,8.99,0.8087567760717406,Maintain engagement / loyalty rewards,Stable usage,Basic,High,North America,49,0
4ae5d0f2-121d-4820-9404-26032ef97eba,0.9961410712925456,High,8.99,107.46369877103983,Offer targeted discount / personalized content,Stable usage,Basic,Medium,Oceania,58,1
408e8f7f-608c-4b8d-bf43-d68933ab6606,0.00865950304272283,Low,13.99,1.4537573708123086,Maintain engagement / loyalty rewards,Higher plan cost,Standard,High,North America,66,0
cce5be2a-9112-4447-93af-db8dd2263ed1,0.9961421064127824,High,8.99,107.46381043981097,Offer targeted discount / personalized content,Low engagement,Basic,Low,Africa,50,1
3d1d4b0b-7556-4ab7-8a9f-f47e37c61ac1,0.9961416193493109,High,13.99,167.2322550563623,Offer targeted discount / personalized content,Low engagement,Standard,Low,North America,64,1
e8444cdf-5d82-4110-9138-1d882576c44e,0.007487008193140206,Low,17.99,1.6162953287351076,Maintain engagement / loyalty rewards,Higher plan cost,Premium,High,South America,55,0
cb2fa434-022a-42a5-97ea-56caf52190af,0.008042926866274752,Low,17.99,1.7363070518913934,Maintain engagement / loyalty rewards,Low engagement,Premium,Low,Africa,40,0
25fca800-6c8b-4d78-a43a-ff33ff870ea8,0.007491724963198365,Low,13.99,1.2577107868217414,Maintain engagement / loyalty rewards,Higher plan cost,Standard,High,Africa,33,0
b6f391a5-6046-41cd-bd2a-bb08cba87ade,0.9961407778427954,High,8.99,107.46366711368077,Offer targeted discount / personalized content,Low engagement,Basic,Low,Oceania,35,1
08645725-d1af-4d97-ab3d-2e4f806c7f82,0.007511967228013151,Low,8.99,0.8103910245580588,Maintain engagement / loyalty rewards,Stable usage,Basic,High,Asia,67,0
cb43f579-8d20-441e-9de6-2680dee7b966,0.9959408946815481,High,13.99,167.1985573991383,Offer targeted discount / personalized content,Low recent activity,Standard,Low,Oceania,62,1
d778081e-6fc5-4121-bd2c-2d23134b04b8,0.00811641716720267,Low,13.99,1.3625841140299841,Maintain engagement / loyalty rewards,Low recent activity,Standard,Medium,South America,61,0
a1f04ee3-d220-47e3-aba1-1fcdb769db0a,0.9961199240458866,High,17.99,215.04236920302594,Offer targeted discount / personalized content,Low recent activity,Premium,Medium,Europe,68,1
997cbf98-32d4-40da-9947-3faefe7425ad,0.16714784954508938,Low,13.99,28.060780981629605,Maintain engagement / loyalty rewards,Low engagement,Standard,Low,South America,39,0
78d3f793-dcfd-4d7a-acb2-83fa6cdc33c8,0.008542678617126188,Low,17.99,1.8441934598652012,Maintain engagement / loyalty rewards,Higher plan cost,Premium,Low,Asia,66,0
60e6c533-6c9c-4ca6-a917-a27cbe86aa1d,0.9961210431213132,High,13.99,167.22880071920608,Offer targeted discount / personalized content,Low engagement,Standard,Low,Oceania,30,1
abb49c7b-8ac5-47b5-a703-ece9fb8d520a,0.0074880298778895755,Low,17.99,1.6165158900388013,Maintain engagement / loyalty rewards,Higher plan cost,Premium,High,Asia,40,0
9a31ef57-a971-484e-a186-29ed435f5442,0.9961388362174961,High,8.99,107.4634576511435,Offer targeted discount / personalized content,Low recent activity,Basic,Medium,North America,40,1
5673e225-586b-4e99-8613-8aa01162aaf8,0.007490097826001743,Low,13.99,1.2574376230291726,Maintain engagement / loyalty rewards,Higher plan cost,Standard,High,Oceania,23,0
a18a210b-9083-420a-924e-9719359d2bac,0.007487095910148338,Low,13.99,1.256933661395703,Maintain engagement / loyalty rewards,Higher plan cost,Standard,High,Africa,70,0
6c6e1e7a-2ba2-4934-bd13-d2ce7afe9b7c,0.996141936878087,High,17.99,215.04712133324142,Offer targeted discount / personalized content,Low recent activity,Premium,Low,Europe,55,1
320b668c-0d42-45da-b0ce-12503b250c96,0.9961369545959406,High,13.99,167.2314719375665,Offer targeted discount / personalized content,Low engagement,Standard,Low,Africa,64,1
7f15e45b-1f7a-4fd2-851d-60ab2cb332c1,0.0075221442162291315,Low,8.99,0.8114889180467988,Maintain engagement / loyalty rewards,Stable usage,Basic,High,South America,29,0
d4d13760-ac88-41b9-84dd-47c40ba26551,0.007489519685887913,Low,8.99,0.8079693837135882,Maintain engagement / loyalty rewards,Stable usage,Basic,High,South America,67,0
22f87c88-86f3-412d-8fa6-2c15ed0b6573,0.9961422648133615,High,8.99,107.46382752806544,Offer targeted discount / personalized content,Low recent activity,Basic,Low,North America,29,1
1a57587b-d48d-45d1-8315-92cac73d6e3d,0.9937831141720469,High,17.99,214.53789868746145,Offer targeted discount / personalized content,Higher plan cost,Premium,Medium,Europe,53,1
3abb8f5e-2c86-47ae-a744-e20a7cf52642,0.008296225354445953,Low,13.99,1.3927703125043864,Maintain engagement / loyalty rewards,Low recent activity,Standard,Medium,Africa,67,0
16bda772-63ea-4e5c-965d-daca311c6a7c,0.007496039015870289,Low,13.99,1.2584350299843041,Maintain engagement / loyalty rewards,Higher plan cost,Standard,Medium,Asia,30,0
98642ab8-58f0-4356-912e-7b4425666afe,0.010244651464616526,Low,8.99,1.105193000002831,Maintain engagement / loyalty rewards,Stable usage,Basic,High,Europe,37,0
94224e57-69e7-4350-99bb-9740aa185bbd,0.007487355993161482,Low,13.99,1.2569773241319497,Maintain engagement / loyalty rewards,Higher plan cost,Standard,Medium,South America,25,0
d949fbce-cb2f-4e7d-90ba-6cfac9f1186f,0.0074948569417155695,Low,13.99,1.2582365833752098,Maintain engagement / loyalty rewards,Higher plan cost,Standard,High,Europe,19,0
9c0261eb-7cd4-47c0-8548-369d8838d46f,0.007487250718892291,Low,17.99,1.6163476851944676,Maintain engagement / loyalty rewards,Higher plan cost,Premium,Medium,Asia,23,0
137afd34-0646-4d13-ab57-0adf696ce9af,0.007487586550883304,Low,13.99,1.2570160301622892,Maintain engagement / loyalty rewards,Higher plan cost,Standard,High,Africa,53,0
8e403409-9787-47c1-bf20-402eff1b5288,0.9961381379523375,High,17.99,215.0463012211506,Offer targeted discount / personalized content,Low recent activity,Premium,Low,Asia,58,1
da2d3172-12b3-4348-975d-4334d32bd28e,0.9961103448456736,High,17.99,215.040301245284,Offer targeted discount / personalized content,Low recent activity,Premium,Low,North America,27,1
146badc9-8bea-4703-970a-5735ef9e9896,0.007967634065622845,Low,13.99,1.3376064069367632,Maintain engagement / loyalty rewards,Higher plan cost,Standard,High,South America,36,0
2f8b0059-b300-4da0-bacc-749ab45c3722,0.9961151069974357,High,8.99,107.46089774288336,Offer targeted discount / personalized content,Stable usage,Basic,Medium,Oceania,44,1
cb4abf9b-83d9-4750-b258-e05045a74ae0,0.007519316117109437,Low,17.99,1.6232699633615848,Maintain engagement / loyalty rewards,Higher plan cost,Premium,Low,South America,55,0
951166de-8d22-49ad-afff-2d0f720aedc8,0.9959795855476624,High,13.99,167.20505282174156,Offer targeted discount / personalized content,Higher plan cost,Standard,Medium,South America,38,1
135953be-32e3-4fd8-a0ae-8234fdc7a8dc,0.9961417779258855,High,8.99,107.46377500264454,Offer targeted discount / personalized content,Low recent activity,Basic,Medium,Asia,29,1
b3fa7afc-d504-446f-8f32-30c061b305d9,0.00748924904647513,Low,17.99,1.616779084153051,Maintain engagement / loyalty rewards,Higher plan cost,Premium,High,North America,32,0
894bdf78-d2ce-4630-ad1c-c770beae1bfd,0.007487391097661606,Low,13.99,1.2569832174754305,Maintain engagement / loyalty rewards,Higher plan cost,Standard,High,Asia,70,0
73e2a9b9-8d0b-4ad8-87e2-7fe83110c999,0.007505224171368495,Low,17.99,1.6202277941150305,Maintain engagement / loyalty rewards,Low recent activity,Premium,High,North America,30,0
b8ddfe4f-977c-46d4-b995-fc1756d4ddd9,0.007491065478919349,Low,17.99,1.617171215589109,Maintain engagement / loyalty rewards,Higher plan cost,Premium,High,South America,65,0
e2099718-98c9-4ab1-8b20-cdc7184feacf,0.011488268826779117,Low,8.99,1.2393544410329311,Maintain engagement / loyalty rewards,Low recent activity,Basic,Medium,South America,50,0
4d69fd9b-a1e8-48a9-a0b3-ea425eacd7e0,0.008426121192072426,Low,13.99,1.4145772257251188,Maintain engagement / loyalty rewards,Higher plan cost,Standard,Medium,North America,61,0
dff09d24-0925-4658-95d4-89b6ced8d1ca,0.007486969864682139,Low,17.99,1.61628705438758,Maintain engagement / loyalty rewards,Higher plan cost,Premium,High,Oceania,39,0
44d38c32-c73b-4041-9eb6-c850b7ac39c7,0.03323339670232029,Low,8.99,3.585218836246313,Maintain engagement / loyalty rewards,Low recent activity,Basic,Medium,Africa,25,0
e42d9b7c-45aa-407a-8bd8-5e0622a2ecbf,0.007493988319325474,Low,8.99,0.8084514598888322,Maintain engagement / loyalty rewards,Stable usage,Basic,High,North America,29,0
b6342efb-3668-4707-9bcd-ae6ba9180b54,0.9961419017161512,High,8.99,107.46378835713838,Offer targeted discount / personalized content,Low recent activity,Basic,Low,Africa,57,1
3eb2ec73-7f46-4fbc-a330-e4c7400ea6cd,0.9961395565819371,High,13.99,167.2319087589756,Offer targeted discount / personalized content,Higher plan cost,Standard,Low,North America,29,1
15af8821-bdd5-4c9b-8aff-88435d9efaae,0.9961404606851157,High,13.99,167.23206053981724,Offer targeted discount / personalized content,Low engagement,Standard,Low,Asia,44,1
ef23baaf-4a7b-41d2-903f-4f772ab31c26,0.9961421675397029,High,8.99,107.46381703418315,Offer targeted discount / personalized content,Low engagement,Basic,Low,South America,22,1
a0fc6f9f-8c84-43ef-9dcd-2d0cab4faaf2,0.9961423031158654,High,8.99,107.46383166013956,Offer targeted discount / personalized content,Low engagement,Basic,Low,North America,33,1
49d7dd83-0c7b-4f1d-8b1c-1cc13096b151,0.9958813678781914,High,8.99,107.43568196669929,Offer targeted discount / personalized content,Low recent activity,Basic,Low,Europe,25,1
a7678a7a-b501-41b5-b5d3-abf39e61644e,0.995732486322218,High,17.99,214.9587291472404,Offer targeted discount / personalized content,Low recent activity,Premium,Medium,Asia,54,1
caa9db16-975d-48b6-963d-e6c30c58eeb0,0.996130177233337,High,8.99,107.46252351993239,Offer targeted discount / personalized content,Stable usage,Basic,Medium,Asia,21,1
471fb8cd-4497-4e20-a9c5-cfb8b3729308,0.9886453249451321,High,17.99,213.42875274915508,Offer targeted discount / personalized content,Higher plan cost,Premium,Medium,South America,19,1
28994e1c-df97-40f1-9b04-20cb29462486,0.9961415520521169,High,8.99,107.46375063538237,Offer targeted discount / personalized content,Low recent activity,Basic,Medium,Asia,23,1
6de03854-44a1-40e2-94b7-5fd20db6a39d,0.9958290408836008,High,13.99,167.17977938353891,Offer targeted discount / personalized content,Low engagement,Standard,Low,South America,19,1
14ee7859-5504-41ac-aac7-9bc5d66a0bb9,0.995699603344805,High,13.99,167.15804940952586,Offer targeted discount / personalized content,Higher plan cost,Standard,Medium,Europe,40,1
25cc756b-6f70-4855-9d3f-36af6724cec5,0.995897237343835,High,17.99,214.99429559778707,Offer targeted discount / personalized content,Low engagement,Premium,Low,Europe,31,1
6bb1aca9-0bb6-4a2c-a5ea-b04faf91ec09,0.996142139416581,High,8.99,107.46381400026077,Offer targeted discount / personalized content,Low recent activity,Basic,Low,North America,38,1
ecc5a056-e4b1-4000-a217-e5932f7a3ec1,0.007487947340989151,Low,17.99,1.6164980719727375,Maintain engagement / loyalty rewards,Higher plan cost,Premium,High,North America,25,0
33cfe352-95d7-49f7-b368-ce5218758112,0.9961375243769559,High,17.99,215.04616876249725,Offer targeted discount / personalized content,Higher plan cost,Premium,Medium,Europe,39,1
7c912f5e-49f4-40e7-a68d-0a8a3ae3bcf9,0.9961329184793717,High,8.99,107.46281924555461,Offer targeted discount / personalized content,Low recent activity,Basic,Low,North America,64,1
ed400be4-19d2-4196-aea3-680c798f0e17,0.9960270919375371,High,13.99,167.21302819447374,Offer targeted discount / personalized content,Low recent activity,Standard,Low,Oceania,21,1
e821aafd-dfc3-4ffb-9129-3741f65aef17,0.9961391531463745,High,13.99,167.23184103021336,Offer targeted discount / personalized content,Higher plan cost,Standard,Medium,Europe,32,1
0b945a37-fe3d-48f3-8bd9-0ce0d58c74de,0.9958878372516853,High,8.99,107.43637988271182,Offer targeted discount / personalized content,Low engagement,Basic,Low,Oceania,62,1
6fda8923-b925-4e65-97e4-ed9481d66b44,0.9961421432663344,High,13.99,167.23234301155222,Offer targeted discount / personalized content,Low recent activity,Standard,Low,South America,69,1
6df35e17-ca7f-42c2-a978-28b213e921e9,0.00791030766552917,Low,17.99,1.7076772188344371,Maintain engagement / loyalty rewards,Higher plan cost,Premium,Medium,South America,63,0
5b9b1694-e5d7-49be-af2a-9ee50f968320,0.007488437843760182,Low,17.99,1.6166039617109482,Maintain engagement / loyalty rewards,Higher plan cost,Premium,High,Oceania,23,0
31862a3b-baef-4cf2-9ece-f6bc288b9224,0.996133483604171,High,17.99,215.0452964404684,Offer targeted discount / personalized content,Low recent activity,Premium,Medium,Africa,68,1
ed57e399-b34c-447e-ab12-d72946d0fc73,0.9959708944328591,High,17.99,215.0101966901656,Offer targeted discount / personalized content,Low engagement,Premium,Low,North America,60,1
435c5516-9ca4-4623-8c1b-6e7c568352ca,0.007487189261835896,Low,13.99,1.25694933327701,Maintain engagement / loyalty rewards,Higher plan cost,Standard,Medium,North America,38,0
591e2d65-1b87-48ff-8e68-93917868cd24,0.9961392263181603,High,17.99,215.04653617756443,Offer targeted discount / personalized content,Higher plan cost,Premium,Medium,Oceania,61,1
856b5e64-f982-4156-adb9-f005d6c56ee2,0.9959301549043149,High,8.99,107.4409451110775,Offer targeted discount / personalized content,Stable usage,Basic,Medium,North America,56,1
ac171460-b30b-48bb-9949-f420e21c3982,0.996136283585345,High,8.99,107.46318227318702,Offer targeted discount / personalized content,Low recent activity,Basic,Medium,North America,33,1
86ef9bd7-c8e2-4dc7-8a6f-ec68e57730df,0.01104343068563025,Low,8.99,1.1913653023657915,Maintain engagement / loyalty rewards,Stable usage,Basic,Medium,Africa,58,0
2b46513e-8412-4b99-91aa-d614206322d1,0.995887156493113,High,17.99,214.99211934373318,Offer targeted discount / personalized content,Low recent activity,Premium,Low,North America,41,1
aba3a59d-6ff0-4069-bdaf-6847d1148489,0.007487347323212689,Low,17.99,1.6163685401351553,Maintain engagement / loyalty rewards,Higher plan cost,Premium,High,Africa,45,0
eaf657b9-53f1-4b33-9521-61b096e9666b,0.995920181515511,High,13.99,167.195080072824,Offer targeted discount / personalized content,Low recent activity,Standard,Low,Asia,59,1
07717e07-d7a1-4bee-8bf5-c51e19276964,0.007494057996917122,Low,8.99,0.8084589767074191,Maintain engagement / loyalty rewards,Stable usage,Basic,High,Asia,24,0
d2038fcb-1899-4b27-acc7-8bd054f32003,0.007487760193063592,Low,13.99,1.2570451812115158,Maintain engagement / loyalty rewards,Higher plan cost,Standard,High,Oceania,38,0
1bfddb22-4308-411a-897e-1081198500ce,0.996130519407641,High,8.99,107.46256043369632,Offer targeted discount / personalized content,Stable usage,Basic,Medium,South America,59,1
735f5a63-06cb-47d4-8240-138887fdbab6,0.007496830640384929,Low,8.99,0.8087580894847262,Maintain engagement / loyalty rewards,Stable usage,Basic,High,Oceania,40,0
6b6918bb-7f5d-4d77-a829-0b5a803100bd,0.007490300529815294,Low,17.99,1.6170060783765257,Maintain engagement / loyalty rewards,Higher plan cost,Premium,High,Europe,53,0
c6e04c65-8c8b-4cc2-acbe-772bf63edfff,0.9959121184829163,High,8.99,107.438999341937,Offer targeted discount / personalized content,Low recent activity,Basic,Low,North America,31,1
7de2a54b-751d-44a9-9755-3ed3e90742c0,0.007489702490930202,Low,8.99,0.8079891047215502,Maintain engagement / loyalty rewards,Stable usage,Basic,High,Oceania,59,0
b4b4555b-8433-434f-9383-001239cf8129,0.007501921060808931,Low,8.99,0.8093072440400675,Maintain engagement / loyalty rewards,Stable usage,Basic,High,North America,58,0
97920ba3-ed2d-418c-93f1-bf3d0f0148bc,0.007487049071149362,Low,17.99,1.6163041534797244,Maintain engagement / loyalty rewards,Higher plan cost,Premium,High,Africa,18,0
850e58a9-93e1-4c1a-a8f8-d8a39ce4e461,0.009292522987211838,Low,17.99,2.006069862479291,Maintain engagement / loyalty rewards,Higher plan cost,Premium,Medium,Oceania,20,0
d25183cb-ffaa-4b4e-8a22-140d3a21a7de,0.9961410235394993,High,8.99,107.46369361944119,Offer targeted discount / personalized content,Stable usage,Basic,Medium,Asia,59,1
6dd067ff-f2b5-423c-8c38-ab5ceab92ff4,0.9958202441823578,High,17.99,214.97767431408738,Offer targeted discount / personalized content,Low recent activity,Premium,Medium,South America,28,1
4b19503c-673b-4073-bdc1-f672de41d568,0.9956241008051527,High,17.99,214.93533088181636,Offer targeted discount / personalized content,Low engagement,Premium,Low,Asia,48,1
296d587f-e02a-4e4c-a88a-cc31e10823f3,0.007487882056309186,Low,17.99,1.616483978316027,Maintain engagement / loyalty rewards,Low recent activity,Premium,Medium,Asia,35,0
2ea80c34-962f-4983-a53a-f5781331d132,0.9956028454191663,High,8.99,107.40563496381967,Offer targeted discount / personalized content,Stable usage,Basic,Medium,South America,46,1
19da3460-ef3d-4094-aa3f-f168246b42a2,0.9958276782803244,High,13.99,167.17955062970086,Offer targeted discount / personalized content,Higher plan cost,Standard,Medium,Asia,57,1
10ee957b-891f-4fee-8861-eb84aeec2de1,0.9959008984822642,High,13.99,167.1918428372025,Offer targeted discount / personalized content,Low recent activity,Standard,Low,Asia,67,1
0427fde9-46c6-469c-bc4a-6d8e39a85df9,0.215492462269599,Low,13.99,36.176874565820285,Maintain engagement / loyalty rewards,Low engagement,Standard,Low,South America,67,0
e35b86c8-465a-4945-8f2d-a6c42b61f6d8,0.007769686540626738,Low,13.99,1.3043749764404167,Maintain engagement / loyalty rewards,Low recent activity,Standard,Medium,North America,49,0
c46cced1-d263-4237-ac16-4248956204f5,0.06377103304893403,Low,17.99,13.766890614603877,Maintain engagement / loyalty rewards,Higher plan cost,Premium,Medium,South America,48,0
b91503ef-c830-4d47-986c-6e87d8e718bb,0.0074966972939632445,Low,8.99,0.8087437040727548,Maintain engagement / loyalty rewards,Stable usage,Basic,High,Asia,23,0
e7847fc5-4848-485d-8172-53505ff5c1d5,0.9958913278218852,High,8.99,107.43675644542498,Offer targeted discount / personalized content,Stable usage,Basic,Low,South America,43,1
292beacd-895e-4d60-bdc4-69faec93ce66,0.007584817418776829,Low,8.99,0.8182501031376443,Maintain engagement / loyalty rewards,Stable usage,Basic,Medium,Asia,49,0
f6080e6d-2a61-4d67-bb58-6ab35b805bca,0.9961320813953188,High,13.99,167.23065382464614,Offer targeted discount / personalized content,Low recent activity,Standard,Medium,Oceania,65,1
c26ca12f-3a9d-4522-ad03-95e1a45137eb,0.007498553702467543,Low,8.99,0.8089439734221986,Maintain engagement / loyalty rewards,Stable usage,Basic,High,North America,59,0
1112b137-d4fe-448d-9188-af48334fbc53,0.9961413423798255,High,8.99,107.46372801593557,Offer targeted discount / personalized content,Low recent activity,Basic,Low,Asia,48,1
5b61c411-6055-4022-a40a-b05d1555eac4,0.007726231763425765,Low,13.99,1.2970797884439176,Maintain engagement / loyalty rewards,Higher plan cost,Standard,High,Oceania,21,0
10e961c3-40de-45cb-bcf5-76836ec603d7,0.9961409908875926,High,17.99,215.04691711281347,Offer targeted discount / personalized content,Low engagement,Premium,Low,Africa,61,1
bf0363ac-7c6a-4e50-bfb5-ff71151df8f1,0.012526797070554263,Low,8.99,1.351390867971394,Maintain engagement / loyalty rewards,Stable usage,Basic,Medium,North America,34,0
bb04c7d9-f77a-4793-b984-e9d20d7cecb2,0.007489915436426286,Low,13.99,1.257407003467245,Maintain engagement / loyalty rewards,Higher plan cost,Standard,High,Africa,51,0
0bf99c02-b45f-4b75-a9eb-11aad9c48c54,0.9960580883562542,High,13.99,167.21823187324796,Offer targeted discount / personalized content,Higher plan cost,Standard,Medium,Asia,23,1
10f0eb98-3902-458f-9e2f-24f48f83ae41,0.9960146769137503,High,17.99,215.01964845214042,Offer targeted discount / personalized content,Low recent activity,Premium,Low,South America,30,1
b423daa9-5960-4361-8806-025fdd52d654,0.9957538400756439,High,17.99,214.96333899553,Offer targeted discount / personalized content,Low recent activity,Premium,Low,Oceania,20,1
ee7b619d-8df1-47ce-8ab5-060c29ac3d3e,0.007571204260589465,Low,13.99,1.2710537712677592,Maintain engagement / loyalty rewards,Low engagement,Standard,Low,North America,42,0
3f260c2f-4b6c-49d7-9617-2f906b933ca8,0.008266388263922779,Low,13.99,1.3877612617473563,Maintain engagement / loyalty rewards,Low recent activity,Standard,Low,Asia,62,0
1e5a70bf-83da-4c7b-b76c-606333bfa7aa,0.0074985127148977345,Low,17.99,1.6187789248921227,Maintain engagement / loyalty rewards,Higher plan cost,Premium,High,Oceania,49,0
f0e1cc4a-8545-4e03-9f16-9e83b65e44aa,0.007520095425961469,Low,8.99,0.8112678945527234,Maintain engagement / loyalty rewards,Stable usage,Basic,High,Europe,41,0
032719c1-eafd-4963-9362-778c661ad881,0.9958370623907671,High,8.99,107.43090229071596,Offer targeted discount / personalized content,Low engagement,Basic,Low,Asia,65,1
041d3c04-aa19-4359-861a-05327029f960,0.007487344669362313,Low,13.99,1.2569754230925452,Maintain engagement / loyalty rewards,Low recent activity,Standard,High,Africa,34,0
d32f3fc2-f9df-45b7-bd91-4ed789bd17bb,0.9960728764751174,High,13.99,167.22071450264272,Offer targeted discount / personalized content,Low recent activity,Standard,Medium,South America,32,1
752d1403-7fc8-46d1-8532-f861147b73dc,0.996019121505309,High,13.99,167.21169011831128,Offer targeted discount / personalized content,Higher plan cost,Standard,Low,Asia,33,1
28652897-1058-46fd-a152-0acea9e9284f,0.9961328054779537,High,8.99,107.46280705496164,Offer targeted discount / personalized content,Low recent activity,Basic,Low,Asia,47,1
d6c4c6fc-d6ac-4f13-9518-103cc3cd52c6,0.007487089251571539,Low,17.99,1.6163128276292635,Maintain engagement / loyalty rewards,Higher plan cost,Premium,Medium,Asia,33,0
af17ffdc-f27a-4159-9c8d-addd1bfb0979,0.9959948539607183,High,13.99,167.2076160829254,Offer targeted discount / personalized content,Low recent activity,Standard,Low,Europe,67,1
ff583d32-c660-49dd-ba75-54106ef7d44a,0.007489608053130382,Low,8.99,0.8079789167717055,Maintain engagement / loyalty rewards,Stable usage,Basic,High,South America,20,0
85003a46-57ba-4ad5-8240-99d3d8b9ef27,0.007487353813248242,Low,13.99,1.2569769581681147,Maintain engagement / loyalty rewards,Low recent activity,Standard,High,Europe,43,0
0c807992-f90b-4e89-85e3-9178d3bae4a8,0.0075024575935985814,Low,13.99,1.2595125808133298,Maintain engagement / loyalty rewards,Higher plan cost,Standard,Medium,Africa,36,0
ef6d974d-c79d-4fe6-b2e8-a3d375ea37c8,0.9961319307786756,High,8.99,107.46271269240353,Offer targeted discount / personalized content,Low recent activity,Basic,Medium,Europe,54,1
16241f0a-8cfe-4ded-88f9-12e70315e6aa,0.008055364034399569,Low,13.99,1.3523345140949996,Maintain engagement / loyalty rewards,Low recent activity,Standard,Medium,Asia,26,0
1f0aa18c-1417-4ca7-9895-7dac0baee3ee,0.013714799216821588,Low,13.99,2.302440492520008,Maintain engagement / loyalty rewards,Low recent activity,Standard,Medium,North America,25,0
f229d011-40b4-4e21-ac8e-394de1b4d6bc,0.9961413323298904,High,13.99,167.23220687154202,Offer targeted discount / personalized content,Low recent activity,Standard,Low,Europe,37,1
f0a64ef5-b531-4c85-9f81-5ce41490de02,0.9961409171614053,High,8.99,107.4636821433724,Offer targeted discount / personalized content,Low recent activity,Basic,Medium,Europe,43,1
b6b3f022-6564-45d9-a070-90f66db4d09d,0.9961369933754008,High,8.99,107.46325884533825,Offer targeted discount / personalized content,Low recent activity,Basic,Low,Africa,69,1
422f3159-6fd0-42d4-9bc8-4f8dc29d531e,0.007509188324531726,Low,13.99,1.2606425359223863,Maintain engagement / loyalty rewards,Higher plan cost,Standard,High,Africa,32,0
24b27817-e433-45cf-8439-8658f84b5d2e,0.9941603755892856,High,8.99,107.25002131857212,Offer targeted discount / personalized content,Stable usage,Basic,Medium,South America,35,1
5de098c2-fa28-45bf-ae9f-f31dbaa387c0,0.9957473344058059,High,17.99,214.96193455152536,Offer targeted discount / personalized content,Low engagement,Premium,Low,Asia,29,1
d7f54be2-58dd-46b8-b43b-4ff590876743,0.9961421933838028,High,17.99,215.04717670769534,Offer targeted discount / personalized content,Low engagement,Premium,Low,North America,34,1
938fec83-206c-4bb3-8ae6-7aa0bd8e7683,0.996140820300752,High,17.99,215.04688028652635,Offer targeted discount / personalized content,Low recent activity,Premium,Low,Europe,45,1
ece05305-60ed-4148-b003-3d3fde5ac23b,0.996140030428833,High,13.99,167.2319883083925,Offer targeted discount / personalized content,Low recent activity,Standard,Low,North America,46,1
72e1395c-665a-40d9-99d4-150a7d6ba156,0.9961408963393221,High,8.99,107.46367989708608,Offer targeted discount / personalized content,Stable usage,Basic,Medium,North America,31,1
9490f2fb-6881-415d-a9c2-55855ad016fc,0.9958689166980431,High,8.99,107.43433873338489,Offer targeted discount / personalized content,Low recent activity,Basic,Medium,Asia,68,1
5bd2fa59-db60-4274-9e7c-f64de753ff84,0.9959831524920123,High,13.99,167.20565164035904,Offer targeted discount / personalized content,Low recent activity,Standard,Medium,Europe,36,1
e60ca66e-6129-4c74-9917-2039b803fb3a,0.7909014729758572,High,8.99,85.32245090463547,Offer targeted discount / personalized content,Stable usage,Basic,High,Asia,68,1
7dae5dd3-9815-4ae0-a868-c1d08eb7ec3f,0.9961413472863943,High,8.99,107.46372854525623,Offer targeted discount / personalized content,Low recent activity,Basic,Low,North America,50,1
2477d719-b049-4b4c-8f1d-d9173919eedd,0.9961380672689325,High,13.99,167.2316587331084,Offer targeted discount / personalized content,Low recent activity,Standard,Medium,Africa,18,1
375eca39-a99b-48a4-b4c0-bb0e8722d963,0.010659437539406628,Low,17.99,2.301159376007103,Maintain engagement / loyalty rewards,Higher plan cost,Premium,High,South America,34,0
d2927ae0-0518-4579-aed1-4ad9a039d1d0,0.008151633137387284,Low,17.99,1.7597745616991665,Maintain engagement / loyalty rewards,Low recent activity,Premium,Medium,Oceania,39,0
e74a58dd-5c33-41a4-a2f5-ba8f634216dc,0.007487043438053178,Low,17.99,1.6163029374069198,Maintain engagement / loyalty rewards,Higher plan cost,Premium,High,Europe,45,0
913c9b60-2bf4-495a-9e80-74719a9c5047,0.9945919359341898,High,17.99,214.7125071294729,Offer targeted discount / personalized content,Higher plan cost,Premium,Medium,Oceania,23,1
e66f76a6-9e44-4d2a-ac84-d297b96abe7c,0.007490919766303417,Low,13.99,1.2575756103670177,Maintain engagement / loyalty rewards,Higher plan cost,Standard,High,Europe,56,0
018fad5a-7be7-48ad-993f-68fe75ed0b9b,0.996127251657111,High,13.99,167.22984300819581,Offer targeted discount / personalized content,Low engagement,Standard,Low,Asia,31,1
5f0a5e42-5c88-417a-b627-1f3057237d04,0.9959916709223874,High,13.99,167.2070817144504,Offer targeted discount / personalized content,Low engagement,Standard,Low,Europe,31,1
07d43b0b-94e3-4ea5-9281-7d959494690d,0.007494851220753648,Low,13.99,1.2582356229401226,Maintain engagement / loyalty rewards,Low recent activity,Standard,High,Africa,31,0
91c22005-2619-4f68-a797-531076bc8d6a,0.007495213967827832,Low,8.99,0.8085836828492666,Maintain engagement / loyalty rewards,Stable usage,Basic,High,Asia,41,0
2a93d86f-7768-4c2d-93f0-82a7356ef894,0.9961365633543131,High,13.99,167.23140625592208,Offer targeted discount / personalized content,Low engagement,Standard,Low,Oceania,32,1
4c14bede-0e49-4c69-bd98-ad6fa46fed15,0.008082542315071831,Low,17.99,1.744859234977707,Maintain engagement / loyalty rewards,Low recent activity,Premium,Medium,Africa,67,0
44e5fbde-b513-4d69-accb-f083a5863d89,0.9961252215577214,High,8.99,107.46198890164698,Offer targeted discount / personalized content,Stable usage,Basic,Medium,Africa,46,1
090d46ba-d78e-4f49-a4c6-9bf211df3f91,0.007487154335435379,Low,17.99,1.6163268779337896,Maintain engagement / loyalty rewards,Higher plan cost,Premium,Medium,Asia,54,0
66513bd6-e31b-4dc4-9b1b-aff8caa18e88,0.007500664074842493,Low,17.99,1.6192433604769971,Maintain engagement / loyalty rewards,Higher plan cost,Premium,High,Oceania,59,0
acc43c61-4f60-49b8-a93b-4241c02b2be2,0.0074938242413114305,Low,8.99,0.8084337591526771,Maintain engagement / loyalty rewards,Stable usage,Basic,High,South America,44,0
079d22b5-cb52-4784-862a-93eb40a6fc9d,0.99614177548158,High,8.99,107.46377473895285,Offer targeted discount / personalized content,Stable usage,Basic,Low,Africa,62,1
fb137217-22e7-4472-9f24-c3e1982c0bbd,0.996141560938592,High,13.99,167.23224525037082,Offer targeted discount / personalized content,Low recent activity,Standard,Low,South America,46,1
e25dbc8a-284a-4064-bddd-ea62c7fde074,0.007494527074506307,Low,13.99,1.258181205268119,Maintain engagement / loyalty rewards,Higher plan cost,Standard,High,Africa,68,0
4a72d855-c7d1-41ea-bf1d-5e0eba3be8d8,0.9958107465835104,High,17.99,214.97562397244823,Offer targeted discount / personalized content,Higher plan cost,Premium,Medium,Oceania,28,1
ffef8fb1-3847-4535-a403-fad7ac35eb46,0.007487123258119068,Low,17.99,1.6163201689627442,Maintain engagement / loyalty rewards,Higher plan cost,Premium,Medium,Oceania,55,0
44c431b4-0f1a-4403-b701-98ab0f23f260,0.9961421402175008,High,13.99,167.23234249971404,Offer targeted discount / personalized content,Low recent activity,Standard,Low,Europe,70,1
70f8a703-4e16-495b-97b5-739c7edace9e,0.008209112275241433,Low,13.99,1.3781457687675318,Maintain engagement / loyalty rewards,Low recent activity,Standard,Low,Africa,69,0
7e829bbe-ef04-481e-88d9-8eeae0a7cac6,0.007509347086046982,Low,13.99,1.2606691888055672,Maintain engagement / loyalty rewards,Higher plan cost,Standard,High,North America,31,0
48130993-574a-4765-b5f0-5f98dba9547e,0.9958835610247341,High,8.99,107.43591856334831,Offer targeted discount / personalized content,Stable usage,Basic,Medium,North America,55,1
efc777d9-e7a2-404c-9626-3b30b333dcce,0.9961158812533814,High,13.99,167.22793414481768,Offer targeted discount / personalized content,Low recent activity,Standard,Low,Africa,40,1
e51e6d48-d863-4799-9f3d-75b6980b5d3e,0.9961405187161076,High,17.99,215.04681518043327,Offer targeted discount / personalized content,Low recent activity,Premium,Low,Oceania,36,1
ce0b32de-26ff-4f3d-bd27-9c85e6f2bf26,0.9961420311419914,High,8.99,107.46380231959805,Offer targeted discount / personalized content,Low recent activity,Basic,Low,Africa,62,1
3ef8e526-3060-49e4-b23d-7c8325593d35,0.996131331043441,High,8.99,107.46264799296642,Offer targeted discount / personalized content,Stable usage,Basic,Medium,Asia,63,1
4e3215e3-48be-4ea9-86e4-057e5ce9bf39,0.009398389016029716,Low,13.99,1.5778015480110688,Maintain engagement / loyalty rewards,Low engagement,Standard,Low,Asia,43,0
9d71a390-0c88-40da-b62e-7ff0cd29f65b,0.008091287981182393,Low,17.99,1.746747249377655,Maintain engagement / loyalty rewards,Low recent activity,Premium,Medium,Europe,18,0
11d0215f-7d5c-439a-ab60-98c27e38d982,0.00871524596796436,Low,13.99,1.4631154931018566,Maintain engagement / loyalty rewards,Higher plan cost,Standard,High,Oceania,23,0
b81e2759-c1e2-433e-a4e1-d7fe65a14464,0.00748700452728894,Low,17.99,1.6162945373511364,Maintain engagement / loyalty rewards,Higher plan cost,Premium,High,Europe,21,0
cee2b2d5-7bd7-46de-8d55-36b262b78b70,0.9961261860330639,High,8.99,107.46209294924694,Offer targeted discount / personalized content,Stable usage,Basic,Medium,Africa,53,1
c83d8343-0bd3-42a8-a312-9b6e75367d29,0.007489921297044032,Low,17.99,1.6169242096058656,Maintain engagement / loyalty rewards,Higher plan cost,Premium,High,Oceania,64,0
2c4930a3-789b-4ed5-8f39-e8c64a740269,0.007493336521358593,Low,13.99,1.2579813352056806,Maintain engagement / loyalty rewards,Higher plan cost,Standard,High,Europe,21,0
16a200cb-3249-413a-977d-6ad61271b74f,0.996142336364249,High,8.99,107.46383524697518,Offer targeted discount / personalized content,Low engagement,Basic,Low,Asia,50,1
4f6c6788-a003-4eca-b344-5e47ace30e12,0.00819955843878376,Low,13.99,1.3765418707030177,Maintain engagement / loyalty rewards,Higher plan cost,Standard,Medium,Europe,38,0
c56d6009-0b18-47d0-a605-99c63f1cf8c3,0.9958230566351338,High,13.99,167.1787747479063,Offer targeted discount / personalized content,Low engagement,Standard,Low,South America,67,1
f4db7304-7056-46c8-88dd-0b612ad71ba2,0.9961209480470996,High,13.99,167.22878475814707,Offer targeted discount / personalized content,Higher plan cost,Standard,Medium,Europe,70,1
6fb66bbb-0951-4845-a4cd-3ce9151ab345,0.9961376151366002,High,13.99,167.23158282913244,Offer targeted discount / personalized content,Low engagement,Standard,Low,Europe,58,1
ca15d77a-57d5-44c3-bcb3-a0c4d1abbbdd,0.996141368755264,High,8.99,107.46373086131788,Offer targeted discount / personalized content,Low recent activity,Basic,Low,Asia,21,1
567dc920-9ae2-41ca-b169-a6706369169f,0.007489287458206535,Low,17.99,1.6167873764776268,Maintain engagement / loyalty rewards,Higher plan cost,Premium,High,Africa,28,0
6fbc22eb-6eb2-4df2-82f7-1fa1d07d4802,0.007708190735937969,Low,8.99,0.8315596165929882,Maintain engagement / loyalty rewards,Stable usage,Basic,High,North America,61,0
c7580297-a79c-4487-a676-afefffc00a0c,0.007597157434803703,Low,8.99,0.8195813440666235,Maintain engagement / loyalty rewards,Low recent activity,Basic,High,South America,27,0
b63bbb24-3940-4377-bda2-081dc5008511,0.9960977782614927,High,13.99,167.2248950145394,Offer targeted discount / personalized content,Low recent activity,Standard,Medium,Europe,63,1
c7bd6a1e-dd9b-4ae0-8640-b800f73384ae,0.007486968515450698,Low,17.99,1.6162867631154962,Maintain engagement / loyalty rewards,Higher plan cost,Premium,High,Africa,51,0
f25ebdda-0532-43da-91be-d2ff34c108cc,0.9938905506804485,High,8.99,107.22091260740677,Offer targeted discount / personalized content,Stable usage,Basic,Medium,Oceania,40,1
b47239a1-8e93-4c1a-87b5-3ba3b6d46a77,0.007496064140743866,Low,17.99,1.6182503267037855,Maintain engagement / loyalty rewards,Low recent activity,Premium,High,Europe,47,0
c06f7f28-0fde-4b15-819b-ec1061932a50,0.9961408103038958,High,8.99,107.46367061558428,Offer targeted discount / personalized content,Low recent activity,Basic,Low,Asia,19,1
c6c8cbb4-b03d-4aa7-ae8f-591c88f61aa2,0.007488302975733762,Low,8.99,0.8078381250221582,Maintain engagement / loyalty rewards,Stable usage,Basic,High,Europe,43,0
4ef69a1f-c2b7-4e85-b0f5-318696e2675c,0.9959130361394328,High,13.99,167.19388050708798,Offer targeted discount / personalized content,Higher plan cost,Standard,Medium,North America,63,1
7a8163de-f9a8-416e-8019-79049bb31e9b,0.9961378376227413,High,13.99,167.2316201801058,Offer targeted discount / personalized content,Higher plan cost,Standard,Medium,Europe,39,1
c064e06e-7e55-493f-817f-ca67c074b251,0.9961350547930273,High,8.99,107.46304971107179,Offer targeted discount / personalized content,Low engagement,Basic,Low,Africa,20,1
b7aa7d7c-1680-4a40-9646-3fbc458fdef6,0.007491211925686194,Low,8.99,0.8081519425430266,Maintain engagement / loyalty rewards,Stable usage,Basic,High,Oceania,39,0
107172f9-17aa-4d27-9316-211b12b7ca66,0.008113576005464942,Low,17.99,1.7515587880597714,Maintain engagement / loyalty rewards,Low recent activity,Premium,Medium,Africa,30,0
e4cedabe-2ad7-4c28-ad24-34ad6ac0a7db,0.9961420845718665,High,13.99,167.23233315792496,Offer targeted discount / personalized content,Low engagement,Standard,Low,Oceania,46,1
360177a9-b5fd-4c78-ba0d-a0dad34611f6,0.996126036825013,High,8.99,107.4620768526824,Offer targeted discount / personalized content,Stable usage,Basic,Low,Africa,66,1
9cf98ae9-3ca2-4174-a7ca-0fb8969544aa,0.9961047082873794,High,17.99,215.03908442507944,Offer targeted discount / personalized content,Higher plan cost,Premium,Medium,Asia,19,1
6d0baae0-e0c5-4a4e-8e3b-97bf14be6147,0.007488316720823238,Low,17.99,1.6165778136913205,Maintain engagement / loyalty rewards,Higher plan cost,Premium,High,Asia,54,0
2d568e58-1bce-43d3-b509-529c4907feb6,0.007487042507987254,Low,13.99,1.2569246962409002,Maintain engagement / loyalty rewards,Higher plan cost,Standard,High,Africa,32,0
c154deff-4e9e-4fe4-9d67-f48908ff54d9,0.996141075149521,High,8.99,107.46369918713033,Offer targeted discount / personalized content,Low engagement,Basic,Low,Oceania,40,1
71f2e2cc-c590-4263-a857-9d41079aeca5,0.9959494745193347,High,8.99,107.44302931114582,Offer targeted discount / personalized content,Low recent activity,Basic,Low,Oceania,51,1
1750bbeb-a4d1-4fdd-9d4b-6da8f2110f83,0.009005286819093053,Low,17.99,1.9440613185058084,Maintain engagement / loyalty rewards,Low recent activity,Premium,Low,Africa,24,0
a5c9b131-7db9-49dc-bbf0-ab2cc975db2e,0.009869140130909265,Low,8.99,1.0646828373224915,Maintain engagement / loyalty rewards,Low recent activity,Basic,High,South America,50,0
f34c660c-8130-46ea-b9eb-2b94983e70f0,0.007838529074535496,Low,17.99,1.6921816566107226,Maintain engagement / loyalty rewards,Low recent activity,Premium,Medium,South America,52,0
b3df269b-9a99-4b0d-b72a-309d9eb0fdff,0.9961179402308161,High,13.99,167.2282798059494,Offer targeted discount / personalized content,Low engagement,Standard,Low,Africa,40,1
762bdb2f-9869-459d-a388-b7d7499de3d1,0.007487976795333086,Low,13.99,1.2570815444005186,Maintain engagement / loyalty rewards,Low recent activity,Standard,High,Oceania,24,0
8c5e8ece-8b04-4187-943f-c47e7452ac98,0.9961152609094206,High,17.99,215.0413625251257,Offer targeted discount / personalized content,Higher plan cost,Premium,Medium,South America,29,1
1ba7df97-738b-4bda-84bc-342e75f0bb3b,0.007496924855828739,Low,8.99,0.8087682534468044,Maintain engagement / loyalty rewards,Stable usage,Basic,High,Oceania,68,0
0b029466-21a8-4aa2-a32d-7957bc97dd15,0.008057348519686857,Low,8.99,0.869226758303818,Maintain engagement / loyalty rewards,Stable usage,Basic,High,North America,18,0
78f2bf62-fba1-46a6-833c-110010ab98ad,0.007487575770799966,Low,13.99,1.2570142204018984,Maintain engagement / loyalty rewards,Higher plan cost,Standard,High,South America,45,0
68ce89c8-a5b2-4117-b896-352c78e682a5,0.007568330733482885,Low,13.99,1.2705713635371068,Maintain engagement / loyalty rewards,Higher plan cost,Standard,High,Africa,20,0
e06fb7ea-7713-4fac-a996-c7ea9349c0f1,0.9960526329265763,High,17.99,215.02784239618927,Offer targeted discount / personalized content,Higher plan cost,Premium,Medium,North America,38,1
8c3c1be4-1e6e-44d8-8c71-d45fd198b10a,0.9960559766632613,High,13.99,167.2178773622283,Offer targeted discount / personalized content,Low engagement,Standard,Low,South America,70,1
8f7170b0-9f51-4774-88cc-a5881e14d60d,0.9959424711072632,High,13.99,167.19882204948735,Offer targeted discount / personalized content,Low recent activity,Standard,Low,Africa,25,1
391f7245-b2ef-4328-b1f0-47135a7252ce,0.9961366100557631,High,17.99,215.04597137883812,Offer targeted discount / personalized content,Low recent activity,Premium,Low,Europe,42,1
c3d0acc2-11f2-410c-bdcb-15da9958e18d,0.9961308717168391,High,17.99,215.0447325862312,Offer targeted discount / personalized content,Higher plan cost,Premium,Medium,Europe,56,1
602855b3-cd60-4b34-9201-1dfb89a22d88,0.9961421823469472,High,8.99,107.46381863158867,Offer targeted discount / personalized content,Low engagement,Basic,Low,Asia,49,1
910f20e5-3307-4e9f-928d-bf6b69fbc430,0.007487086489132859,Low,17.99,1.6163122312740015,Maintain engagement / loyalty rewards,Higher plan cost,Premium,High,Africa,25,0
05e332ce-23b3-4687-90ae-3a9a515490ff,0.9959813309601756,High,17.99,215.0124497276827,Offer targeted discount / personalized content,Low engagement,Premium,Low,Africa,39,1
5802fec8-2f12-4cea-8fe6-64a2d9038aba,0.008403647710737233,Low,17.99,1.8141794677939536,Maintain engagement / loyalty rewards,Higher plan cost,Premium,Medium,North America,37,0
4a384e91-f1c0-47f5-a245-485175a01a96,0.9961386523310585,High,13.99,167.2317569533381,Offer targeted discount / personalized content,Low recent activity,Standard,Low,North America,21,1
72636137-36a1-4188-98f6-faaa54b0a5aa,0.9961024737224713,High,13.99,167.22568328852847,Offer targeted discount / personalized content,Higher plan cost,Standard,Medium,Europe,32,1
0687c494-6a02-4c35-9ed5-4932776b9162,0.9957606549294903,High,17.99,214.96481018617834,Offer targeted discount / personalized content,Low engagement,Premium,Low,Oceania,49,1
215aac75-022a-4a4a-90c3-160a8a792257,0.007561824935187408,Low,8.99,0.8157696740080176,Maintain engagement / loyalty rewards,Stable usage,Basic,High,South America,29,0
21a179f2-e450-4d64-a10f-439788529ba6,0.007496595389064667,Low,8.99,0.8087327105722963,Maintain engagement / loyalty rewards,Stable usage,Basic,High,Oceania,56,0
16eef2bf-6be9-48c4-bc16-37c86a697011,0.007867631933013871,Low,17.99,1.6984643816990346,Maintain engagement / loyalty rewards,Low recent activity,Premium,Medium,Oceania,35,0
f53ae566-c104-415c-a1f2-4e8e5e814603,0.007487149708682165,Low,17.99,1.6163258791103057,Maintain engagement / loyalty rewards,Higher plan cost,Premium,Medium,Asia,38,0
22bb275c-104e-497a-b1eb-227b79c9a40b,0.9961421295908561,High,8.99,107.46381294026156,Offer targeted discount / personalized content,Low engagement,Basic,Low,Europe,22,1
7ce95fbf-f28c-4734-b710-35650d1be437,0.007957420228882692,Low,8.99,0.8584464942918649,Maintain engagement / loyalty rewards,Stable usage,Basic,High,North America,68,0
f96cf079-d1d5-42bb-9878-4865d631dd13,0.9961411003047956,High,8.99,107.46370190088135,Offer targeted discount / personalized content,Stable usage,Basic,Medium,North America,46,1
87d56579-1f8f-477f-a0bf-ab16a504a431,0.9958802618256616,High,8.99,107.43556264575237,Offer targeted discount / personalized content,Low recent activity,Basic,Medium,Africa,38,1
f640922d-1951-4e52-8d07-58299a016cf0,0.007494460244425466,Low,13.99,1.258169985834147,Maintain engagement / loyalty rewards,Higher plan cost,Standard,High,Oceania,31,0
7f4f807a-f985-419c-820c-17ecfd0e613a,0.996092183439092,High,13.99,167.2239557557548,Offer targeted discount / personalized content,Higher plan cost,Standard,Medium,Oceania,64,1
32eb81b5-af6f-44d3-bc33-4de00ebe132d,0.9951264061368021,High,13.99,167.06182106224634,Offer targeted discount / personalized content,Higher plan cost,Standard,Medium,Africa,42,1
79b9c555-5d7f-401d-8ac8-a13fb0c5c1cf,0.9961419237790491,High,13.99,167.23230616402677,Offer targeted discount / personalized content,Low engagement,Standard,Low,Oceania,51,1
d105d2bf-fcf9-44c6-b086-51c0d096dbb4,0.009756772092488198,Low,8.99,1.0525605733376269,Maintain engagement / loyalty rewards,Stable usage,Basic,High,Europe,23,0
42608df0-d58d-440c-8038-cc4f2352733f,0.007487131948169727,Low,17.99,1.6163220449708806,Maintain engagement / loyalty rewards,Higher plan cost,Premium,High,South America,56,0
557d44b5-24ef-4176-a0bc-33f51ec3c62a,0.9961417469081537,High,13.99,167.23227647094083,Offer targeted discount / personalized content,Low engagement,Standard,Low,Europe,59,1
6119cd5f-25ae-468c-a4c8-0e86ce0da93f,0.996140043457347,High,17.99,215.04671258157202,Offer targeted discount / personalized content,Low engagement,Premium,Low,North America,20,1
01e0e04b-2235-4fb9-8fb9-973653881bd7,0.9961414498372356,High,8.99,107.46373960844099,Offer targeted discount / personalized content,Low recent activity,Basic,Low,South America,56,1
a92b4d05-6e6e-435e-b8ab-ed160c1a0671,0.9960717523678919,High,17.99,215.0319699011805,Offer targeted discount / personalized content,Low engagement,Premium,Low,North America,22,1
8eedeb3b-2b2f-4fbf-8c78-78d95da51319,0.007491405104204696,Low,13.99,1.2576570888938843,Maintain engagement / loyalty rewards,Higher plan cost,Standard,High,Africa,65,0
0de1d06b-e229-4173-ae8f-a5e2602c629a,0.007494949455723312,Low,13.99,1.2582521146268295,Maintain engagement / loyalty rewards,Higher plan cost,Standard,High,North America,40,0
7dd16f76-9942-47b6-ae7f-fe82db8b862c,0.007487612629273954,Low,17.99,1.6164258144076609,Maintain engagement / loyalty rewards,Higher plan cost,Premium,High,South America,27,0
96fa01b4-dcd1-4b01-bff4-4c52bc6e55bf,0.007493206515828109,Low,17.99,1.6176334226369722,Maintain engagement / loyalty rewards,Low recent activity,Premium,High,North America,66,0
674799d1-2e7f-485b-bec5-b874a7d43a30,0.9917748002419557,High,8.99,106.9926654501022,Offer targeted discount / personalized content,Stable usage,Basic,Medium,Europe,70,1
e11b6d38-05be-4524-9735-a838b05d752b,0.007488393819090741,Low,17.99,1.6165944576653088,Maintain engagement / loyalty rewards,Higher plan cost,Premium,High,South America,22,0
9efe5bf3-7810-450a-a05a-4dc4ad997e2a,0.9955773249353704,High,17.99,214.92523290704776,Offer targeted discount / personalized content,Higher plan cost,Premium,Medium,Oceania,64,1
9e0064ca-ef2e-4133-92b6-baae9a0fbab5,0.007514983387730734,Low,17.99,1.6223346137433108,Maintain engagement / loyalty rewards,Low recent activity,Premium,High,Europe,58,0
88a98e69-9e49-4d28-98d7-1e0b1bce6138,0.007487155243072518,Low,17.99,1.616327073874495,Maintain engagement / loyalty rewards,Higher plan cost,Premium,High,South America,58,0
bf9da4d1-f789-4552-93e8-3b529290ed7d,0.007495387549776642,Low,8.99,0.8086024088699041,Maintain engagement / loyalty rewards,Stable usage,Basic,High,Africa,29,0
93ffabf9-401d-4998-ba07-69b25693af8f,0.9961314006833909,High,8.99,107.46265550572423,Offer targeted discount / personalized content,Stable usage,Basic,Low,Africa,34,1
7798c7b5-2c45-40bb-b512-c35124084997,0.007487557204024576,Low,17.99,1.6164138492048252,Maintain engagement / loyalty rewards,Low recent activity,Premium,High,Asia,58,0
0cf9f5e9-d094-49c5-a870-c736b66720a1,0.0075354924313538185,Low,13.99,1.265058469375679,Maintain engagement / loyalty rewards,Higher plan cost,Standard,High,Oceania,62,0
1d3013fb-2d20-4f30-b937-1df99dafb903,0.9961421361356004,High,8.99,107.46381364630858,Offer targeted discount / personalized content,Low recent activity,Basic,Low,Europe,49,1
fc43da7e-fdb4-4950-924d-1dea2738ae4c,0.9959974430626071,High,13.99,167.2080507413505,Offer targeted discount / personalized content,Higher plan cost,Standard,Medium,Oceania,47,1
e832c2fc-cd6b-419d-8c4c-e3c2a995c0da,0.9961392643410469,High,17.99,215.0465443859452,Offer targeted discount / personalized content,Low recent activity,Premium,Low,South America,38,1
d4d09568-7425-484c-876a-0d23fbd58db7,0.9959319445138084,High,17.99,215.0017881816409,Offer targeted discount / personalized content,Low engagement,Premium,Low,Asia,23,1
bad0e971-e8d5-4e75-979b-1663960b5f7f,0.007487453207330885,Low,17.99,1.6163913983985914,Maintain engagement / loyalty rewards,Higher plan cost,Premium,High,South America,46,0
d670c278-b9ea-43fc-b638-8a136c66a9d0,0.007492870400543326,Low,13.99,1.2579030828432138,Maintain engagement / loyalty rewards,Higher plan cost,Standard,High,Europe,47,0
9064a593-c430-4ce4-be40-2fce743f1440,0.9961227075899999,High,13.99,167.2290801502092,Offer targeted discount / personalized content,Higher plan cost,Standard,Medium,Africa,64,1
3513193b-7a3b-4f79-8c6c-0fdeec771f7c,0.9960769665710689,High,17.99,215.03309554336232,Offer targeted discount / personalized content,Low recent activity,Premium,Low,Europe,60,1
b906246e-44aa-441f-85c5-fc2aa946b0cb,0.007489539009742169,Low,13.99,1.2573438089555153,Maintain engagement / loyalty rewards,Higher plan cost,Standard,High,South America,59,0
05b8250f-403e-455e-8588-acfd28455970,0.9956723265546824,High,13.99,167.1534701820001,Offer targeted discount / personalized content,Low recent activity,Standard,Low,Africa,18,1
43fb462c-015a-4412-ab1e-61798120a503,0.9959207793409117,High,17.99,214.999377844116,Offer targeted discount / personalized content,Low engagement,Premium,Low,North America,61,1
5e9407b5-aba7-4f9b-a6ce-7c7d5b22d0c1,0.007493336331039001,Low,17.99,1.617661447144699,Maintain engagement / loyalty rewards,Low recent activity,Premium,High,Asia,65,0
079d4971-f869-4eb4-9d75-a43a98c3df95,0.9960695314103052,High,13.99,167.22015293316204,Offer targeted discount / personalized content,Low recent activity,Standard,Low,North America,48,1
1e25499f-f040-4626-b6d9-a923812d8aa1,0.007487032495822776,Low,17.99,1.616300575198221,Maintain engagement / loyalty rewards,Higher plan cost,Premium,High,Europe,22,0
1ce4b8f6-4a3b-433e-b6df-03b90ab10530,0.9961421477274863,High,8.99,107.46381489684123,Offer targeted discount / personalized content,Stable usage,Basic,Low,Europe,39,1
04c15b59-8639-4ca1-a09c-b3cdf6cd26e9,0.9959474728518602,High,17.99,215.0051404392596,Offer targeted discount / personalized content,Higher plan cost,Premium,Medium,Europe,29,1
9c9bcf2e-647a-4b9f-a950-dbec36feafd2,0.11722907509428801,Low,8.99,12.64667262117179,Maintain engagement / loyalty rewards,Stable usage,Basic,Medium,South America,50,0
b7b3766d-a554-4590-930c-4fac22ad5609,0.9961423154543161,High,8.99,107.46383299121162,Offer targeted discount / personalized content,Low engagement,Basic,Low,Africa,65,1
a7bce00c-ce93-4774-b7aa-19c634036995,0.007552345338874419,Low,17.99,1.6304003117562096,Maintain engagement / loyalty rewards,Higher plan cost,Premium,High,Asia,63,0
22576ce0-1d98-41da-818e-272c0718c042,0.0074872081152665484,Low,13.99,1.2569524983909481,Maintain engagement / loyalty rewards,Higher plan cost,Standard,Medium,South America,43,0
0d2a0b24-a292-4470-b7b3-ef99948c12ed,0.9960874095062069,High,17.99,215.03534996419995,Offer targeted discount / personalized content,Higher plan cost,Premium,Medium,Europe,46,1
682fdf52-1ebf-4d53-a4b0-141a586bd183,0.9961414003535684,High,8.99,107.46373427014296,Offer targeted discount / personalized content,Low engagement,Basic,Low,Africa,39,1
7e3cf4e1-5524-4c58-9e6f-181025287358,0.9961410740227556,High,17.99,215.04693506003247,Offer targeted discount / personalized content,Low recent activity,Premium,Low,Europe,33,1
7dc4b049-4b46-484c-8424-bdcc319c961a,0.9961318265531534,High,8.99,107.46270144855418,Offer targeted discount / personalized content,Low engagement,Basic,Low,Asia,54,1
778255d3-5584-4006-8e97-c9256d319ebe,0.008899880055599498,Low,13.99,1.4941118637340436,Maintain engagement / loyalty rewards,Higher plan cost,Standard,High,South America,50,0
c2228620-0aeb-4528-9afb-6c5acf3a4584,0.007491973113641863,Low,17.99,1.6173671557730054,Maintain engagement / loyalty rewards,Higher plan cost,Premium,High,Asia,50,0
c9fe7a97-ae87-4846-99cc-dffc804d029e,0.9961415990160442,High,13.99,167.23225164281348,Offer targeted discount / personalized content,Low engagement,Standard,Low,Oceania,49,1
70b56f5e-a3c0-404d-99d8-7aa2814b5a4d,0.007488239370131223,Low,8.99,0.8078312632497564,Maintain engagement / loyalty rewards,Stable usage,Basic,High,Europe,35,0
95fb8941-2b7c-429c-a1d6-d142fcebae4b,0.9961388998616123,High,13.99,167.23179850876747,Offer targeted discount / personalized content,Low engagement,Standard,Low,South America,18,1
d0eea795-1f4e-4edb-9bd6-d37816cef777,0.009294520828523046,Low,13.99,1.560364156692449,Maintain engagement / loyalty rewards,Low engagement,Standard,Low,Europe,18,0
c8778c91-31b9-4288-8522-0fc97992be4e,0.007496582129816347,Low,8.99,0.8087312801645876,Maintain engagement / loyalty rewards,Stable usage,Basic,High,Asia,28,0
21a219c6-4cd0-4da5-aea7-20e42999e21a,0.007490518738692609,Low,8.99,0.8080771615301586,Maintain engagement / loyalty rewards,Stable usage,Basic,High,North America,18,0
5561ccd8-e146-49f5-8565-f3592b99c120,0.996142182593351,High,13.99,167.23234961377176,Offer targeted discount / personalized content,Low engagement,Standard,Low,Europe,57,1
702ab0a5-683f-47fa-b391-95acd2d54a89,0.9961420144502473,High,8.99,107.46380051889268,Offer targeted discount / personalized content,Low recent activity,Basic,Low,Asia,51,1
1f1887b9-f6a0-4e02-bdde-ca416a4c59ed,0.007499118835875712,Low,8.99,0.8090049400142718,Maintain engagement / loyalty rewards,Stable usage,Basic,High,Europe,65,0
4441c4ff-a006-4c5a-98d4-31e630b35f3c,0.007487043675142293,Low,13.99,1.2569248921828882,Maintain engagement / loyalty rewards,Higher plan cost,Standard,High,North America,22,0
f74ff24c-51f6-475d-bf10-78327965060f,0.007490994815956338,Low,17.99,1.617155960868654,Maintain engagement / loyalty rewards,Higher plan cost,Premium,High,South America,59,0
fb637754-0acb-469f-adc6-8f653eb28048,0.0074869993424999575,Low,17.99,1.6162934180588908,Maintain engagement / loyalty rewards,Higher plan cost,Premium,High,Europe,29,0
82c7d813-e397-4de4-8100-fc27da80fd7f,0.007487138113870456,Low,17.99,1.616323376022354,Maintain engagement / loyalty rewards,Higher plan cost,Premium,High,North America,59,0
0f1b36d1-4484-445c-b533-065818d12a59,0.9957376546992995,High,17.99,214.95984489648478,Offer targeted discount / personalized content,Low engagement,Premium,Low,South America,19,1
3bd93596-85f5-4e95-bd11-1c6f0b3cd87d,0.007493267029833356,Low,13.99,1.2579696689684239,Maintain engagement / loyalty rewards,Low recent activity,Standard,High,North America,61,0
a5d3af2e-027f-4ff1-811c-5b08b95aa234,0.9961389186267224,High,8.99,107.46346654145083,Offer targeted discount / personalized content,Low recent activity,Basic,Medium,Africa,34,1
2d38083f-cfad-40b3-8343-c572f3d841d8,0.007487753041157871,Low,13.99,1.2570439805495834,Maintain engagement / loyalty rewards,Higher plan cost,Standard,High,Oceania,23,0
a954f81c-754f-4b5b-bf48-510a882ae1e6,0.9961401390202764,High,8.99,107.46359819750742,Offer targeted discount / personalized content,Low engagement,Basic,Low,Oceania,66,1
94efcb70-ed00-4597-ad2b-cb64e70c3fac,0.00748731874229437,Low,13.99,1.2569710704563788,Maintain engagement / loyalty rewards,Higher plan cost,Standard,Medium,Europe,59,0
6e4d182d-a3ce-4477-bc55-af71b882893a,0.008005405445729329,Low,17.99,1.7282069276240473,Maintain engagement / loyalty rewards,Higher plan cost,Premium,Medium,Oceania,22,0
135cfb15-52a8-4e74-8383-7a65f8c1bd7c,0.9960338106428154,High,8.99,107.45212749214693,Offer targeted discount / personalized content,Stable usage,Basic,Medium,Africa,62,1
c013d89c-ded5-477f-a7a1-82f17a4bc821,0.007491297937991836,Low,17.99,1.6172213988536774,Maintain engagement / loyalty rewards,Higher plan cost,Premium,High,Africa,44,0
d202349e-dd45-42e7-84a9-fa604082763f,0.007506154495037882,Low,8.99,0.8097639469246867,Maintain engagement / loyalty rewards,Stable usage,Basic,High,South America,65,0
fd689478-3167-465d-b35c-2f2238dec6b1,0.9961213958081625,High,17.99,215.0426869270661,Offer targeted discount / personalized content,Higher plan cost,Premium,Medium,Europe,31,1
f05696ed-c46f-44f2-9356-17a9b6de2f88,0.0074942001871963,Low,17.99,1.617847936411937,Maintain engagement / loyalty rewards,Higher plan cost,Premium,High,Africa,53,0
ef22bb3e-f5d3-495a-9e74-c6589bd524fb,0.008674688328711098,Low,13.99,1.4563066766240191,Maintain engagement / loyalty rewards,Low recent activity,Standard,Medium,Europe,28,0
4213e867-3c80-4fd0-b3c6-e2541d2c96ed,0.9961398439505758,High,17.99,215.0466695120503,Offer targeted discount / personalized content,Higher plan cost,Premium,Low,Asia,58,1
c07e896d-752f-4841-9fa4-aa8c9ed4acf5,0.9960114196291029,High,17.99,215.01894526953072,Offer targeted discount / personalized content,Low recent activity,Premium,Medium,South America,36,1
faaf8bca-8e08-486c-8968-51c445f22219,0.9961412452379103,High,17.99,215.04697202196007,Offer targeted discount / personalized content,Low engagement,Premium,Low,South America,66,1
1abb50cc-2669-4928-88c7-d4ab9d4c4481,0.9961411835524998,High,8.99,107.46371088164368,Offer targeted discount / personalized content,Low recent activity,Basic,Low,Africa,57,1
ebcedfc0-ae7b-4860-ad1e-3546b9425f43,0.007493215297696166,Low,8.99,0.8083680663154624,Maintain engagement / loyalty rewards,Stable usage,Basic,High,South America,47,0
0e09d94c-15d8-4621-bb91-7439249d7087,0.9960093162078673,High,13.99,167.21004400497677,Offer targeted discount / personalized content,Higher plan cost,Standard,Medium,Oceania,67,1
ac7d370b-5d58-4576-b476-0b9bc78e8750,0.008123704748645834,Low,13.99,1.3638075532026626,Maintain engagement / loyalty rewards,Low recent activity,Standard,Medium,North America,33,0
4b38a420-d599-48b2-9b49-b4d3ddfa370b,0.007487115875757053,Low,17.99,1.6163185752584321,Maintain engagement / loyalty rewards,Higher plan cost,Premium,High,Africa,22,0
068d3ec3-4558-4ce6-9c85-06f657b6bd3f,0.008150762934240632,Low,13.99,1.3683500814003173,Maintain engagement / loyalty rewards,Higher plan cost,Standard,Medium,North America,19,0
ca2c759f-eb04-494f-8fc1-cd125bf44244,0.9961416092187008,High,17.99,215.04705059813307,Offer targeted discount / personalized content,Low engagement,Premium,Low,Europe,42,1
04bde8d7-e8ac-4858-811e-4d2ed879f3b2,0.007488420741480546,Low,8.99,0.8078508295909215,Maintain engagement / loyalty rewards,Stable usage,Basic,High,Europe,23,0
731179a6-acc0-4d35-8dff-4ab8a6a427d0,0.9943117746536743,High,17.99,214.6520259122352,Offer targeted discount / personalized content,Low engagement,Premium,Low,Africa,23,1
ea275892-9e6a-4ea7-bff4-2fd8e8b52e9a,0.9675104004096979,High,8.99,104.37502199619823,Offer targeted discount / personalized content,Stable usage,Basic,High,Oceania,61,1
a2405e26-4977-4666-96f0-555b63ef33f5,0.9959679812904987,High,13.99,167.2031046990489,Offer targeted discount / personalized content,Low recent activity,Standard,Low,South America,20,1
3585efe7-1d69-4db5-ac08-839a0e8df609,0.9961422493352561,High,8.99,107.46382585828744,Offer targeted discount / personalized content,Low recent activity,Basic,Low,Asia,56,1
9fd6430d-c973-4120-8dc5-d4f4bd8b2973,0.9961409253720841,High,13.99,167.23213855146548,Offer targeted discount / personalized content,Low recent activity,Standard,Low,Africa,61,1
535accfb-6771-4dc9-98aa-94a627c9d53a,0.996142124777742,High,8.99,107.4638124210228,Offer targeted discount / personalized content,Low engagement,Basic,Low,South America,50,1
e90ac329-d5ca-425a-8ee5-e4d465f17cf1,0.0074951199536215304,Low,13.99,1.2582807378139826,Maintain engagement / loyalty rewards,Higher plan cost,Standard,Medium,Africa,31,0
a69c4c3d-1d84-4a11-afbf-096c2d9d4746,0.9961412164619039,High,8.99,107.46371443191019,Offer targeted discount / personalized content,Stable usage,Basic,Medium,Africa,59,1
089923b3-af5c-4e4d-a9ae-44fdc09c96ed,0.9959191387267076,High,17.99,214.9990236683216,Offer targeted discount / personalized content,Higher plan cost,Premium,Medium,Asia,23,1
bb281009-8f9e-4de8-a2be-18ead738858e,0.996096327789121,High,13.99,167.22465150923765,Offer targeted discount / personalized content,Low engagement,Standard,Low,Europe,40,1
4faf647b-445b-40e8-a4cc-322e3c0cf8c1,0.008828628706330964,Low,13.99,1.4821501872188423,Maintain engagement / loyalty rewards,Higher plan cost,Standard,Medium,South America,41,0
5e0c466c-778c-4fc4-959f-c9c585c28e03,0.9961416550384309,High,13.99,167.23226104785178,Offer targeted discount / personalized content,Low engagement,Standard,Low,Asia,62,1
10fb9dda-dcb6-4f56-a21a-48efd69b6947,0.00748702662696807,Low,13.99,1.2569220301353998,Maintain engagement / loyalty rewards,Higher plan cost,Standard,High,Asia,52,0
43a2287a-3941-451d-9039-112f75a510ab,0.9957433830789972,High,17.99,214.9610815390939,Offer targeted discount / personalized content,Higher plan cost,Premium,Medium,Africa,70,1
bedcd2ac-2dd8-4df1-85c4-3b099174e2e3,0.007488056140348878,Low,13.99,1.2570948648417697,Maintain engagement / loyalty rewards,Higher plan cost,Standard,High,Africa,20,0
8196b73c-db52-4aed-b976-cbaa245c008b,0.9961276370581874,High,8.99,107.46224948583726,Offer targeted discount / personalized content,Stable usage,Basic,Medium,Asia,51,1
c97606a8-478f-4114-aca0-fa17084ef4b3,0.9961420958289532,High,17.99,215.0471556475544,Offer targeted discount / personalized content,Low engagement,Premium,Low,North America,51,1
08bcd88f-9bc2-4463-bc5f-498b5a3e6c27,0.9961021994875043,High,13.99,167.22563724996223,Offer targeted discount / personalized content,Low engagement,Standard,Low,North America,20,1
9f0232a1-f6d5-4ab9-bdb4-8258c05c7d63,0.007488825177220377,Low,8.99,0.8078944601185344,Maintain engagement / loyalty rewards,Stable usage,Basic,High,Europe,62,0
19e36af2-7843-4b27-9fd1-32169a2da1fa,0.008697660577500873,Low,13.99,1.4601632577508465,Maintain engagement / loyalty rewards,Low engagement,Standard,Low,Europe,48,0
1d9e1a86-6cb4-4b0e-8c0b-8e4aad38184f,0.00790712988064921,Low,17.99,1.7069911986345514,Maintain engagement / loyalty rewards,Higher plan cost,Premium,High,North America,50,0
e4c81362-e709-4351-aab3-69e8a590ef40,0.007496086608517694,Low,8.99,0.8086778233268888,Maintain engagement / loyalty rewards,Stable usage,Basic,High,South America,48,0
b62a8e36-a7a1-434b-bc18-f55f6d0569c5,0.007650012287528414,Low,8.99,0.8252833255785652,Maintain engagement / loyalty rewards,Stable usage,Basic,High,Africa,45,0
0ec75c65-a599-4e39-8878-3455437f38d3,0.0074977235025285496,Low,13.99,1.258717821604493,Maintain engagement / loyalty rewards,Higher plan cost,Standard,High,Oceania,49,0
4f9ba8fb-4fe1-4c92-996a-313e16e6a939,0.007541899736376303,Low,13.99,1.2661341277428537,Maintain engagement / loyalty rewards,Higher plan cost,Standard,High,Europe,54,0
15dd5aab-02a9-4353-b946-129f72a1560b,0.9961381564198074,High,13.99,167.23167369975727,Offer targeted discount / personalized content,Low engagement,Standard,Low,Asia,63,1
db495161-ed07-4cd1-82d4-50a9e4c8c5c0,0.007487184128058684,Low,13.99,1.256948471418492,Maintain engagement / loyalty rewards,Higher plan cost,Standard,High,North America,25,0
bb9475e9-1a35-46a1-908e-0fcbca2b075d,0.008098754944906182,Low,13.99,1.35961898015085,Maintain engagement / loyalty rewards,Higher plan cost,Standard,Medium,Africa,29,0
bab5dc46-e42e-406c-bcde-6ec042c2379b,0.9958721593375259,High,17.99,214.98888175778507,Offer targeted discount / personalized content,Low recent activity,Premium,Medium,South America,68,1
3be193c1-71c9-4feb-8146-f7c113153a5e,0.996141687196058,High,8.99,107.46376521471075,Offer targeted discount / personalized content,Low recent activity,Basic,Medium,Asia,41,1
067df9b8-5818-4c62-b69c-7d52b011a2ee,0.9961413081587205,High,17.99,215.04698560530454,Offer targeted discount / personalized content,Low recent activity,Premium,Low,South America,35,1
e096d116-d8cc-473d-aca9-e8f785e96471,0.9961413436714859,High,8.99,107.4637281552799,Offer targeted discount / personalized content,Low recent activity,Basic,Low,Oceania,59,1
a354f784-6051-47cd-9266-f9f76ae17cf9,0.9961365243162958,High,8.99,107.463208243242,Offer targeted discount / personalized content,Stable usage,Basic,Low,South America,29,1
1d46a6b0-f972-4e84-b7e5-53c37d927a82,0.007487059636619722,Low,13.99,1.256927571795719,Maintain engagement / loyalty rewards,Higher plan cost,Standard,High,Africa,55,0
30c6845d-fcd3-4100-be4a-6939a129e80d,0.9958581420613172,High,8.99,107.4331763655749,Offer targeted discount / personalized content,Low engagement,Basic,Low,North America,28,1
ad1f7c5d-8ae0-47c9-b206-7c8815ae90c8,0.996097119086724,High,13.99,167.22478435227924,Offer targeted discount / personalized content,Higher plan cost,Standard,Low,South America,48,1
d2e9c9a4-1ffa-4197-a19a-bfc1ba75e82e,0.9959595285931687,High,13.99,167.20168566022116,Offer targeted discount / personalized content,Low engagement,Standard,Low,Oceania,45,1
789a8aba-0b46-435e-a7a7-903883ab845d,0.9960206703199667,High,17.99,215.0209423086744,Offer targeted discount / personalized content,Low recent activity,Premium,Low,Oceania,21,1
4cadb250-9598-41b1-9aa5-b69f7c146ac3,0.008733723045996662,Low,17.99,1.8854361311697594,Maintain engagement / loyalty rewards,Higher plan cost,Premium,Medium,Africa,54,0
110faa05-b3a5-4946-93c0-4d7e014cf3d4,0.9961412732923092,High,17.99,215.0469780783437,Offer targeted discount / personalized content,Low engagement,Premium,Low,North America,23,1
8408aa81-381c-4653-ad47-eff2475f2fe6,0.9961346516662241,High,8.99,107.46300622175227,Offer targeted discount / personalized content,Stable usage,Basic,Medium,Africa,24,1
846071b8-3512-4c74-8ce2-29621445a8e0,0.00748827674594289,Low,17.99,1.6165691839141512,Maintain engagement / loyalty rewards,Low recent activity,Premium,High,North America,69,0
aee0bad7-f0d3-4485-af23-b9e4dfa52fd4,0.007493674521434105,Low,13.99,1.2580380786583576,Maintain engagement / loyalty rewards,Higher plan cost,Standard,High,Africa,19,0
85c2635d-3904-4955-b4fe-1467211e58d9,0.00749140958927218,Low,17.99,1.617245502132078,Maintain engagement / loyalty rewards,Higher plan cost,Premium,High,Oceania,48,0
8a651951-8fd2-431e-968d-ed0041ad09cd,0.9961416092356495,High,17.99,215.04705060179202,Offer targeted discount / personalized content,Low engagement,Premium,Low,South America,37,1
33a5ffac-c883-407a-9910-f24995588d22,0.007486997299891315,Low,17.99,1.616292977100537,Maintain engagement / loyalty rewards,Higher plan cost,Premium,High,Oceania,30,0
5f236990-4ea0-4f3d-bad9-81da221f49ab,0.9961003247446658,High,17.99,215.03813810587843,Offer targeted discount / personalized content,Low recent activity,Premium,Medium,Asia,50,1
66fb3011-2fb9-4506-8854-e332308091c2,0.007492809833280066,Low,13.99,1.2578929148110576,Maintain engagement / loyalty rewards,Low recent activity,Standard,High,South America,23,0
de3fea5a-0bac-47ec-8304-83c1f89f049e,0.0074894446043245605,Low,13.99,1.257327960174007,Maintain engagement / loyalty rewards,Higher plan cost,Standard,High,Africa,18,0
f88695e3-3887-4837-b06e-44545116971b,0.015434474474506493,Low,17.99,3.331994349556462,Maintain engagement / loyalty rewards,Higher plan cost,Premium,Medium,South America,69,0
25786b48-b57f-43d4-8a62-b852aa91d6eb,0.9960172576503712,High,13.99,167.2113772143443,Offer targeted discount / personalized content,Higher plan cost,Standard,Low,Africa,40,1
d01b5f38-e5e2-424a-bf0f-65f51fc1d64c,0.008476261283189769,Low,8.99,0.9144190672305124,Maintain engagement / loyalty rewards,Stable usage,Basic,Medium,Europe,33,0
c480d2b5-7843-47fb-94c0-9f40c6c3d562,0.007487885695035239,Low,13.99,1.2570662504825159,Maintain engagement / loyalty rewards,Higher plan cost,Standard,High,South America,32,0
5cd95d80-f5f2-405a-b630-3b517d652c66,0.010608421693226847,Low,8.99,1.1444365322653125,Maintain engagement / loyalty rewards,Stable usage,Basic,Medium,Oceania,36,0
249f226e-b40a-41f9-93a2-32a9504d7dd9,0.0074972269328788445,Low,17.99,1.6185013502698848,Maintain engagement / loyalty rewards,Higher plan cost,Premium,High,Europe,33,0
207f3314-e691-4165-9db7-11d5209f16b8,0.007772115596353983,Low,8.99,0.8384558305346677,Maintain engagement / loyalty rewards,Stable usage,Basic,High,Europe,39,0
485e76bb-675c-4eb5-b1e2-82a4934adc5f,0.9961421671493251,High,8.99,107.46381699206918,Offer targeted discount / personalized content,Low engagement,Basic,Low,North America,28,1
d6e2c3f2-1b15-47fc-a1db-49862399a770,0.0074952758959467135,Low,17.99,1.618080160416976,Maintain engagement / loyalty rewards,Low recent activity,Premium,High,North America,44,0
daddb68f-42a4-46d6-aa0a-39a8dec340f8,0.9957543703196748,High,8.99,107.42198147008652,Offer targeted discount / personalized content,Stable usage,Basic,Medium,Europe,34,1
001b5926-1113-493d-80a4-f09012f2f43b,0.9961420754863308,High,8.99,107.46380710346537,Offer targeted discount / personalized content,Low engagement,Basic,Low,Oceania,24,1
fe3f068b-304f-4982-adbc-b2d992a4dfba,0.007487746969708622,Low,13.99,1.2570429612746836,Maintain engagement / loyalty rewards,Higher plan cost,Standard,High,Oceania,59,0
534a8d77-57a7-4b82-a0ff-f55952dc55b1,0.008328771638912057,Low,13.99,1.3982341827405562,Maintain engagement / loyalty rewards,Low engagement,Standard,Low,Oceania,32,0
30918cb9-5f0f-453f-a5ce-88069390debc,0.007498824642789016,Low,8.99,0.808973202464079,Maintain engagement / loyalty rewards,Stable usage,Basic,High,Oceania,52,0
c2d3c910-2a29-4ae5-9f49-238b32cd2b34,0.007488934876420719,Low,17.99,1.6167112611217047,Maintain engagement / loyalty rewards,Higher plan cost,Premium,High,South America,46,0
4bac5430-7ecd-45e2-99ba-f2c89c88edce,0.9954535311541122,High,13.99,167.11673881015236,Offer targeted discount / personalized content,Higher plan cost,Standard,Medium,Oceania,19,1
01758428-1a21-4640-8f6c-36c669b35b03,0.9952614520293162,High,8.99,107.36880544492263,Offer targeted discount / personalized content,Stable usage,Basic,Medium,Africa,23,1
f6b290df-1d8b-42d8-9aac-5b19f94e441f,0.9951227871954996,High,13.99,167.06121351438048,Offer targeted discount / personalized content,Low engagement,Standard,Low,Africa,69,1
1e1a8c33-1975-4586-b9e5-62c598f1ec78,0.0074931046930548,Low,13.99,1.2579424158700399,Maintain engagement / loyalty rewards,Higher plan cost,Standard,High,Oceania,24,0
d2a0a7b8-a6c8-47cc-832f-000b87721bca,0.007490572255713252,Low,8.99,0.8080829349463456,Maintain engagement / loyalty rewards,Stable usage,Basic,High,North America,65,0
5f2c7678-c330-4a6e-ab6b-2aa6446621e5,0.007493151505762031,Low,17.99,1.6176215470639073,Maintain engagement / loyalty rewards,Higher plan cost,Premium,High,South America,59,0
f67de85d-948d-472f-ac82-35eeddb732b1,0.995399693734267,High,17.99,214.8868858833535,Offer targeted discount / personalized content,Higher plan cost,Premium,Medium,Africa,46,1
c86cc60f-22f1-4233-829a-59d67a049bc7,0.9961410562068262,High,8.99,107.46369714359243,Offer targeted discount / personalized content,Low recent activity,Basic,Low,Europe,70,1
dbf49e6b-5487-4076-ad57-58e87c51afdc,0.01564827607333097,Low,8.99,1.6881360227909452,Maintain engagement / loyalty rewards,Stable usage,Basic,Medium,South America,64,0
e67ca5f6-85c4-44d9-b257-120a96520964,0.008366408989413775,Low,17.99,1.8061403726346457,Maintain engagement / loyalty rewards,Low engagement,Premium,Low,Oceania,22,0
a50f0102-dae4-47af-b71f-bbe15439c86b,0.007494233609194395,Low,8.99,0.8084779217598914,Maintain engagement / loyalty rewards,Stable usage,Basic,High,South America,21,0
e6883a9e-8210-4351-9acd-cd814c82f075,0.007509901345642408,Low,8.99,0.8101681571679031,Maintain engagement / loyalty rewards,Stable usage,Basic,High,Africa,53,0
df29e495-0935-4eb2-8330-15d416f94131,0.9954370982804027,High,13.99,167.11398005931403,Offer targeted discount / personalized content,Higher plan cost,Standard,Medium,Africa,30,1
2f4ba72c-20a1-4e4c-be17-4cdcb85aed84,0.010241250137530324,Low,8.99,1.1048260648367716,Maintain engagement / loyalty rewards,Stable usage,Basic,Medium,Europe,54,0
7f42c766-a854-4c9c-890e-fe4aa2e468d8,0.9961165659268033,High,17.99,215.04164425227827,Offer targeted discount / personalized content,Low recent activity,Premium,Low,South America,54,1
a0a99e1e-afe1-4f6a-9435-828c93f0423b,0.007881569058468381,Low,13.99,1.3231578135356719,Maintain engagement / loyalty rewards,Higher plan cost,Standard,Medium,Europe,33,0
d6517555-2524-4794-8793-69011d3f7527,0.9951394366352803,High,8.99,107.35564242421404,Offer targeted discount / personalized content,Stable usage,Basic,Medium,Asia,70,1
302a7a07-2d07-4d15-aa7c-e8000c97f321,0.007538654423562762,Low,8.99,0.8132700392139507,Maintain engagement / loyalty rewards,Low recent activity,Basic,High,North America,49,0
1ac33b59-9ffa-45ea-bce9-95b004d48235,0.008835644616617958,Low,17.99,1.9074389598354844,Maintain engagement / loyalty rewards,Higher plan cost,Premium,High,Asia,53,0
0c77bb21-f163-4c27-b2d7-cd3691c0d932,0.996141423510271,High,8.99,107.46373676828804,Offer targeted discount / personalized content,Stable usage,Basic,Low,Asia,60,1
fffbf94b-2308-4687-a8bb-12e0347a511d,0.0074878901076679575,Low,17.99,1.6164857164433584,Maintain engagement / loyalty rewards,Higher plan cost,Premium,High,Oceania,37,0
38c0cb0d-73e5-492d-86ae-af609fdc20f3,0.9961051803842395,High,17.99,215.0391863413496,Offer targeted discount / personalized content,Low recent activity,Premium,Medium,Asia,55,1
436e88e3-310d-4e5c-993d-2c984387b918,0.9961044763440956,High,8.99,107.45975090800103,Offer targeted discount / personalized content,Stable usage,Basic,Medium,Asia,65,1
c069c37d-b02d-4509-b039-bf16d73d22fb,0.9961314858224479,High,13.99,167.23055383987256,Offer targeted discount / personalized content,Low engagement,Standard,Low,Asia,18,1
33208f6c-63b0-473e-ab21-97527b057c83,0.9919860182824314,High,13.99,166.53461274925456,Offer targeted discount / personalized content,Higher plan cost,Standard,Medium,Asia,38,1
5a2186bb-646a-4b19-8c83-54a103376f3e,0.9958522395206029,High,8.99,107.43253959948262,Offer targeted discount / personalized content,Low recent activity,Basic,Medium,North America,69,1
3710e889-665a-4e74-82b4-84338bbd4ec5,0.9961414847935106,High,13.99,167.23223246713457,Offer targeted discount / personalized content,Low recent activity,Standard,Low,Africa,59,1
ff1360fb-906c-459e-b73c-dbe79d6c0bba,0.9960886020845166,High,13.99,167.22335451794865,Offer targeted discount / personalized content,Low recent activity,Standard,Medium,Oceania,20,1
4597d5ab-47a9-4d12-80a8-0babe6446f8d,0.007491745323899296,Low,8.99,0.8082094855422561,Maintain engagement / loyalty rewards,Stable usage,Basic,High,Europe,30,0
54f85781-8e1c-4902-864e-01c6f423bb3c,0.9959353311340685,High,8.99,107.44150352274332,Offer targeted discount / personalized content,Low engagement,Basic,Low,North America,49,1
5f1e4fd7-5fd5-4d17-9506-07d94708a5a6,0.9961415636855442,High,8.99,107.46375189039651,Offer targeted discount / personalized content,Low recent activity,Basic,Low,Oceania,70,1
3159a3b9-ff3a-4ecd-976b-44e795002c17,0.008071034869276267,Low,13.99,1.3549653338540997,Maintain engagement / loyalty rewards,Low recent activity,Standard,Medium,Africa,25,0
727a57d8-56dd-4b96-8e01-c0841ed37406,0.007562663112666841,Low,8.99,0.8158600965944989,Maintain engagement / loyalty rewards,Stable usage,Basic,High,South America,28,0
1a613704-dbee-4a93-b9d1-7949da2b1aab,0.995379219624407,High,13.99,167.10426339054544,Offer targeted discount / personalized content,Low engagement,Standard,Low,Europe,59,1
ce69dec0-1f59-4584-ae9b-509c66fb056a,0.008942088678916793,Low,13.99,1.5011978474165515,Maintain engagement / loyalty rewards,Low engagement,Standard,Low,South America,61,0
00bdfac1-c682-408a-b6e1-73fdbfd9453c,0.996135345753617,High,17.99,215.04569844129082,Offer targeted discount / personalized content,Low recent activity,Premium,Medium,South America,39,1
2a4fafb1-ea01-4a1b-aacc-a09cf8eb1040,0.007570546517860916,Low,8.99,0.8167105583468357,Maintain engagement / loyalty rewards,Low recent activity,Basic,High,North America,37,0
a8725398-953d-4250-af9d-f99ecb96b562,0.007495766081713001,Low,17.99,1.6181859817202027,Maintain engagement / loyalty rewards,Low recent activity,Premium,High,Asia,18,0
3160aa58-0bf6-4e81-a1af-51903f0c0588,0.007590782481320895,Low,13.99,1.274340562964152,Maintain engagement / loyalty rewards,Higher plan cost,Standard,High,Oceania,65,0
762e1664-e032-49bd-b40b-6ffc62b9f79d,0.007487094825178356,Low,13.99,1.2569334792509423,Maintain engagement / loyalty rewards,Higher plan cost,Standard,High,Europe,65,0
8965ad72-c8b5-478a-879e-8136cdd2b134,0.9958315148159906,High,17.99,214.98010741847602,Offer targeted discount / personalized content,Low engagement,Premium,Low,South America,46,1
40d27e9f-dd96-4b7b-b4c1-b9e098c71542,0.007984588423811442,Low,13.99,1.3404527045894647,Maintain engagement / loyalty rewards,Low recent activity,Standard,Medium,Europe,32,0
e26bf752-9b54-4ad5-95c0-ebfdd1985e6a,0.0075142668153779565,Low,8.99,0.810639104042974,Maintain engagement / loyalty rewards,Stable usage,Basic,High,Oceania,64,0
dbe93e6b-0841-4e21-8651-6e8ecac62efc,0.9961183730117865,High,13.99,167.22835246121872,Offer targeted discount / personalized content,Low recent activity,Standard,Low,South America,46,1
4d0d9fe7-24e6-423a-909d-9842181b5945,0.007508252585417369,Low,8.99,0.8099902889148257,Maintain engagement / loyalty rewards,Low recent activity,Basic,High,Asia,41,0
6e59af78-eae8-4862-a459-ccb4bb6c9077,0.00748962130781986,Low,17.99,1.6168594479321512,Maintain engagement / loyalty rewards,Higher plan cost,Premium,High,South America,43,0
c0f1eefc-9a25-44f6-bf4b-85d606fd6b15,0.996141030159486,High,13.99,167.2321561431745,Offer targeted discount / personalized content,Low engagement,Standard,Low,North America,28,1
ff85f5f5-218c-4a52-b148-7b8883f635aa,0.007491163733989939,Low,17.99,1.6171924268937476,Maintain engagement / loyalty rewards,Higher plan cost,Premium,High,South America,59,0
17e2425b-34d9-4947-93ef-3f2d2f3ea259,0.9959340049642555,High,13.99,167.19740075339922,Offer targeted discount / personalized content,Low recent activity,Standard,Low,Africa,69,1
c0afed78-fc9f-4375-a3a2-a4e02e01946f,0.9961421135954941,High,8.99,107.4638112146819,Offer targeted discount / personalized content,Low recent activity,Basic,Low,Asia,30,1
299e91ef-64c6-4cde-83d5-49b2c453eeb6,0.9961318754936755,High,8.99,107.46270672825773,Offer targeted discount / personalized content,Stable usage,Basic,Medium,Oceania,36,1
8303a039-6a27-43cf-9410-2bb30cd7df1a,0.007498333852923681,Low,13.99,1.2588202872288277,Maintain engagement / loyalty rewards,Higher plan cost,Standard,High,North America,64,0
a6ffb99c-83d7-4249-ad0f-6e34402a52d8,0.007487274119869066,Low,13.99,1.256963579243619,Maintain engagement / loyalty rewards,Higher plan cost,Standard,Medium,Asia,31,0
e4995385-d038-45d3-8363-db73a27d7469,0.9953033783679839,High,13.99,167.09153116041713,Offer targeted discount / personalized content,Higher plan cost,Standard,Medium,Africa,19,1
e30087d7-5154-4bed-b206-a5a3a8beb672,0.007488099215005003,Low,13.99,1.25710209621504,Maintain engagement / loyalty rewards,Higher plan cost,Standard,High,South America,63,0
c2385a8f-375b-4476-b78d-072cd47b996c,0.007505951381350298,Low,8.99,0.8097420350200701,Maintain engagement / loyalty rewards,Stable usage,Basic,High,South America,27,0
5a416884-375a-4442-b7c6-b480321dd6fd,0.9961410328128448,High,13.99,167.2321565886204,Offer targeted discount / personalized content,Low engagement,Standard,Low,South America,57,1
b35d25da-2139-4003-95ae-4692112104fc,0.9961399772520185,High,13.99,167.23197938106887,Offer targeted discount / personalized content,Low recent activity,Standard,Low,Asia,20,1
4a6f3042-0fd3-47d6-ba34-bac14e81e872,0.007487128686932678,Low,13.99,1.256939163962258,Maintain engagement / loyalty rewards,Higher plan cost,Standard,Medium,Oceania,53,0
e495cf16-e38d-4e9f-900c-2f4a9d00a0bb,0.007488413751396981,Low,17.99,1.6165987606515801,Maintain engagement / loyalty rewards,Higher plan cost,Premium,High,Asia,49,0
bdf58108-85ad-4ec0-b613-65576525b913,0.008127915287615417,Low,17.99,1.7546543522904159,Maintain engagement / loyalty rewards,Higher plan cost,Premium,Medium,Asia,69,0
a213aa66-7585-47f8-b1fa-3bd2bc3a1387,0.9956834998548528,High,17.99,214.9481539486656,Offer targeted discount / personalized content,Higher plan cost,Premium,Medium,North America,58,1
3853a2be-416d-4b36-ab0f-1e9284166094,0.9961294758970289,High,8.99,107.46244785977149,Offer targeted discount / personalized content,Stable usage,Basic,Medium,Oceania,44,1
96c14d7e-0813-4f70-be22-9198e307cc5d,0.9961359074780611,High,8.99,107.46314169873324,Offer targeted discount / personalized content,Low recent activity,Basic,Low,Oceania,20,1
9cac0e48-698a-4808-9ca9-9601ff0bd4d2,0.007487046240621671,Low,13.99,1.2569253228755661,Maintain engagement / loyalty rewards,Higher plan cost,Standard,High,Europe,67,0
b2903ea6-d58c-4ffa-bf43-3e5e6a25ca06,0.00750111332900662,Low,13.99,1.2592869056736313,Maintain engagement / loyalty rewards,Low recent activity,Standard,High,South America,69,0
edb9036d-95f9-4998-9910-78ba85869dbd,0.9961367144626585,High,13.99,167.2314316239911,Offer targeted discount / personalized content,Higher plan cost,Standard,Low,Asia,57,1
ac6eb271-0239-4957-b828-c89508fcfbea,0.007512371004269179,Low,13.99,1.2611768441967097,Maintain engagement / loyalty rewards,Higher plan cost,Standard,Medium,Oceania,62,0
9721209e-3147-456f-a2c0-81d23b4cf822,0.996137609977721,High,13.99,167.2315819630598,Offer targeted discount / personalized content,Higher plan cost,Standard,Medium,Oceania,34,1
f915a366-31c7-4a9e-9042-ca526c771219,0.9954857019734058,High,13.99,167.12213964729537,Offer targeted discount / personalized content,Higher plan cost,Standard,Medium,Europe,23,1
75532a22-9cd9-492c-8865-fa4ac7da2ec8,0.008346545055411023,Low,8.99,0.9004252805777413,Maintain engagement / loyalty rewards,Stable usage,Basic,Medium,Europe,58,0
44f3ba44-b95d-4e50-a786-bac4d06f4a43,0.0074896525091270455,Low,8.99,0.8079837126846257,Maintain engagement / loyalty rewards,Stable usage,Basic,High,Europe,19,0
18779bcb-ba2b-41da-b751-e70b812061ec,0.00750278976119253,Low,8.99,0.80940095943745,Maintain engagement / loyalty rewards,Stable usage,Basic,High,North America,67,0
3f32e8c5-615b-4a3b-a864-db2688f7834f,0.9960695015239619,High,13.99,167.22014791584272,Offer targeted discount / personalized content,Low recent activity,Standard,Medium,South America,66,1
7b0ad82d-6571-430e-90f4-906259e0e89c,0.007488611361258229,Low,8.99,0.8078713936525378,Maintain engagement / loyalty rewards,Stable usage,Basic,High,Europe,59,0
82aeef39-ddb0-40ad-bae1-5c436e0cf042,0.9961417302727755,High,8.99,107.46376986182702,Offer targeted discount / personalized content,Low engagement,Basic,Low,Africa,57,1
