{
  "dataset": {
    "rows": 5000,
    "churn_rate": 0.503
  },
  "best_model": "XGBoost",
  "models": {
    "Logistic Regression": {
      "cv": {
        "pr_auc": 0.9842535961812431,
        "roc_auc": 0.9839314215311752,
        "f1": 0.9331344767586378,
        "precision": 0.9333664843361512,
        "recall": 0.9329025844930418,
        "accuracy": 0.93275,
        "brier": 0.0501900599985696
      },
      "test": {
        "pr_auc": 0.981920837495963,
        "roc_auc": 0.9813033269197691,
        "f1": 0.9292123629112662,
        "precision": 0.932,
        "recall": 0.9264413518886679,
        "accuracy": 0.929,
        "brier": 0.05435504173507514
      }
    },
    "Decision Tree": {
      "cv": {
        "pr_auc": 0.9790650758243264,
        "roc_auc": 0.9813598289538424,
        "f1": 0.9471276054905948,
        "precision": 0.9693028095733611,
        "recall": 0.9259443339960238,
        "accuracy": 0.948,
        "brier": 0.04123321641697401
      },
      "test": {
        "pr_auc": 0.9784738057638899,
        "roc_auc": 0.9824433679612465,
        "f1": 0.9531568228105907,
        "precision": 0.9770354906054279,
        "recall": 0.9304174950298211,
        "accuracy": 0.954,
        "brier": 0.0368123733760588
      }
    },
    "Random Forest": {
      "cv": {
        "pr_auc": 0.998065789155638,
        "roc_auc": 0.9977752949106169,
        "f1": 0.9805583250249252,
        "precision": 0.9835,
        "recall": 0.9776341948310139,
        "accuracy": 0.9805,
        "brier": 0.023649905555555555
      },
      "test": {
        "pr_auc": 0.9982705926269093,
        "roc_auc": 0.9980439295814648,
        "f1": 0.9840319361277445,
        "precision": 0.9879759519038076,
        "recall": 0.9801192842942346,
        "accuracy": 0.984,
        "brier": 0.020832255555555554
      }
    },
    "XGBoost": {
      "cv": {
        "pr_auc": 0.9995334499482882,
        "roc_auc": 0.9995394834214031,
        "f1": 0.9932718664340892,
        "precision": 0.9960019990004998,
        "recall": 0.9905566600397614,
        "accuracy": 0.99325,
        "brier": 0.005758459425809194
      },
      "test": {
        "pr_auc": 0.9998620605420252,
        "roc_auc": 0.9998559948158134,
        "f1": 0.9960079840319361,
        "precision": 1.0,
        "recall": 0.9920477137176938,
        "accuracy": 0.996,
        "brier": 0.004477375238647964
      }
    }
  },
  "baselines": [
    {
      "name": "Majority class",
      "accuracy": 0.503,
      "f1": 0.669328010645376,
      "pr_auc": 0.503,
      "roc_auc": 0.5
    },
    {
      "name": "Inactive >= 27 days",
      "accuracy": 0.716,
      "f1": 0.7310606060606061,
      "pr_auc": 0.7080143711390576,
      "roc_auc": 0.7593853378721634
    }
  ],
  "calibrated_test": {
    "pr_auc": 0.999693740556693,
    "roc_auc": 0.9997559912156838,
    "f1": 0.9940119760479041,
    "precision": 0.9979959919839679,
    "recall": 0.9900596421471173,
    "accuracy": 0.994,
    "brier": 0.00537259503490532
  },
  "leakage_audit": {
    "suspects": [
      "last_login_days",
      "recency_bucket"
    ],
    "with_suspects": {
      "pr_auc": 0.9998620605420252,
      "roc_auc": 0.9998559948158134,
      "f1": 0.9960079840319361,
      "precision": 1.0,
      "recall": 0.9920477137176938,
      "accuracy": 0.996,
      "brier": 0.004477375238647964
    },
    "without_suspects": {
      "pr_auc": 0.9969469543153001,
      "roc_auc": 0.996611878027609,
      "f1": 0.9723320158102767,
      "precision": 0.9666011787819253,
      "recall": 0.9781312127236581,
      "accuracy": 0.972,
      "brier": 0.021635343527177296
    }
  },
  "drivers": [
    {
      "feature": "engagement_segment_High",
      "importance": 0.4984062612056732
    },
    {
      "feature": "engagement_segment_Low",
      "importance": 0.24320417642593384
    },
    {
      "feature": "avg_watch_time_per_day",
      "importance": 0.07638093829154968
    },
    {
      "feature": "recency_bucket_Dormant",
      "importance": 0.023659896105527878
    },
    {
      "feature": "payment_method_Crypto",
      "importance": 0.018496491014957428
    },
    {
      "feature": "subscription_type_Basic",
      "importance": 0.017298739403486252
    },
    {
      "feature": "payment_method_Gift Card",
      "importance": 0.016977472230792046
    },
    {
      "feature": "number_of_profiles",
      "importance": 0.016233712434768677
    },
    {
      "feature": "monthly_fee",
      "importance": 0.01571067050099373
    },
    {
      "feature": "watch_hours",
      "importance": 0.012452584691345692
    },
    {
      "feature": "last_login_days",
      "importance": 0.011448311619460583
    },
    {
      "feature": "recency_bucket_Lapsing",
      "importance": 0.007522681262344122
    },
    {
      "feature": "recency_bucket_Active",
      "importance": 0.004880557302385569
    },
    {
      "feature": "watch_per_profile",
      "importance": 0.0046453517861664295
    },
    {
      "feature": "engagement_segment_Medium",
      "importance": 0.002565585309639573
    }
  ]
}